year,win_0,win_1,margin
1946.0,0.0,0.0,-0.06148815
1948.0,1.0,1.0,0.104869485
1950.0,1.0,0.0,0.16446409
1952.0,1.0,1.0,0.07936081
1954.0,1.0,0.0,0.1392521
1956.0,0.0,0.0,-0.07360193
1958.0,1.0,1.0,0.08682153
1960.0,1.0,1.0,0.16916025
1962.0,1.0,1.0,0.15559244
1964.0,1.0,1.0,0.39935827
1966.0,1.0,1.0,0.16807723
1968.0,1.0,0.0,0.25156257
1970.0,1.0,1.0,0.0064237714
1972.0,1.0,1.0,0.1502741
1974.0,1.0,1.0,0.26750273
1976.0,1.0,1.0,0.15275466
1978.0,1.0,1.0,0.20239127
1980.0,1.0,0.0,0.2608236
1982.0,1.0,1.0,0.36926013
1984.0,1.0,1.0,0.2378197
1986.0,1.0,1.0,0.48799968
1988.0,1.0,1.0,0.5448855
1990.0,1.0,1.0,0.42805886
1992.0,1.0,1.0,0.36517063
1994.0,1.0,1.0,0.4858052
1996.0,1.0,0.0,0.48599952
1946.0,0.0,1.0,-0.10583711
1948.0,1.0,0.0,0.0329448
1950.0,0.0,0.0,-0.016441196
1952.0,0.0,0.0,-0.10971013
1954.0,0.0,0.0,-0.013780028
1956.0,0.0,0.0,-0.18098274
1958.0,1.0,0.0,0.06578198
1960.0,0.0,1.0,-0.0024321973
1962.0,1.0,0.0,0.016044974
1964.0,1.0,0.0,0.26531625
1966.0,1.0,0.0,0.13008046
1968.0,1.0,0.0,0.08705807
1970.0,0.0,0.0,-0.06512639
1972.0,0.0,0.0,-0.31877455
1974.0,1.0,1.0,0.19812366
1976.0,1.0,1.0,0.30983108
1978.0,1.0,0.0,0.39844477
1980.0,1.0,1.0,0.06748834
1982.0,1.0,1.0,0.12271446
1984.0,1.0,1.0,0.09196371
1986.0,1.0,1.0,0.3476909
1988.0,1.0,1.0,0.2723633
1990.0,1.0,1.0,0.19410026
1992.0,1.0,1.0,0.01596573
1994.0,1.0,1.0,0.000112861395
1996.0,1.0,1.0,0.066486865
1946.0,0.0,0.0,-0.17721009
1948.0,1.0,0.0,0.0067006648
1950.0,1.0,0.0,0.041162103
1952.0,0.0,0.0,-0.055173784
1954.0,0.0,0.0,-0.053275347
1956.0,0.0,1.0,-0.19999242
1958.0,1.0,1.0,0.12445116
1960.0,1.0,1.0,0.0982109
1962.0,1.0,1.0,0.1204271
1964.0,1.0,1.0,0.2779323
1966.0,1.0,1.0,0.116078675
1968.0,1.0,1.0,0.11542991
1970.0,1.0,1.0,0.122300625
1972.0,1.0,1.0,0.06550348
1974.0,1.0,1.0,0.3369878
1976.0,1.0,1.0,0.11188874
1978.0,1.0,0.0,0.18111685
1980.0,0.0,0.0,-0.05867073
1982.0,1.0,1.0,0.009297371
1984.0,1.0,1.0,0.054073513
1986.0,1.0,1.0,0.3929133
1988.0,1.0,0.0,0.32985666
1990.0,1.0,1.0,0.04208663
1992.0,1.0,1.0,0.31357467
1994.0,1.0,1.0,0.26898006
1996.0,1.0,1.0,0.43275195
1946.0,0.0,0.0,-0.21748826
1948.0,0.0,0.0,-0.11762807
1950.0,0.0,0.0,-0.11028755
1952.0,0.0,0.0,-0.20718631
1954.0,0.0,0.0,-0.14833525
1956.0,0.0,0.0,-0.37233794
1958.0,1.0,0.0,0.01811102
1960.0,0.0,0.0,-0.033361137
1962.0,0.0,0.0,-0.04013619
1964.0,1.0,1.0,0.036212653
1966.0,1.0,0.0,0.019154072
1968.0,0.0,0.0,-0.04079181
1970.0,0.0,0.0,-0.13971865
1972.0,0.0,0.0,-0.2616923
1974.0,0.0,0.0,-0.080035865
1976.0,0.0,0.0,-0.23953667
1978.0,0.0,0.0,-0.16727352
1980.0,0.0,0.0,-0.25154197
1982.0,0.0,0.0,-0.13592768
1984.0,0.0,0.0,-0.407879
1986.0,0.0,0.0,-0.070819855
1988.0,0.0,0.0,-0.44710717
1990.0,0.0,0.0,-0.53124595
1992.0,0.0,0.0,-0.4059543
1994.0,0.0,0.0,-0.50641227
1996.0,0.0,0.0,-0.22828087
1946.0,0.0,0.0,-0.12305376
1948.0,0.0,0.0,-0.036621153
1950.0,0.0,0.0,-0.07371324
1952.0,0.0,0.0,-0.13409257
1954.0,0.0,0.0,-0.055007577
1956.0,0.0,0.0,-0.23851013
1958.0,1.0,1.0,0.07595754
1960.0,1.0,1.0,0.10198784
1962.0,1.0,1.0,0.17029631
1964.0,1.0,1.0,0.3460447
1966.0,1.0,1.0,0.1812563
1968.0,1.0,1.0,0.12630153
1970.0,1.0,0.0,0.10465416
1972.0,0.0,0.0,-0.02366361
1974.0,0.0,0.0,-0.02435857
1976.0,0.0,0.0,-0.33763027
1978.0,1.0,1.0,0.04638183
1980.0,1.0,1.0,0.0073069334
1982.0,1.0,0.0,0.17623278
1984.0,0.0,0.0,-0.08840382
1986.0,0.0,0.0,-0.21781099
1988.0,0.0,0.0,-0.4727738
1990.0,0.0,0.0,-0.044652373
1992.0,0.0,0.0,-0.12526897
1994.0,0.0,1.0,-0.06672886
1996.0,1.0,1.0,0.06132105
1964.0,1.0,0.0,0.1749363
1966.0,0.0,0.0,-0.012190819
1968.0,0.0,0.0,-0.24575436
1970.0,1.0,1.0,0.021398306
1972.0,1.0,0.0,0.20382884
1974.0,1.0,1.0,0.27301988
1976.0,1.0,1.0,0.13660282
1978.0,1.0,1.0,0.28395656
1980.0,1.0,0.0,0.18327269
1982.0,0.0,0.0,-0.038995296
1984.0,0.0,0.0,-0.2796621
1986.0,0.0,0.0,-0.28350928
1988.0,0.0,0.0,-0.33013913
1990.0,0.0,0.0,-0.48740602
1992.0,0.0,0.0,-0.4448887
1994.0,0.0,0.0,-0.32379082
1996.0,0.0,0.0,-0.0069679916
1946.0,0.0,0.0,-0.14725658
1948.0,0.0,0.0,-0.004506737
1950.0,0.0,0.0,-0.0084552765
1952.0,0.0,0.0,-0.102009416
1954.0,0.0,0.0,-0.0200952
1956.0,0.0,0.0,-0.22900721
1958.0,1.0,1.0,0.120755315
1960.0,1.0,0.0,0.07950625
1962.0,1.0,1.0,0.054169774
1964.0,0.0,0.0,-0.0010651052
1966.0,1.0,1.0,0.051541686
1968.0,1.0,1.0,0.13246194
1970.0,1.0,1.0,0.18323681
1972.0,1.0,0.0,0.18725112
1974.0,0.0,0.0,-0.003616929
1976.0,0.0,0.0,-0.14753103
1978.0,0.0,0.0,-0.25672698
1980.0,0.0,0.0,-0.36970302
1982.0,0.0,0.0,-0.024060786
1984.0,0.0,0.0,-0.2704122
1986.0,1.0,1.0,0.09418151
1988.0,1.0,0.0,0.26435053
1990.0,1.0,1.0,0.20393309
1992.0,1.0,0.0,0.30022463
1994.0,0.0,0.0,-0.037850857
1996.0,1.0,1.0,0.10630727
1964.0,1.0,1.0,0.24008295
1966.0,1.0,1.0,0.13524222
1968.0,1.0,1.0,0.114117354
1970.0,1.0,0.0,0.28418636
1972.0,0.0,0.0,-0.08773637
1974.0,0.0,0.0,-0.4273858
1976.0,0.0,0.0,-0.57455575
1978.0,0.0,0.0,-0.0996781
1980.0,0.0,0.0,-0.57018435
1982.0,0.0,0.0,-0.3330166
1984.0,0.0,0.0,-0.53129596
1986.0,0.0,0.0,-0.54659426
1988.0,0.0,0.0,-0.3241928
1990.0,0.0,0.0,-0.02057004
1992.0,0.0,0.0,-0.07129094
1994.0,1.0,1.0,0.049454004
1996.0,1.0,1.0,0.47124714
1946.0,0.0,0.0,-0.18298072
1948.0,0.0,0.0,-0.14357042
1950.0,0.0,0.0,-0.3781344
1952.0,0.0,0.0,-0.34480408
1954.0,0.0,0.0,-0.1116617
1956.0,0.0,0.0,-0.276075
1958.0,0.0,0.0,-0.110606104
1960.0,0.0,0.0,-0.37298647
1962.0,0.0,0.0,-0.48730874
1974.0,0.0,0.0,-0.42279306
1976.0,0.0,0.0,-0.27554175
1980.0,0.0,0.0,-0.49771154
1984.0,0.0,0.0,-0.45859078
1986.0,0.0,0.0,-0.55600584
1988.0,1.0,0.0,0.6545638
1990.0,0.0,0.0,-0.55123246
1992.0,1.0,1.0,0.08099863
1996.0,1.0,1.0,0.054813027
1946.0,0.0,1.0,-0.028353095
1948.0,1.0,1.0,0.09734169
1950.0,1.0,0.0,0.09289238
1952.0,1.0,1.0,0.03852892
1954.0,1.0,1.0,0.1927211
1956.0,1.0,1.0,0.22443116
1962.0,1.0,1.0,0.3558177
1968.0,1.0,1.0,0.47292235
1976.0,1.0,1.0,0.49984655
1978.0,1.0,1.0,0.45671237
1980.0,1.0,1.0,0.45671105
1982.0,1.0,1.0,0.45263854
1984.0,1.0,1.0,0.37394643
1986.0,1.0,0.0,0.3187932
1988.0,1.0,1.0,0.60509074
1992.0,1.0,1.0,0.220348
1994.0,1.0,1.0,0.22214445
1996.0,1.0,1.0,0.49787617
1946.0,1.0,1.0,0.2431328
1948.0,1.0,1.0,0.47891927
1950.0,1.0,1.0,0.43051913
1952.0,1.0,1.0,0.3491237
1956.0,1.0,1.0,0.41884872
1962.0,1.0,1.0,0.44705275
1966.0,1.0,1.0,0.42071673
1968.0,1.0,0.0,0.20125955
1970.0,1.0,1.0,0.01982978
1974.0,1.0,1.0,0.110945106
1978.0,1.0,1.0,0.5049181
1980.0,1.0,1.0,0.4461647
1984.0,1.0,1.0,0.3482604
1992.0,0.0,0.0,-0.060893655
1994.0,0.0,0.0,-0.10440639
1996.0,1.0,1.0,0.0761511
1946.0,1.0,1.0,0.009791195
1948.0,1.0,1.0,0.18348038
1950.0,1.0,1.0,0.14366761
1952.0,1.0,1.0,0.093063
1954.0,1.0,1.0,0.14263508
1956.0,1.0,1.0,0.18863082
1958.0,1.0,1.0,0.27576146
1960.0,1.0,1.0,0.29052806
1962.0,1.0,1.0,0.80919266
1964.0,1.0,1.0,0.43506423
1968.0,1.0,1.0,0.21900344
1970.0,1.0,0.0,0.08660498
1972.0,1.0,1.0,0.04614222
1974.0,1.0,1.0,0.16119823
1976.0,1.0,1.0,0.041490704
1980.0,1.0,1.0,0.037960738
1982.0,1.0,1.0,0.19060048
1984.0,1.0,1.0,0.48399305
1986.0,1.0,1.0,0.77708864
1988.0,1.0,1.0,0.4062637
1990.0,1.0,1.0,0.31069258
1992.0,1.0,1.0,0.41505757
1996.0,1.0,1.0,0.43323004
1946.0,0.0,0.0,-0.43557566
1950.0,0.0,0.0,-0.5224961
1952.0,0.0,0.0,-0.52194506
1956.0,0.0,0.0,-0.46563753
1958.0,0.0,0.0,-0.3203654
1960.0,0.0,0.0,-0.090277344
1962.0,0.0,0.0,-0.1477401
1964.0,0.0,0.0,-0.30019632
1966.0,0.0,0.0,-0.49620104
1968.0,0.0,0.0,-0.20819128
1970.0,0.0,0.0,-0.2659621
1972.0,0.0,0.0,-0.087289244
1974.0,1.0,1.0,0.21279109
1976.0,1.0,0.0,0.34623086
1978.0,1.0,1.0,0.24016654
1980.0,1.0,1.0,0.3193893
1982.0,1.0,0.0,0.69499576
1984.0,1.0,1.0,0.067117214
1988.0,1.0,1.0,0.6823484
1990.0,1.0,0.0,0.04362151
1992.0,1.0,1.0,0.14682788
1994.0,1.0,1.0,0.3970585
1946.0,0.0,0.0,-0.404168
1950.0,0.0,0.0,-0.47427586
1954.0,0.0,0.0,-0.42359757
1960.0,0.0,0.0,-0.31857407
1962.0,0.0,0.0,-0.12378597
1964.0,0.0,0.0,-0.29212916
1966.0,0.0,0.0,-0.31411025
1968.0,0.0,0.0,-0.32157004
1970.0,1.0,1.0,0.23387551
1972.0,1.0,1.0,0.28116548
1976.0,1.0,0.0,0.13483405
1978.0,1.0,1.0,0.07523394
1980.0,1.0,1.0,0.037416905
1982.0,1.0,0.0,0.15657362
1984.0,1.0,0.0,0.4394049
1988.0,1.0,1.0,0.39421335
1990.0,1.0,0.0,0.30117103
1992.0,0.0,0.0,-0.09991601
1994.0,0.0,1.0,-0.031208068
1996.0,1.0,1.0,0.0013053715
1946.0,1.0,1.0,0.22952896
1948.0,1.0,1.0,0.5841385
1950.0,1.0,1.0,0.5770732
1952.0,1.0,1.0,0.5020968
1956.0,1.0,1.0,0.28942087
1958.0,1.0,1.0,0.5116546
1962.0,1.0,1.0,0.4316431
1964.0,1.0,1.0,0.5389509
1966.0,1.0,1.0,0.48988304
1968.0,1.0,1.0,0.25031504
1970.0,1.0,1.0,0.4444208
1972.0,1.0,1.0,0.35497868
1974.0,1.0,0.0,0.59563494
1976.0,1.0,1.0,0.5933118
1978.0,1.0,1.0,0.6968281
1982.0,1.0,1.0,0.55689204
1984.0,1.0,1.0,0.42829323
1992.0,1.0,1.0,0.34304848
1994.0,1.0,1.0,0.28896526
1996.0,1.0,1.0,0.3970883
1946.0,0.0,0.0,-0.2703526
1948.0,0.0,0.0,-0.020705074
1950.0,0.0,0.0,-0.07774708
1952.0,0.0,0.0,-0.022543818
1954.0,1.0,1.0,0.063874125
1956.0,1.0,1.0,0.095695466
1958.0,1.0,1.0,0.3271047
1960.0,1.0,1.0,0.31505668
1962.0,1.0,0.0,0.45908475
1972.0,1.0,1.0,0.77379096
1974.0,1.0,1.0,0.8099995
1976.0,1.0,0.0,0.557501
1978.0,1.0,1.0,0.53750026
1980.0,1.0,1.0,0.5677911
1982.0,1.0,1.0,0.4975283
1984.0,1.0,0.0,0.83820045
1986.0,1.0,1.0,0.4443586
1988.0,1.0,0.0,0.60869837
1990.0,1.0,0.0,0.4963795
1992.0,1.0,1.0,0.66277146
1996.0,1.0,0.0,0.68694425
1946.0,0.0,0.0,-0.23052463
1948.0,0.0,0.0,-0.13336757
1950.0,0.0,0.0,-0.16764745
1952.0,0.0,0.0,-0.18580157
1954.0,0.0,0.0,-0.131641
1956.0,0.0,0.0,-0.2218126
1958.0,0.0,0.0,-0.09377086
1960.0,0.0,0.0,-0.11413467
1964.0,1.0,1.0,0.6569866
1968.0,1.0,0.0,0.65886354
1970.0,1.0,0.0,0.3868075
1972.0,0.0,0.0,-0.02099356
1974.0,1.0,1.0,0.7862607
1976.0,1.0,1.0,0.4643163
1978.0,1.0,1.0,0.8598807
1982.0,1.0,1.0,0.2973062
1986.0,1.0,1.0,0.6757184
1990.0,1.0,1.0,0.4056232
1992.0,1.0,1.0,0.4782223
1994.0,1.0,1.0,0.3954955
1996.0,1.0,1.0,0.4449195
1946.0,0.0,0.0,-0.2793257
1948.0,0.0,0.0,-0.3907111
1950.0,0.0,0.0,-0.1626575
1952.0,0.0,0.0,-0.09232968
1954.0,0.0,0.0,-0.0132345855
1956.0,0.0,0.0,-0.059276223
1958.0,0.0,0.0,-0.043600798
1960.0,0.0,0.0,-0.16441011
1962.0,0.0,0.0,-0.30943263
1964.0,0.0,0.0,-0.25960025
1966.0,0.0,0.0,-0.021983057
1968.0,0.0,0.0,-0.34737706
1970.0,0.0,0.0,-0.14079341
1974.0,0.0,0.0,-0.28305542
1978.0,0.0,0.0,-0.22289574
1980.0,0.0,0.0,-0.21232805
1982.0,1.0,1.0,0.3743397
1984.0,1.0,1.0,0.11415967
1986.0,1.0,1.0,0.38629252
1988.0,1.0,1.0,0.33345208
1990.0,1.0,1.0,0.068164706
1992.0,1.0,1.0,0.36408123
1994.0,1.0,0.0,0.375203
1996.0,1.0,1.0,0.12611037
1946.0,1.0,1.0,0.44817758
1950.0,1.0,0.0,0.65110755
1952.0,1.0,1.0,0.39007127
1954.0,1.0,1.0,0.56464434
1956.0,1.0,1.0,0.50622094
1958.0,1.0,1.0,0.6078898
1962.0,1.0,1.0,0.28640366
1966.0,1.0,1.0,0.49563885
1976.0,1.0,0.0,0.37978005
1978.0,1.0,1.0,0.8346604
1988.0,1.0,1.0,0.6163529
1950.0,1.0,1.0,0.70368767
1952.0,1.0,1.0,0.64374673
1956.0,1.0,1.0,0.64969456
1962.0,0.0,0.0,-0.28388956
1964.0,0.0,0.0,-0.19252047
1966.0,0.0,0.0,-0.100081086
1970.0,0.0,1.0,-0.0076351166
1972.0,1.0,1.0,0.0047715902
1974.0,1.0,1.0,0.49573734
1980.0,1.0,1.0,0.46434513
1946.0,0.0,0.0,-0.35019562
1948.0,0.0,0.0,-0.13124439
1950.0,0.0,0.0,-0.24873373
1952.0,0.0,0.0,-0.21125543
1954.0,0.0,0.0,-0.15990767
1956.0,0.0,0.0,-0.11246577
1958.0,1.0,1.0,0.0701195
1960.0,1.0,1.0,0.17068851
1946.0,0.0,0.0,-0.2715498
1948.0,0.0,0.0,-0.227456
1950.0,0.0,0.0,-0.29051507
1952.0,0.0,0.0,-0.26652
1954.0,0.0,0.0,-0.24017
1956.0,0.0,0.0,-0.2476834
1958.0,0.0,0.0,-0.22082987
1960.0,0.0,0.0,-0.2062254
1946.0,0.0,0.0,-0.19499028
1948.0,0.0,0.0,-0.11590278
1950.0,0.0,0.0,-0.150388
1952.0,0.0,0.0,-0.20331791
1954.0,0.0,0.0,-0.00434801
1956.0,0.0,0.0,-0.14803517
1958.0,0.0,0.0,-0.17406899
1960.0,0.0,0.0,-0.13091409
1962.0,0.0,1.0,-0.06264922
1964.0,1.0,0.0,0.026993662
1966.0,0.0,0.0,-0.124626905
1968.0,0.0,0.0,-0.26739895
1970.0,0.0,0.0,-0.3483167
1972.0,0.0,0.0,-0.458243
1974.0,1.0,0.0,0.04266146
1976.0,1.0,1.0,0.37693062
1978.0,1.0,1.0,0.25116318
1980.0,1.0,1.0,0.21587542
1982.0,1.0,0.0,0.10369727
1984.0,0.0,0.0,-0.17829028
1986.0,0.0,0.0,-0.12708125
1988.0,0.0,0.0,-0.20627668
1990.0,0.0,0.0,-0.104882985
1992.0,0.0,0.0,-0.10700053
1994.0,0.0,0.0,-0.3689302
1996.0,0.0,0.0,-0.03423986
1946.0,0.0,0.0,-0.2971623
1948.0,0.0,0.0,-0.15651
1950.0,0.0,0.0,-0.2891878
1952.0,0.0,0.0,-0.32954147
1954.0,0.0,0.0,-0.20840982
1956.0,0.0,0.0,-0.3194398
1958.0,0.0,0.0,-0.17105469
1960.0,0.0,0.0,-0.20610654
1962.0,0.0,0.0,-0.1495839
1964.0,0.0,0.0,-0.0023828447
1966.0,0.0,0.0,-0.33625835
1968.0,0.0,0.0,-0.4228549
1970.0,0.0,0.0,-0.392568
1972.0,0.0,0.0,-0.35229972
1974.0,0.0,0.0,-0.2846156
1976.0,0.0,0.0,-0.21066809
1978.0,0.0,0.0,-0.36257255
1980.0,0.0,0.0,-0.28277874
1982.0,0.0,0.0,-0.4168487
1984.0,0.0,0.0,-0.5444911
1986.0,0.0,0.0,-0.48443565
1988.0,0.0,0.0,-0.14257395
1990.0,1.0,1.0,0.0537754
1992.0,1.0,0.0,0.25952613
1994.0,0.0,0.0,-0.054947317
1996.0,0.0,0.0,-0.070430815
1946.0,1.0,1.0,0.14051896
1948.0,1.0,1.0,0.24035916
1950.0,1.0,1.0,0.26302433
1952.0,1.0,1.0,0.09837592
1954.0,1.0,1.0,0.18255663
1956.0,1.0,1.0,0.11541343
1958.0,1.0,0.0,0.25704813
1960.0,1.0,1.0,0.32462025
1962.0,1.0,1.0,0.13529634
1964.0,1.0,1.0,0.32508186
1966.0,1.0,0.0,0.13569552
1968.0,1.0,1.0,0.21913677
1970.0,1.0,1.0,0.23536435
1972.0,1.0,0.0,0.28525794
1974.0,1.0,1.0,0.45844415
1976.0,1.0,0.0,0.2598582
1978.0,1.0,0.0,0.2248447
1980.0,1.0,1.0,0.3522508
1982.0,1.0,1.0,0.22482216
1984.0,1.0,1.0,0.37089196
1986.0,1.0,0.0,0.15423074
1988.0,0.0,0.0,-0.11265668
1990.0,0.0,0.0,-0.10320428
1992.0,0.0,0.0,-0.45283347
1994.0,1.0,1.0,0.082959086
1996.0,1.0,1.0,0.4137495
1946.0,1.0,1.0,0.05208862
1948.0,1.0,1.0,0.19311622
1950.0,1.0,1.0,0.21560022
1952.0,1.0,1.0,0.06849861
1954.0,1.0,1.0,0.21017715
1956.0,1.0,1.0,0.044184
1958.0,1.0,1.0,0.2669956
1960.0,1.0,1.0,0.4074924
1962.0,1.0,1.0,0.43597963
1964.0,1.0,1.0,0.6269984
1966.0,1.0,0.0,0.29324535
1968.0,1.0,1.0,0.22484767
1970.0,1.0,1.0,0.32538944
1972.0,1.0,0.0,0.26274693
1974.0,1.0,1.0,0.56450367
1976.0,1.0,1.0,0.5399134
1978.0,1.0,0.0,0.052202582
1980.0,0.0,0.0,-0.106173724
1982.0,0.0,0.0,-0.11275867
1984.0,0.0,0.0,-0.3548429
1986.0,0.0,0.0,-0.4362764
1988.0,0.0,0.0,-0.44246498
1990.0,1.0,1.0,0.18427825
1992.0,1.0,1.0,0.46206453
1994.0,1.0,0.0,0.35970727
1996.0,1.0,1.0,0.32752633
1988.0,0.0,0.0,-0.22343047
1990.0,0.0,0.0,-0.16567981
1946.0,0.0,0.0,-0.28653768
1948.0,0.0,0.0,-0.21592543
1950.0,0.0,0.0,-0.47892416
1952.0,0.0,0.0,-0.435678
1954.0,0.0,0.0,-0.22752091
1956.0,0.0,0.0,-0.3425741
1958.0,1.0,0.0,0.029307008
1960.0,0.0,0.0,-0.14332354
1962.0,0.0,0.0,-0.13420737
1964.0,0.0,0.0,-0.12884459
1966.0,0.0,0.0,-0.31275967
1970.0,0.0,0.0,-0.38935727
1972.0,0.0,0.0,-0.3003559
1974.0,0.0,0.0,-0.12933752
1976.0,0.0,0.0,-0.34796926
1978.0,0.0,0.0,-0.5602013
1982.0,0.0,0.0,-0.46440828
1984.0,0.0,0.0,-0.38804418
1992.0,0.0,0.0,-0.4995163
1996.0,0.0,0.0,-0.4594003
1986.0,1.0,1.0,0.32710242
1988.0,1.0,1.0,0.35033283
1990.0,1.0,0.0,0.3282215
1946.0,0.0,0.0,-0.12796018
1948.0,0.0,0.0,-0.015782535
1950.0,0.0,0.0,-0.13308707
1952.0,0.0,0.0,-0.038555413
1954.0,1.0,0.0,0.09821403
1956.0,0.0,1.0,-0.039129972
1958.0,1.0,1.0,0.004565209
1960.0,1.0,1.0,0.009714007
1962.0,1.0,1.0,0.060199797
1964.0,1.0,0.0,0.13139495
1966.0,0.0,0.0,-0.11544946
1968.0,0.0,0.0,-0.17345881
1970.0,0.0,0.0,-0.09167069
1972.0,0.0,0.0,-0.25683746
1976.0,0.0,0.0,-0.038389355
1978.0,0.0,0.0,-0.17025244
1980.0,0.0,0.0,-0.24294126
1982.0,1.0,1.0,0.06051132
1984.0,1.0,1.0,0.17044288
1992.0,0.0,0.0,-0.12896743
1994.0,0.0,0.0,-0.441787
1996.0,0.0,0.0,-0.42093685
1946.0,0.0,0.0,-0.27030256
1948.0,0.0,0.0,-0.07246986
1950.0,0.0,0.0,-0.1349088
1952.0,0.0,0.0,-0.10325125
1954.0,0.0,0.0,-0.08836341
1956.0,0.0,0.0,-0.16813144
1958.0,0.0,0.0,-0.009513766
1960.0,0.0,0.0,-0.15357855
1962.0,0.0,0.0,-0.1780771
1964.0,0.0,0.0,-0.12509546
1966.0,0.0,0.0,-0.051001787
1968.0,0.0,0.0,-0.17075378
1970.0,0.0,0.0,-0.22784877
1972.0,0.0,1.0,-0.054605246
1974.0,1.0,1.0,0.19007176
1976.0,1.0,1.0,0.4118103
1978.0,1.0,1.0,0.59304744
1980.0,1.0,1.0,0.54767525
1982.0,1.0,1.0,0.47099563
1984.0,1.0,1.0,0.44081315
1986.0,1.0,1.0,0.5203919
1988.0,1.0,0.0,0.40339547
1990.0,1.0,1.0,0.11608124
1992.0,1.0,1.0,0.38760564
1994.0,1.0,1.0,0.44534278
1996.0,1.0,1.0,0.55105484
1946.0,0.0,0.0,-0.3417927
1948.0,0.0,0.0,-0.24183881
1950.0,0.0,0.0,-0.08687559
1952.0,0.0,0.0,-0.26782894
1954.0,0.0,0.0,-0.27155155
1956.0,0.0,0.0,-0.35822618
1958.0,0.0,0.0,-0.07348305
1960.0,0.0,0.0,-0.13338462
1962.0,0.0,0.0,-0.059951663
1964.0,1.0,0.0,0.015714556
1966.0,0.0,0.0,-0.04665211
1968.0,0.0,0.0,-0.1081692
1970.0,0.0,0.0,-0.03358805
1972.0,0.0,0.0,-0.31472316
1974.0,1.0,1.0,0.16029131
1976.0,1.0,1.0,0.23441663
1978.0,1.0,1.0,0.32851884
1980.0,1.0,0.0,0.16276354
1982.0,1.0,0.0,0.3689389
1984.0,1.0,1.0,0.26471877
1986.0,1.0,1.0,0.39620522
1988.0,1.0,1.0,0.32616937
1990.0,1.0,1.0,0.763422
1992.0,1.0,0.0,0.14407638
1994.0,0.0,0.0,-0.29243875
1996.0,0.0,0.0,-0.22309461
1946.0,0.0,0.0,-0.31496897
1948.0,0.0,0.0,-0.1854232
1950.0,0.0,0.0,-0.25409415
1952.0,0.0,0.0,-0.2934716
1954.0,0.0,0.0,-0.15119207
1956.0,0.0,0.0,-0.30641794
1958.0,0.0,0.0,-0.12143615
1960.0,0.0,0.0,-0.062045902
1962.0,0.0,0.0,-0.13816634
1964.0,1.0,1.0,0.008291006
1966.0,1.0,1.0,0.060459107
1968.0,1.0,1.0,0.15838856
1970.0,1.0,1.0,0.12100655
1972.0,1.0,1.0,0.059170753
1974.0,1.0,1.0,0.39015374
1976.0,1.0,1.0,0.25022104
1978.0,1.0,1.0,0.1249975
1980.0,1.0,1.0,0.00979656
1982.0,1.0,1.0,0.26072478
1984.0,1.0,1.0,0.07524565
1986.0,1.0,0.0,0.1740179
1988.0,1.0,1.0,0.042120844
1990.0,1.0,1.0,0.026899666
1992.0,0.0,0.0,-0.2242238
1994.0,0.0,0.0,-0.35168758
1996.0,0.0,0.0,-0.30949777
1946.0,0.0,1.0,-0.052343726
1948.0,1.0,1.0,0.23010334
1950.0,1.0,1.0,0.043204784
1952.0,1.0,0.0,0.094677955
1954.0,1.0,1.0,0.16724586
1956.0,1.0,1.0,0.09069672
1958.0,1.0,1.0,0.2598468
1960.0,1.0,1.0,0.20649225
1962.0,1.0,1.0,0.2785404
1964.0,1.0,1.0,0.35230145
1966.0,1.0,1.0,0.12657613
1968.0,0.0,0.0,-0.06909713
1970.0,1.0,1.0,0.16958106
1972.0,1.0,1.0,0.16058052
1974.0,1.0,1.0,0.336591
1976.0,1.0,1.0,0.34232274
1978.0,1.0,0.0,0.24189025
1980.0,0.0,0.0,-0.16003776
1982.0,0.0,0.0,-0.061514825
1984.0,0.0,0.0,-0.22617221
1986.0,0.0,0.0,-0.22836977
1988.0,0.0,0.0,-0.32294217
1990.0,0.0,0.0,-0.2853797
1992.0,0.0,0.0,-0.26772103
1994.0,0.0,0.0,-0.37264088
1996.0,0.0,0.0,-0.29915172
1946.0,0.0,0.0,-0.22765052
1948.0,0.0,0.0,-0.16100636
1950.0,0.0,0.0,-0.23268497
1952.0,0.0,0.0,-0.2442716
1954.0,0.0,0.0,-0.1852616
1956.0,0.0,0.0,-0.2910475
1958.0,0.0,0.0,-0.116529524
1960.0,0.0,0.0,-0.17337433
1962.0,0.0,0.0,-0.32772645
1964.0,0.0,0.0,-0.2714642
1966.0,0.0,0.0,-0.43681723
1968.0,0.0,0.0,-0.3825493
1970.0,0.0,0.0,-0.34605402
1972.0,0.0,0.0,-0.2397145
1974.0,0.0,0.0,-0.098966986
1976.0,0.0,0.0,-0.35518134
1978.0,0.0,0.0,-0.45107925
1980.0,0.0,0.0,-0.5700326
1982.0,0.0,0.0,-0.3182629
1984.0,0.0,0.0,-0.42340207
1986.0,0.0,0.0,-0.49136853
1988.0,0.0,0.0,-0.52054876
1990.0,0.0,0.0,-0.5322627
1992.0,0.0,0.0,-0.46877772
1994.0,0.0,0.0,-0.5235352
1996.0,0.0,0.0,-0.46540165
1946.0,0.0,0.0,-0.31714824
1948.0,0.0,0.0,-0.1448746
1950.0,0.0,0.0,-0.2444574
1952.0,0.0,0.0,-0.28524497
1954.0,1.0,0.0,0.14126194
1956.0,0.0,0.0,-0.020912766
1958.0,0.0,0.0,-0.042369902
1960.0,0.0,0.0,-0.16332805
1962.0,0.0,0.0,-0.19869438
1964.0,0.0,0.0,-0.1948055
1966.0,0.0,0.0,-0.36267814
1968.0,0.0,0.0,-0.31750157
1970.0,0.0,0.0,-0.095674425
1972.0,0.0,0.0,-0.2667246
1974.0,0.0,0.0,-0.070046276
1976.0,0.0,0.0,-0.19069639
1978.0,0.0,0.0,-0.21980783
1980.0,0.0,0.0,-0.15034443
1982.0,1.0,1.0,0.3684632
1984.0,1.0,1.0,0.13046965
1986.0,1.0,1.0,0.40067914
1988.0,1.0,1.0,0.23042452
1990.0,1.0,0.0,0.043529302
1992.0,1.0,1.0,0.076592386
1994.0,1.0,1.0,0.22829545
1996.0,1.0,1.0,0.2517864
1946.0,0.0,0.0,-0.379655
1948.0,0.0,0.0,-0.1293172
1950.0,0.0,0.0,-0.39336312
1952.0,0.0,0.0,-0.3664546
1954.0,0.0,0.0,-0.2640276
1956.0,0.0,0.0,-0.41328785
1958.0,0.0,0.0,-0.19605675
1960.0,0.0,0.0,-0.27671173
1962.0,0.0,0.0,-0.23590007
1964.0,0.0,0.0,-0.13385299
1966.0,0.0,0.0,-0.3282827
1968.0,0.0,0.0,-0.2548599
1970.0,0.0,0.0,-0.17158446
1972.0,0.0,0.0,-0.18008798
1974.0,1.0,1.0,0.052462578
1976.0,1.0,1.0,0.13090312
1978.0,1.0,0.0,0.059114248
1980.0,0.0,0.0,-0.04209608
1982.0,0.0,0.0,-0.12710455
1984.0,0.0,0.0,-0.4876658
1986.0,0.0,0.0,-0.58082867
1988.0,0.0,0.0,-0.49217424
1990.0,0.0,0.0,-0.5149013
1992.0,0.0,0.0,-0.10646883
1994.0,0.0,0.0,-0.20851094
1996.0,0.0,0.0,-0.13559729
1946.0,0.0,0.0,-0.42351747
1948.0,0.0,0.0,-0.0011882782
1950.0,0.0,0.0,-0.275947
1952.0,0.0,0.0,-0.2762929
1954.0,0.0,0.0,-0.09645912
1956.0,0.0,0.0,-0.22075182
1958.0,0.0,0.0,-0.16910356
1960.0,1.0,1.0,0.08230415
1962.0,1.0,1.0,0.30799374
1964.0,1.0,1.0,0.35264498
1966.0,1.0,1.0,0.2136971
1968.0,1.0,0.0,0.23163879
1970.0,1.0,1.0,0.21975836
1972.0,1.0,1.0,0.2617525
1974.0,1.0,1.0,0.4931305
1976.0,1.0,1.0,0.41548422
1978.0,1.0,1.0,0.48912552
1980.0,1.0,1.0,0.357719
1982.0,1.0,1.0,0.42155743
1984.0,1.0,1.0,0.25776818
1986.0,1.0,1.0,0.25575534
1990.0,1.0,0.0,0.5845984
1992.0,1.0,0.0,0.05863148
1994.0,0.0,0.0,-0.012966186
1996.0,1.0,0.0,0.032378495
1946.0,0.0,0.0,-0.38107228
1948.0,0.0,0.0,-0.24490628
1950.0,0.0,0.0,-0.25021145
1952.0,0.0,0.0,-0.3286574
1954.0,0.0,0.0,-0.20465481
1956.0,0.0,0.0,-0.35916606
1958.0,0.0,0.0,-0.15433952
1960.0,0.0,0.0,-0.16456822
1962.0,0.0,0.0,-0.14789578
1964.0,1.0,1.0,0.010892391
1966.0,1.0,1.0,0.017552495
1968.0,1.0,1.0,0.011908114
1970.0,1.0,1.0,0.13976786
1972.0,1.0,1.0,0.115712374
1974.0,1.0,0.0,0.31570593
1976.0,0.0,0.0,-0.08762801
1978.0,0.0,0.0,-0.11048582
1980.0,0.0,0.0,-0.207665
1982.0,1.0,1.0,0.06992757
1984.0,1.0,1.0,0.25277486
1986.0,1.0,1.0,0.38047126
1988.0,1.0,1.0,0.3482321
1990.0,1.0,1.0,0.15838775
1992.0,1.0,1.0,0.21369141
1994.0,1.0,0.0,0.26476657
1996.0,1.0,1.0,0.13578439
1946.0,0.0,1.0,-0.06738958
1948.0,1.0,1.0,0.04986778
1950.0,1.0,1.0,0.22029379
1952.0,1.0,1.0,0.1510013
1954.0,1.0,1.0,0.26745224
1956.0,1.0,1.0,0.122371554
1958.0,1.0,1.0,0.2909029
1960.0,1.0,1.0,0.32008272
1962.0,1.0,1.0,0.46237946
1964.0,1.0,1.0,0.48975772
1966.0,1.0,1.0,0.3154757
1968.0,1.0,1.0,0.29441455
1970.0,1.0,1.0,0.39958408
1972.0,1.0,1.0,0.5949669
1974.0,1.0,1.0,0.6585187
1976.0,1.0,1.0,0.66603607
1978.0,1.0,1.0,0.73706824
1980.0,1.0,1.0,0.7213402
1982.0,1.0,1.0,0.6691617
1984.0,1.0,1.0,0.67339575
1986.0,1.0,0.0,0.9187139
1988.0,1.0,1.0,0.6470363
1990.0,1.0,1.0,0.6413154
1992.0,1.0,1.0,0.5822752
1994.0,1.0,1.0,0.5397894
1996.0,1.0,1.0,0.69535285
1946.0,0.0,0.0,-0.22946322
1948.0,1.0,1.0,0.015627831
1950.0,1.0,1.0,0.04083386
1952.0,1.0,1.0,0.05976957
1954.0,1.0,1.0,0.15012044
1956.0,1.0,1.0,0.049134135
1958.0,1.0,1.0,0.1868242
1960.0,1.0,0.0,0.2515563
1962.0,1.0,1.0,0.22072527
1964.0,1.0,1.0,0.39270183
1966.0,1.0,1.0,0.17498177
1968.0,1.0,1.0,0.32251373
1970.0,1.0,1.0,0.36911225
1972.0,1.0,1.0,0.17828101
1974.0,1.0,1.0,0.3982857
1976.0,1.0,1.0,0.36491656
1978.0,1.0,1.0,0.42063048
1980.0,1.0,1.0,0.2870986
1982.0,1.0,0.0,0.29535365
1984.0,0.0,0.0,-0.11524403
1986.0,0.0,0.0,-0.36038873
1988.0,0.0,0.0,-0.40961686
1990.0,0.0,0.0,-0.32345998
1992.0,0.0,0.0,-0.4444039
1994.0,0.0,0.0,-0.43243682
1996.0,0.0,0.0,-0.35409042
1946.0,0.0,0.0,-0.28907925
1948.0,0.0,0.0,-0.036396742
1950.0,0.0,0.0,-0.08435613
1952.0,0.0,0.0,-0.09615147
1954.0,0.0,0.0,-0.06133762
1956.0,0.0,0.0,-0.20990673
1958.0,0.0,0.0,-0.07370466
1960.0,0.0,0.0,-0.02497539
1962.0,0.0,0.0,-0.058649063
1964.0,1.0,0.0,0.064095676
1966.0,0.0,0.0,-0.49982262
1968.0,0.0,0.0,-0.43132266
1970.0,0.0,0.0,-0.32397398
1972.0,0.0,0.0,-0.27305037
1974.0,1.0,1.0,0.3261133
1976.0,0.0,0.0,-0.4687263
1978.0,0.0,0.0,-0.46743715
1980.0,0.0,0.0,-0.5621793
1982.0,0.0,0.0,-0.34425226
1984.0,0.0,0.0,-0.30669394
1986.0,0.0,0.0,-0.26971364
1988.0,0.0,0.0,-0.393768
1990.0,0.0,0.0,-0.32950807
1992.0,0.0,0.0,-0.33429387
1994.0,0.0,0.0,-0.37965053
1996.0,0.0,0.0,-0.037950218
1946.0,1.0,1.0,0.30778793
1948.0,1.0,0.0,0.36106905
1950.0,1.0,1.0,0.105323315
1952.0,1.0,1.0,0.13907167
1954.0,1.0,1.0,0.33835423
1956.0,1.0,0.0,0.00046736002
1958.0,1.0,1.0,0.41234225
1960.0,1.0,1.0,0.3660896
1962.0,1.0,1.0,0.5606018
1964.0,1.0,1.0,0.5565471
1966.0,1.0,1.0,0.43661392
1968.0,1.0,1.0,0.20699838
1970.0,1.0,0.0,0.45578787
1972.0,0.0,1.0,-0.12768206
1974.0,1.0,1.0,0.14564371
1976.0,1.0,0.0,0.025070459
1978.0,0.0,0.0,-0.0368388
1980.0,0.0,0.0,-0.45277986
1982.0,0.0,0.0,-0.20350537
1984.0,0.0,0.0,-0.22293672
1986.0,0.0,0.0,-0.307179
1988.0,0.0,0.0,-0.38961378
1990.0,0.0,0.0,-0.18642092
1992.0,1.0,1.0,0.33724284
1994.0,1.0,1.0,0.45688042
1996.0,1.0,1.0,0.61466616
1946.0,1.0,1.0,0.26795736
1948.0,1.0,1.0,0.2557638
1950.0,1.0,1.0,0.18458363
1952.0,1.0,0.0,0.06137705
1954.0,1.0,0.0,0.27478063
1956.0,0.0,0.0,-0.06696838
1958.0,1.0,1.0,0.29893053
1960.0,1.0,1.0,0.15672278
1962.0,1.0,1.0,0.42745644
1964.0,1.0,1.0,0.49205193
1966.0,1.0,1.0,0.39435342
1968.0,1.0,1.0,0.24379909
1970.0,1.0,1.0,0.41791448
1972.0,1.0,1.0,0.2696911
1974.0,1.0,0.0,0.6378361
1976.0,1.0,0.0,0.04670635
1978.0,1.0,1.0,0.4333871
1980.0,1.0,1.0,0.30506533
1982.0,1.0,1.0,0.51943827
1984.0,1.0,1.0,0.3244662
1986.0,1.0,1.0,0.4397113
1988.0,1.0,1.0,0.36718467
1990.0,1.0,0.0,0.36842647
1962.0,1.0,1.0,0.13422737
1964.0,1.0,1.0,0.26291454
1966.0,1.0,1.0,0.15464103
1968.0,1.0,1.0,0.09799513
1970.0,1.0,1.0,0.22111559
1972.0,1.0,1.0,0.046679616
1974.0,1.0,1.0,0.4350641
1976.0,1.0,1.0,0.28738964
1978.0,1.0,0.0,0.024472326
1980.0,1.0,1.0,0.09617439
1946.0,0.0,0.0,-0.5622904
1948.0,0.0,0.0,-0.34383014
1950.0,1.0,0.0,0.00086930394
1952.0,0.0,0.0,-0.2116029
1954.0,0.0,0.0,-0.2641984
1956.0,0.0,0.0,-0.31669995
1958.0,0.0,1.0,-0.14928663
1960.0,1.0,1.0,0.007360816
1962.0,1.0,1.0,0.23412994
1964.0,1.0,1.0,0.29845914
1966.0,1.0,1.0,0.252425
1968.0,0.0,0.0,-0.18006557
1970.0,1.0,1.0,0.04438436
1972.0,1.0,1.0,0.15602937
1974.0,1.0,1.0,0.36367315
1976.0,1.0,0.0,0.35599223
1978.0,0.0,0.0,-0.1431612
1980.0,0.0,0.0,-0.14467496
1982.0,0.0,0.0,-0.2785591
1984.0,0.0,1.0,-0.061900973
1986.0,1.0,1.0,0.089490265
1988.0,1.0,1.0,0.015854716
1990.0,1.0,1.0,0.21582514
1992.0,1.0,0.0,0.034638524
1994.0,0.0,0.0,-0.060061544
1996.0,0.0,0.0,-0.09442747
1946.0,0.0,0.0,-0.56711996
1948.0,0.0,0.0,-0.38710746
1950.0,0.0,0.0,-0.35877413
1952.0,0.0,0.0,-0.40402323
1954.0,0.0,0.0,-0.27858117
1956.0,0.0,0.0,-0.3492894
1958.0,0.0,0.0,-0.21076092
1960.0,0.0,0.0,-0.21980414
1962.0,0.0,0.0,-0.113913655
1964.0,0.0,0.0,-0.032913208
1966.0,0.0,0.0,-0.20520636
1968.0,1.0,1.0,0.4052678
1970.0,0.0,0.0,-0.3228303
1972.0,0.0,0.0,-0.33039105
1974.0,1.0,1.0,0.04139772
1976.0,1.0,1.0,0.14687747
1978.0,1.0,1.0,0.097224236
1980.0,1.0,1.0,0.12692013
1982.0,1.0,1.0,0.30116326
1984.0,1.0,1.0,0.093875945
1986.0,1.0,1.0,0.31909466
1988.0,1.0,1.0,0.23293129
1990.0,1.0,0.0,0.19525021
1992.0,0.0,0.0,-0.06347647
1994.0,0.0,0.0,-0.40200716
1996.0,0.0,0.0,-0.31033137
1946.0,0.0,0.0,-0.47122973
1948.0,0.0,0.0,-0.21224594
1950.0,0.0,0.0,-0.22624299
1952.0,0.0,0.0,-0.34311345
1954.0,0.0,0.0,-0.16672811
1956.0,0.0,0.0,-0.238624
1958.0,0.0,0.0,-0.08831981
1960.0,0.0,0.0,-0.08222374
1962.0,0.0,0.0,-0.18344572
1964.0,1.0,1.0,0.01376152
1966.0,1.0,1.0,0.0051324368
1968.0,0.0,0.0,-0.11826679
1970.0,1.0,1.0,0.16260695
1972.0,0.0,0.0,-0.15469867
1974.0,1.0,1.0,0.056905687
1976.0,1.0,1.0,0.05203405
1978.0,1.0,0.0,0.029335827
1980.0,0.0,0.0,-0.025976777
1982.0,1.0,1.0,0.058564723
1984.0,1.0,1.0,0.030888557
1986.0,1.0,1.0,0.15873167
1988.0,1.0,1.0,0.16590726
1990.0,1.0,0.0,0.10172731
1992.0,0.0,0.0,-0.03104657
1994.0,0.0,0.0,-0.19257504
1996.0,0.0,0.0,-0.13159284
1946.0,0.0,0.0,-0.17663455
1948.0,1.0,1.0,0.030121297
1950.0,1.0,0.0,0.12369394
1952.0,0.0,0.0,-0.26639372
1954.0,0.0,0.0,-0.13908711
1956.0,0.0,0.0,-0.11621714
1958.0,0.0,0.0,-0.051296026
1960.0,0.0,0.0,-0.10158667
1962.0,0.0,0.0,-0.13682142
1964.0,0.0,0.0,-0.09938207
1966.0,0.0,0.0,-0.27617016
1968.0,1.0,1.0,0.42887577
1970.0,0.0,0.0,-0.21986467
1972.0,0.0,0.0,-0.26434332
1974.0,0.0,0.0,-0.09940705
1976.0,0.0,0.0,-0.11622965
1978.0,0.0,0.0,-0.33637354
1980.0,0.0,0.0,-0.3576497
1982.0,0.0,0.0,-0.2400429
1984.0,0.0,0.0,-0.4079687
1986.0,0.0,0.0,-0.35910967
1988.0,0.0,0.0,-0.4250926
1990.0,0.0,0.0,-0.29304105
1992.0,0.0,0.0,-0.04679033
1994.0,0.0,0.0,-0.12876436
1996.0,1.0,1.0,0.16975242
1946.0,0.0,0.0,-0.06088391
1948.0,1.0,1.0,0.06698403
1950.0,1.0,0.0,0.07269314
1952.0,0.0,0.0,-0.0811871
1954.0,0.0,0.0,-0.07828447
1956.0,0.0,0.0,-0.17117286
1958.0,0.0,0.0,-0.0841555
1960.0,1.0,1.0,0.08356187
1962.0,0.0,0.0,-0.14994952
1964.0,1.0,1.0,0.11585638
1966.0,1.0,0.0,0.012645245
1968.0,0.0,0.0,-0.014139652
1970.0,0.0,0.0,-0.0494062
1972.0,0.0,0.0,-0.30730724
1974.0,0.0,0.0,-0.084723115
1976.0,0.0,0.0,-0.11349213
1978.0,0.0,0.0,-0.16745424
1980.0,0.0,0.0,-0.15305316
1982.0,0.0,0.0,-0.19366872
1984.0,0.0,0.0,-0.273715
1986.0,0.0,0.0,-0.36324468
1988.0,0.0,0.0,-0.31812286
1990.0,0.0,0.0,-0.13671246
1992.0,1.0,1.0,0.07384586
1994.0,1.0,1.0,0.11727479
1996.0,1.0,1.0,0.28654346
1946.0,0.0,0.0,-0.07695094
1948.0,1.0,0.0,0.14802065
1950.0,1.0,1.0,0.17875516
1952.0,1.0,1.0,0.0025285482
1954.0,1.0,1.0,0.08978307
1956.0,1.0,1.0,0.13704816
1958.0,1.0,1.0,0.27123344
1960.0,1.0,0.0,0.3123343
1962.0,0.0,0.0,-0.26642513
1964.0,0.0,0.0,-0.14106366
1966.0,0.0,0.0,-0.29614222
1968.0,1.0,1.0,0.27445018
1972.0,1.0,1.0,0.030951113
1974.0,1.0,1.0,0.3341284
1976.0,1.0,1.0,0.28500056
1978.0,1.0,0.0,0.27112463
1980.0,0.0,0.0,-0.056203723
1982.0,1.0,1.0,0.91815746
1984.0,1.0,0.0,0.65494907
1986.0,1.0,1.0,0.35479152
1988.0,1.0,1.0,0.7174634
1990.0,1.0,1.0,0.5125575
1992.0,1.0,1.0,0.62080574
1994.0,1.0,1.0,0.608894
1996.0,1.0,0.0,0.6970953
1946.0,1.0,1.0,0.15052524
1948.0,1.0,1.0,0.19953978
1950.0,1.0,1.0,0.20512852
1952.0,1.0,1.0,0.036897063
1954.0,1.0,1.0,0.17928457
1956.0,1.0,1.0,0.00065401196
1958.0,1.0,1.0,0.22276178
1960.0,1.0,1.0,0.213662
1962.0,1.0,1.0,0.18537438
1964.0,1.0,1.0,0.41468278
1966.0,1.0,1.0,0.40917274
1968.0,0.0,0.0,-0.21757218
1970.0,1.0,1.0,0.8150171
1972.0,1.0,1.0,0.5442641
1976.0,1.0,1.0,0.8996057
1978.0,1.0,1.0,0.89779353
1980.0,1.0,1.0,0.9067235
1982.0,1.0,0.0,0.5437181
1984.0,1.0,1.0,0.38501462
1986.0,1.0,1.0,0.5473037
1992.0,1.0,1.0,0.13899419
1994.0,1.0,1.0,0.7427883
1996.0,1.0,0.0,0.42145303
1946.0,1.0,1.0,0.07763374
1948.0,1.0,0.0,0.3910228
1950.0,1.0,0.0,0.34779426
1952.0,1.0,0.0,0.32639557
1954.0,1.0,1.0,0.5533978
1956.0,1.0,1.0,0.3129096
1958.0,1.0,1.0,0.43305922
1960.0,1.0,0.0,0.4579589
1962.0,1.0,1.0,0.32764196
1964.0,1.0,1.0,0.52631897
1966.0,1.0,1.0,0.47543913
1968.0,1.0,1.0,0.481429
1970.0,1.0,1.0,0.2566545
1972.0,1.0,1.0,0.29407072
1974.0,1.0,1.0,0.5799614
1976.0,1.0,1.0,0.55928797
1978.0,1.0,1.0,0.6271612
1980.0,1.0,1.0,0.5125865
1982.0,1.0,1.0,0.79056454
1984.0,1.0,1.0,0.25540152
1986.0,1.0,1.0,0.8038169
1990.0,1.0,0.0,0.44527304
1992.0,1.0,1.0,0.6622574
1994.0,1.0,1.0,0.662366
1996.0,1.0,1.0,0.66051567
1946.0,1.0,1.0,0.16497552
1948.0,1.0,1.0,0.31079707
1950.0,1.0,1.0,0.81955874
1952.0,1.0,1.0,0.25407627
1954.0,1.0,1.0,0.43777522
1956.0,1.0,1.0,0.25592646
1958.0,1.0,1.0,0.44138598
1960.0,1.0,1.0,0.44606268
1962.0,1.0,1.0,0.23682216
1964.0,1.0,1.0,0.3658953
1966.0,1.0,1.0,0.13507837
1968.0,1.0,1.0,0.06986737
1970.0,1.0,1.0,0.8377236
1974.0,1.0,1.0,0.8603399
1976.0,1.0,0.0,0.902027
1978.0,1.0,1.0,0.09750283
1980.0,1.0,1.0,0.17669162
1982.0,1.0,0.0,0.5342735
1984.0,1.0,1.0,0.05549395
1986.0,1.0,1.0,0.447146
1990.0,1.0,1.0,0.39980602
1992.0,1.0,1.0,0.77214324
1994.0,1.0,1.0,0.45229316
1996.0,1.0,0.0,0.5350003
1946.0,1.0,1.0,0.2410906
1948.0,1.0,0.0,0.30043843
1950.0,1.0,1.0,0.41503528
1952.0,1.0,1.0,0.42492557
1954.0,1.0,1.0,0.55341417
1956.0,1.0,1.0,0.46431735
1958.0,1.0,1.0,0.5221032
1960.0,1.0,1.0,0.5317732
1962.0,1.0,1.0,0.61929893
1964.0,1.0,1.0,0.75065136
1966.0,1.0,1.0,0.641361
1968.0,1.0,1.0,0.4105958
1970.0,1.0,0.0,0.45941713
1974.0,1.0,1.0,0.7123559
1976.0,1.0,1.0,0.8654042
1978.0,1.0,1.0,0.90051305
1980.0,1.0,1.0,0.9054876
1982.0,1.0,1.0,0.6004883
1984.0,1.0,1.0,0.4616356
1986.0,1.0,1.0,0.8661939
1988.0,1.0,1.0,0.6062291
1990.0,1.0,1.0,0.6084573
1992.0,1.0,1.0,0.9152459
1994.0,1.0,1.0,0.797954
1996.0,1.0,1.0,0.83358306
1946.0,1.0,1.0,0.20818758
1948.0,1.0,1.0,0.2465905
1950.0,1.0,0.0,0.33525163
1952.0,1.0,1.0,0.5217959
1954.0,1.0,1.0,0.67076623
1956.0,1.0,1.0,0.55484486
1958.0,1.0,1.0,0.62750983
1960.0,1.0,1.0,0.63252234
1962.0,1.0,1.0,0.43178514
1964.0,1.0,0.0,0.6021064
1966.0,1.0,1.0,0.48755383
1968.0,1.0,1.0,0.51229423
1970.0,1.0,1.0,0.6636445
1972.0,1.0,0.0,0.32544753
1974.0,1.0,1.0,0.5800859
1976.0,1.0,1.0,0.5728477
1978.0,1.0,0.0,0.56900656
1980.0,1.0,0.0,0.45303497
1982.0,1.0,1.0,0.74256545
1984.0,1.0,1.0,0.7206514
1986.0,1.0,1.0,0.80736226
1988.0,1.0,1.0,0.79772246
1990.0,1.0,1.0,0.8861635
1992.0,1.0,1.0,0.8859218
1994.0,1.0,1.0,0.79397416
1996.0,1.0,1.0,0.83909345
1946.0,1.0,1.0,0.07927239
1948.0,1.0,1.0,0.28511807
1950.0,1.0,1.0,0.28480092
1952.0,0.0,0.0,-0.07110831
1954.0,0.0,0.0,-0.026178986
1956.0,0.0,0.0,-0.15208972
1958.0,0.0,0.0,-0.12783116
1960.0,1.0,1.0,0.008380771
1962.0,1.0,1.0,0.40089682
1964.0,1.0,0.0,0.6337482
1966.0,1.0,0.0,0.48308086
1968.0,1.0,1.0,0.4025709
1970.0,1.0,1.0,0.6667705
1972.0,1.0,1.0,0.7825148
1974.0,1.0,1.0,0.66311896
1976.0,1.0,1.0,0.76295537
1978.0,1.0,1.0,0.7554394
1980.0,1.0,0.0,0.788272
1982.0,1.0,1.0,0.8398668
1984.0,1.0,1.0,0.827237
1986.0,1.0,1.0,0.8551392
1988.0,1.0,1.0,0.86025083
1990.0,1.0,1.0,0.9218947
1992.0,1.0,1.0,0.56044453
1994.0,1.0,1.0,0.8594014
1996.0,1.0,0.0,0.7097466
1946.0,1.0,1.0,0.0700666
1948.0,1.0,1.0,0.17077649
1950.0,1.0,0.0,0.20190713
1952.0,1.0,1.0,0.4049825
1954.0,1.0,1.0,0.5965309
1956.0,1.0,1.0,0.42320275
1958.0,1.0,1.0,0.5228367
1960.0,1.0,1.0,0.5081146
1962.0,1.0,1.0,0.49187955
1964.0,1.0,1.0,0.50490737
1966.0,1.0,0.0,0.43272343
1968.0,1.0,1.0,0.5207351
1970.0,1.0,1.0,0.6155498
1972.0,1.0,0.0,0.39690647
1974.0,1.0,1.0,0.6362901
1976.0,1.0,1.0,0.67328167
1978.0,1.0,1.0,0.6227678
1980.0,1.0,1.0,0.6050835
1982.0,1.0,1.0,0.637754
1984.0,1.0,1.0,0.31810093
1986.0,1.0,1.0,0.6764325
1988.0,1.0,1.0,0.49401423
1990.0,1.0,0.0,0.6082572
1992.0,0.0,0.0,-0.1788471
1994.0,0.0,0.0,-0.46307826
1996.0,0.0,0.0,-0.26848066
1946.0,1.0,0.0,0.49993384
1948.0,1.0,1.0,0.5569539
1950.0,1.0,1.0,0.5052293
1952.0,1.0,1.0,0.30984
1954.0,1.0,1.0,0.47603908
1956.0,1.0,1.0,0.28387678
1958.0,1.0,1.0,0.41133666
1960.0,1.0,1.0,0.4113874
1962.0,1.0,1.0,0.41798005
1964.0,1.0,1.0,0.54874694
1966.0,1.0,1.0,0.5238062
1968.0,1.0,1.0,0.36007398
1970.0,1.0,1.0,0.28578416
1972.0,1.0,0.0,0.25790292
1974.0,1.0,1.0,0.58020234
1976.0,1.0,1.0,0.7126892
1978.0,1.0,1.0,0.58468527
1980.0,1.0,0.0,0.6215476
1982.0,0.0,0.0,-0.13179144
1984.0,0.0,0.0,-0.4032263
1986.0,0.0,0.0,-0.39050996
1988.0,0.0,0.0,-0.26599097
1990.0,0.0,0.0,-0.24578169
1992.0,1.0,1.0,0.021983057
1994.0,1.0,1.0,0.2882952
1996.0,1.0,1.0,0.48701155
1946.0,1.0,1.0,0.5756298
1948.0,1.0,1.0,0.62751544
1950.0,1.0,1.0,0.5555421
1952.0,0.0,0.0,-0.16414249
1954.0,0.0,0.0,-0.034324944
1956.0,0.0,0.0,-0.23689345
1958.0,0.0,0.0,-0.056335837
1960.0,0.0,1.0,-0.014594555
1962.0,1.0,1.0,0.0034559965
1964.0,1.0,1.0,0.071992785
1966.0,1.0,1.0,0.13682064
1968.0,1.0,1.0,0.2691065
1970.0,1.0,1.0,0.4182344
1972.0,1.0,0.0,0.091939956
1974.0,1.0,1.0,0.20581582
1976.0,1.0,1.0,0.32516187
1978.0,1.0,1.0,0.39767182
1980.0,1.0,0.0,0.03250286
1982.0,0.0,0.0,-0.08713964
1984.0,0.0,0.0,-0.121011406
1986.0,0.0,0.0,-0.16009209
1988.0,0.0,0.0,-0.24602953
1990.0,0.0,0.0,-0.21607786
1992.0,1.0,1.0,0.90941614
1994.0,1.0,1.0,0.9302597
1996.0,1.0,1.0,0.8654176
1946.0,0.0,0.0,-0.22344208
1948.0,1.0,1.0,0.053584337
1950.0,1.0,0.0,0.061185747
1952.0,1.0,1.0,0.57679963
1954.0,1.0,1.0,0.6169368
1956.0,1.0,1.0,0.49799058
1958.0,1.0,1.0,0.8162286
1960.0,1.0,1.0,0.54027176
1962.0,1.0,1.0,0.015181422
1964.0,1.0,1.0,0.22790301
1966.0,1.0,1.0,0.14806566
1968.0,1.0,1.0,0.15495601
1970.0,1.0,1.0,0.064633906
1972.0,1.0,1.0,0.41690984
1974.0,1.0,1.0,0.5777693
1976.0,1.0,1.0,0.65749705
1978.0,1.0,0.0,0.6900535
1980.0,1.0,1.0,0.5785726
1982.0,1.0,1.0,0.95878124
1984.0,1.0,1.0,0.9490931
1986.0,1.0,1.0,0.9438036
1988.0,1.0,1.0,0.9548128
1990.0,1.0,1.0,0.94460106
1992.0,1.0,1.0,0.8288572
1994.0,1.0,1.0,0.925792
1996.0,1.0,1.0,0.93406427
1946.0,0.0,0.0,-0.23384666
1948.0,0.0,0.0,-0.1604763
1950.0,0.0,0.0,-0.11884445
1952.0,0.0,0.0,-0.16264486
1954.0,0.0,0.0,-0.0032144487
1956.0,0.0,0.0,-0.018318892
1958.0,0.0,0.0,-0.078086495
1960.0,0.0,0.0,-0.20383418
1962.0,0.0,0.0,-0.3733468
1964.0,0.0,0.0,-0.48081714
1964.0,0.0,0.0,-0.6654129
1966.0,0.0,0.0,-0.01481694
1968.0,1.0,1.0,0.08880377
1970.0,1.0,1.0,0.3005873
1972.0,1.0,1.0,0.20540428
1974.0,1.0,1.0,0.32158113
1976.0,1.0,1.0,0.45169407
1978.0,1.0,0.0,0.21165252
1980.0,0.0,0.0,-0.12783825
1982.0,1.0,0.0,0.5819384
1984.0,1.0,1.0,0.6475519
1986.0,1.0,1.0,0.7145926
1988.0,1.0,1.0,0.6873268
1990.0,1.0,0.0,0.6498501
1992.0,1.0,1.0,0.6664188
1994.0,1.0,1.0,0.5972227
1996.0,1.0,1.0,0.7164792
1946.0,1.0,1.0,0.083878756
1948.0,0.0,0.0,-0.0515002
1950.0,1.0,1.0,0.15609694
1952.0,1.0,1.0,0.85269034
1954.0,1.0,0.0,0.7599763
1956.0,1.0,1.0,0.15967157
1958.0,1.0,1.0,0.2555231
1960.0,1.0,0.0,0.24838728
1962.0,1.0,1.0,0.48073503
1964.0,1.0,1.0,0.74194074
1966.0,1.0,1.0,0.5654306
1968.0,1.0,0.0,0.65084374
1970.0,1.0,1.0,0.762396
1972.0,1.0,1.0,0.40659833
1974.0,1.0,1.0,0.5790097
1976.0,1.0,0.0,0.5518532
1978.0,0.0,0.0,-0.06503007
1980.0,0.0,0.0,-0.13991934
1982.0,1.0,1.0,0.97728217
1984.0,1.0,1.0,0.7992484
1986.0,1.0,1.0,0.8815826
1988.0,1.0,0.0,0.84105664
1990.0,1.0,1.0,0.90290713
1992.0,1.0,1.0,0.111035466
1994.0,1.0,1.0,0.16335836
1996.0,1.0,1.0,0.31610146
1946.0,1.0,1.0,0.42783025
1948.0,1.0,1.0,0.544853
1950.0,1.0,1.0,0.4258728
1952.0,1.0,1.0,0.36274812
1954.0,1.0,0.0,0.4914674
1956.0,1.0,1.0,0.3688086
1958.0,1.0,1.0,0.4626366
1960.0,1.0,1.0,0.44858673
1962.0,1.0,1.0,0.27976593
1964.0,1.0,1.0,0.48701078
1966.0,1.0,1.0,0.31519207
1968.0,1.0,0.0,0.200544
1970.0,1.0,1.0,0.0944753
1972.0,1.0,1.0,0.9369398
1974.0,1.0,1.0,0.93743956
1976.0,1.0,1.0,0.9473121
1978.0,1.0,1.0,0.9369586
1980.0,1.0,1.0,0.9320637
1982.0,1.0,1.0,0.87809974
1984.0,1.0,1.0,0.89639163
1986.0,1.0,0.0,0.83070195
1988.0,1.0,1.0,0.28824696
1990.0,1.0,1.0,0.38286006
1992.0,0.0,0.0,-0.20113221
1994.0,0.0,0.0,-0.15327936
1996.0,0.0,0.0,-0.06897679
1946.0,1.0,1.0,0.22163618
1948.0,1.0,0.0,0.31385234
1950.0,1.0,1.0,0.30422693
1952.0,1.0,0.0,0.2338554
1954.0,1.0,0.0,0.3657556
1956.0,1.0,1.0,0.27529594
1958.0,1.0,0.0,0.3409896
1960.0,1.0,1.0,0.2542892
1962.0,1.0,1.0,0.45169845
1964.0,1.0,1.0,0.66909146
1966.0,1.0,1.0,0.5405828
1968.0,1.0,1.0,0.6217735
1970.0,1.0,0.0,0.64254266
1972.0,1.0,1.0,0.27697212
1974.0,1.0,0.0,0.631439
1976.0,1.0,1.0,0.7047063
1978.0,1.0,1.0,0.692873
1980.0,1.0,1.0,0.6776391
1982.0,1.0,0.0,0.15164036
1984.0,1.0,0.0,0.04370305
1986.0,0.0,0.0,-0.093076795
1988.0,1.0,1.0,0.02838689
1990.0,1.0,1.0,0.3564614
1992.0,0.0,0.0,-0.36719584
1994.0,0.0,0.0,-0.38133729
1996.0,0.0,0.0,-0.19438803
1946.0,0.0,0.0,-0.061280757
1948.0,0.0,0.0,-0.014277965
1950.0,0.0,0.0,-0.28859055
1952.0,0.0,0.0,-0.29812
1954.0,1.0,1.0,0.35687563
1956.0,1.0,1.0,0.32965544
1958.0,1.0,1.0,0.44994757
1960.0,1.0,0.0,0.49264517
1962.0,1.0,0.0,0.4638005
1964.0,1.0,1.0,0.70203865
1966.0,1.0,0.0,0.67153084
1968.0,1.0,0.0,0.58804756
1970.0,1.0,1.0,0.67428434
1972.0,1.0,1.0,0.7547897
1974.0,1.0,1.0,0.9338256
1976.0,1.0,0.0,0.97144425
1978.0,1.0,1.0,0.95918036
1980.0,1.0,1.0,0.97258687
1982.0,0.0,0.0,-0.5047014
1984.0,0.0,0.0,-0.56663585
1986.0,0.0,0.0,-0.5527185
1988.0,0.0,0.0,-0.5139283
1990.0,0.0,0.0,-0.469829
1992.0,1.0,1.0,0.28342718
1994.0,1.0,1.0,0.3582615
1996.0,1.0,1.0,0.39214867
1946.0,1.0,1.0,0.25071514
1948.0,1.0,1.0,0.5956712
1950.0,1.0,1.0,0.36086935
1952.0,1.0,1.0,0.33215117
1954.0,1.0,0.0,0.5000941
1956.0,1.0,1.0,0.39375147
1958.0,1.0,1.0,0.4469871
1960.0,1.0,1.0,0.44387472
1962.0,1.0,1.0,0.49937475
1964.0,1.0,1.0,0.69780123
1966.0,1.0,0.0,0.54937935
1968.0,1.0,0.0,0.64226884
1970.0,1.0,0.0,0.43171418
1972.0,1.0,1.0,0.5295851
1974.0,1.0,1.0,0.761486
1976.0,1.0,1.0,0.75910014
1978.0,1.0,1.0,0.6818305
1980.0,1.0,0.0,0.713257
1982.0,0.0,0.0,-0.13222519
1984.0,0.0,0.0,-0.41021255
1986.0,0.0,0.0,-0.4230701
1988.0,0.0,0.0,-0.44154984
1990.0,0.0,0.0,-0.42002374
1992.0,0.0,0.0,-0.30851623
1994.0,0.0,0.0,-0.46863082
1996.0,0.0,0.0,-0.20952344
1946.0,1.0,1.0,0.18222177
1948.0,1.0,0.0,0.6598555
1950.0,1.0,1.0,0.3695553
1952.0,1.0,1.0,0.44873995
1954.0,1.0,1.0,0.6273227
1956.0,1.0,1.0,0.46643
1958.0,1.0,0.0,0.53720427
1960.0,1.0,1.0,0.53117037
1962.0,1.0,0.0,0.23499146
1964.0,1.0,1.0,0.5122377
1966.0,1.0,1.0,0.54506874
1968.0,1.0,1.0,0.4375205
1970.0,1.0,1.0,0.6052288
1972.0,0.0,0.0,-0.00707826
1974.0,0.0,0.0,-0.15238512
1976.0,1.0,0.0,0.010511428
1978.0,1.0,1.0,0.053658664
1980.0,1.0,0.0,0.12442958
1982.0,1.0,1.0,0.56941545
1984.0,1.0,1.0,0.5585538
1986.0,1.0,0.0,0.92770374
1988.0,1.0,1.0,0.23491898
1990.0,1.0,1.0,0.28130755
1992.0,0.0,0.0,-0.3548133
1994.0,0.0,0.0,-0.47425318
1996.0,0.0,0.0,-0.38304067
1946.0,1.0,0.0,0.16929215
1948.0,1.0,1.0,0.26103413
1950.0,1.0,1.0,0.49536932
1952.0,1.0,1.0,0.13686654
1954.0,1.0,1.0,0.3175649
1956.0,1.0,1.0,0.2240789
1958.0,1.0,1.0,0.27968565
1960.0,1.0,1.0,0.2921928
1962.0,0.0,0.0,-0.24218109
1964.0,0.0,0.0,-0.2594056
1966.0,0.0,0.0,-0.30486232
1968.0,1.0,1.0,0.26707977
1970.0,1.0,1.0,0.449221
1972.0,1.0,0.0,0.044299483
1974.0,1.0,0.0,0.15668222
1976.0,1.0,1.0,0.10190591
1978.0,1.0,1.0,0.13346425
1980.0,1.0,1.0,0.19870904
1982.0,0.0,0.0,-0.47884703
1984.0,0.0,0.0,-0.4631033
1986.0,0.0,0.0,-0.40874422
1988.0,0.0,0.0,-0.44765678
1990.0,0.0,0.0,-0.3628069
1992.0,0.0,0.0,-0.37092736
1994.0,0.0,0.0,-0.57105315
1996.0,0.0,0.0,-0.4611122
1946.0,1.0,1.0,0.0019937754
1948.0,1.0,1.0,0.64326084
1950.0,1.0,1.0,0.17304659
1952.0,0.0,0.0,-0.09654412
1954.0,0.0,0.0,-0.072897136
1956.0,0.0,0.0,-0.23821312
1958.0,0.0,0.0,-0.15522993
1960.0,0.0,0.0,-0.24328732
1962.0,0.0,0.0,-0.2299718
1964.0,1.0,1.0,0.12436429
1966.0,1.0,1.0,0.09290266
1968.0,1.0,0.0,0.23880121
1970.0,0.0,0.0,-0.05505252
1972.0,0.0,0.0,-0.35889864
1974.0,0.0,0.0,-0.31717145
1976.0,0.0,0.0,-0.41078413
1978.0,0.0,0.0,-0.5693462
1980.0,0.0,0.0,-0.61927617
1982.0,0.0,0.0,-0.1335395
1984.0,0.0,0.0,-0.45576835
1986.0,0.0,0.0,-0.46566367
1992.0,0.0,0.0,-0.114552826
1994.0,0.0,0.0,-0.15215218
1996.0,0.0,0.0,-0.10218799
1946.0,0.0,0.0,-0.06831908
1948.0,1.0,1.0,0.20608643
1950.0,1.0,0.0,0.18242061
1952.0,0.0,0.0,-0.3531025
1954.0,0.0,0.0,-0.2801255
1956.0,0.0,0.0,-0.3489703
1958.0,0.0,0.0,-0.26393926
1960.0,0.0,0.0,-0.05137551
1962.0,0.0,0.0,-0.21820286
1964.0,0.0,0.0,-0.12647557
1966.0,0.0,0.0,-0.43932042
1968.0,0.0,0.0,-0.45057273
1970.0,0.0,0.0,-0.5071163
1972.0,0.0,0.0,-0.08411896
1974.0,0.0,0.0,-0.15490377
1976.0,0.0,0.0,-0.3236095
1978.0,0.0,0.0,-0.32361767
1980.0,0.0,0.0,-0.539731
1982.0,0.0,0.0,-0.43210885
1984.0,0.0,0.0,-0.41197288
1988.0,0.0,0.0,-0.5008246
1992.0,1.0,1.0,0.03719279
1994.0,1.0,1.0,0.0064162016
1996.0,1.0,1.0,0.12909767
1946.0,0.0,0.0,-0.37092188
1948.0,0.0,0.0,-0.08731398
1950.0,0.0,0.0,-0.13188654
1952.0,0.0,0.0,-0.17682043
1954.0,0.0,0.0,-0.14365587
1956.0,0.0,0.0,-0.1613146
1958.0,0.0,0.0,-0.16389298
1960.0,0.0,0.0,-0.16010904
1962.0,0.0,0.0,-0.15740299
1964.0,1.0,1.0,0.032703996
1966.0,1.0,0.0,0.027398258
1968.0,0.0,1.0,-0.029294014
1970.0,1.0,0.0,0.044168442
1972.0,0.0,0.0,-0.32368472
1974.0,1.0,1.0,0.09654525
1976.0,1.0,1.0,0.33262005
1978.0,1.0,1.0,0.11522162
1980.0,1.0,1.0,0.11006579
1982.0,0.0,0.0,-0.08974472
1984.0,0.0,0.0,-0.08639765
1986.0,0.0,0.0,-0.0055884123
1988.0,0.0,0.0,-0.1567154
1990.0,0.0,0.0,-0.28378493
1992.0,0.0,0.0,-0.27054548
1994.0,0.0,0.0,-0.4905504
1996.0,0.0,0.0,-0.19769311
1946.0,0.0,0.0,-0.50823784
1948.0,0.0,0.0,-0.29968753
1950.0,0.0,0.0,-0.37723723
1952.0,0.0,0.0,-0.31671113
1954.0,0.0,0.0,-0.32214054
1956.0,0.0,0.0,-0.24320611
1958.0,0.0,0.0,-0.21571839
1960.0,0.0,0.0,-0.17374757
1962.0,0.0,0.0,-0.28155908
1964.0,1.0,1.0,0.06373975
1966.0,1.0,0.0,0.039551795
1968.0,0.0,0.0,-0.025038123
1970.0,0.0,0.0,-0.46053535
1972.0,1.0,1.0,0.5998298
1974.0,1.0,1.0,0.6338011
1976.0,1.0,1.0,0.585517
1978.0,1.0,1.0,0.56606084
1980.0,1.0,1.0,0.6009067
1982.0,1.0,1.0,0.1381067
1984.0,1.0,1.0,0.15137964
1986.0,1.0,1.0,0.366123
1988.0,1.0,1.0,0.86355674
1990.0,1.0,0.0,0.2964902
1992.0,1.0,1.0,0.112259805
1994.0,1.0,1.0,0.1656963
1996.0,1.0,1.0,0.14505485
1946.0,0.0,0.0,-0.1970964
1948.0,0.0,0.0,-0.23656127
1950.0,0.0,0.0,-0.24978125
1952.0,0.0,0.0,-0.41532803
1954.0,0.0,0.0,-0.34797853
1956.0,0.0,0.0,-0.42823794
1958.0,0.0,0.0,-0.26721242
1960.0,0.0,0.0,-0.1348885
1962.0,1.0,1.0,0.20279765
1964.0,1.0,0.0,0.38496828
1966.0,0.0,0.0,-0.0816178
1968.0,0.0,0.0,-0.14879245
1970.0,1.0,1.0,0.32415855
1972.0,0.0,0.0,-0.39723703
1974.0,1.0,0.0,0.089933276
1976.0,1.0,0.0,0.019545138
1978.0,0.0,0.0,-0.08040798
1980.0,0.0,0.0,-0.33407748
1982.0,0.0,0.0,-0.3621673
1984.0,0.0,0.0,-0.45333782
1986.0,0.0,0.0,-0.46458355
1988.0,0.0,0.0,-0.4223221
1990.0,0.0,0.0,-0.38375866
1992.0,1.0,1.0,0.12825638
1994.0,1.0,1.0,0.12157214
1996.0,1.0,1.0,0.23978224
1946.0,0.0,0.0,-0.39088574
1948.0,0.0,0.0,-0.29685867
1950.0,0.0,0.0,-0.3379623
1952.0,1.0,1.0,0.07716745
1954.0,1.0,1.0,0.2239035
1956.0,1.0,1.0,0.1158106
1958.0,1.0,1.0,0.2933731
1960.0,1.0,1.0,0.25711784
1962.0,0.0,0.0,-0.29888034
1964.0,0.0,0.0,-0.005523175
1966.0,0.0,0.0,-0.3002886
1968.0,0.0,0.0,-0.33049837
1970.0,0.0,0.0,-0.14128938
1972.0,0.0,0.0,-0.3202953
1974.0,0.0,0.0,-0.10016194
1976.0,0.0,0.0,-0.11435151
1978.0,0.0,0.0,-0.21019658
1980.0,0.0,0.0,-0.32268864
1982.0,0.0,0.0,-0.4028233
1986.0,1.0,1.0,0.019832045
1988.0,1.0,1.0,0.17384103
1990.0,1.0,1.0,0.18048227
1992.0,0.0,0.0,-0.058753133
1994.0,0.0,0.0,-0.34033203
1996.0,0.0,0.0,-0.09633303
1946.0,0.0,0.0,-0.18380702
1948.0,0.0,0.0,-0.13874862
1950.0,0.0,0.0,-0.3026939
1952.0,0.0,0.0,-0.43255568
1954.0,0.0,0.0,-0.32490456
1956.0,0.0,0.0,-0.43653703
1958.0,0.0,0.0,-0.27587083
1960.0,0.0,0.0,-0.20798743
1962.0,0.0,0.0,-0.20019194
1964.0,0.0,0.0,-0.120310664
1966.0,0.0,0.0,-0.35199594
1968.0,0.0,0.0,-0.17557225
1970.0,0.0,0.0,-0.44758818
1972.0,0.0,0.0,-0.11872935
1974.0,0.0,0.0,-0.21916217
1976.0,0.0,0.0,-0.33001757
1980.0,0.0,0.0,-0.5490104
1982.0,0.0,0.0,-0.5054511
1984.0,0.0,0.0,-0.4996971
1986.0,0.0,0.0,-0.15487438
1988.0,0.0,0.0,-0.06772733
1990.0,0.0,0.0,-0.1310375
1992.0,0.0,0.0,-0.46211267
1996.0,0.0,0.0,-0.4620955
1946.0,1.0,1.0,0.10265264
1948.0,1.0,1.0,0.14534685
1950.0,1.0,0.0,0.19726473
1952.0,0.0,0.0,-0.36835402
1954.0,0.0,0.0,-0.22954404
1956.0,0.0,0.0,-0.34929356
1958.0,1.0,1.0,0.080551
1960.0,1.0,1.0,0.24609768
1962.0,0.0,0.0,-0.15123919
1964.0,0.0,0.0,-0.06809461
1966.0,0.0,0.0,-0.44539785
1968.0,0.0,0.0,-0.3515725
1970.0,0.0,0.0,-0.31534842
1972.0,1.0,1.0,0.14379373
1974.0,1.0,1.0,0.18182608
1976.0,1.0,1.0,0.1070649
1978.0,1.0,0.0,0.063105375
1980.0,0.0,0.0,-0.31136528
1982.0,1.0,0.0,0.8458586
1984.0,1.0,0.0,0.3409712
1986.0,1.0,1.0,0.8076456
1988.0,1.0,1.0,0.45446548
1990.0,1.0,1.0,0.23588392
1946.0,0.0,0.0,-0.39793217
1948.0,0.0,0.0,-0.30050862
1950.0,0.0,0.0,-0.39645055
1952.0,0.0,0.0,-0.39761358
1954.0,0.0,0.0,-0.3797165
1956.0,0.0,0.0,-0.45443425
1958.0,0.0,0.0,-0.29626763
1960.0,0.0,0.0,-0.26036957
1962.0,0.0,0.0,-0.36886793
1964.0,0.0,0.0,-0.16779387
1966.0,0.0,0.0,-0.31668785
1968.0,0.0,0.0,-0.3706118
1970.0,0.0,0.0,-0.33062866
1972.0,0.0,0.0,-0.42715657
1974.0,0.0,0.0,-0.35104063
1976.0,0.0,0.0,-0.41754264
1978.0,0.0,0.0,-0.16422072
1980.0,0.0,0.0,-0.53225577
1982.0,1.0,1.0,0.70877534
1984.0,1.0,1.0,0.5513749
1986.0,1.0,1.0,0.7017671
1990.0,1.0,0.0,0.6090957
1946.0,0.0,0.0,-0.4757244
1948.0,0.0,0.0,-0.23107868
1950.0,0.0,0.0,-0.34573188
1952.0,0.0,0.0,-0.195606
1954.0,0.0,0.0,-0.1874604
1956.0,0.0,0.0,-0.1491971
1958.0,0.0,0.0,-0.015934795
1960.0,0.0,0.0,-0.106705934
1962.0,0.0,0.0,-0.11390343
1964.0,1.0,0.0,0.024063945
1966.0,1.0,0.0,0.16820067
1968.0,1.0,1.0,0.075413406
1970.0,0.0,0.0,-0.18985784
1972.0,0.0,0.0,-0.48632592
1974.0,0.0,0.0,-0.38484955
1976.0,0.0,0.0,-0.35546523
1980.0,0.0,0.0,-0.52186877
1982.0,1.0,0.0,0.21496853
1984.0,1.0,0.0,0.09725255
1986.0,0.0,0.0,-0.20285249
1990.0,0.0,0.0,-0.40609333
1946.0,0.0,0.0,-0.08593559
1948.0,1.0,0.0,0.0010736287
1950.0,0.0,0.0,-0.054248005
1952.0,0.0,0.0,-0.26681522
1954.0,0.0,0.0,-0.2728133
1956.0,0.0,0.0,-0.34884685
1958.0,0.0,0.0,-0.07652593
1960.0,0.0,0.0,-0.09142092
1962.0,1.0,1.0,0.08916724
1964.0,1.0,1.0,0.27959585
1966.0,1.0,1.0,0.31652784
1968.0,1.0,1.0,0.39906007
1970.0,1.0,1.0,0.038058996
1972.0,0.0,0.0,-0.3943757
1974.0,0.0,0.0,-0.17136514
1976.0,0.0,0.0,-0.28502783
1978.0,0.0,0.0,-0.43069276
1980.0,0.0,0.0,-0.468785
1946.0,0.0,0.0,-0.265034
1948.0,0.0,0.0,-0.042297542
1950.0,0.0,0.0,-0.23858225
1952.0,0.0,0.0,-0.39995816
1954.0,0.0,0.0,-0.36776292
1956.0,0.0,0.0,-0.39101776
1958.0,0.0,0.0,-0.2941829
1960.0,0.0,0.0,-0.05182457
1962.0,0.0,0.0,-0.18539202
1964.0,0.0,0.0,-0.13505676
1966.0,0.0,0.0,-0.44696805
1968.0,0.0,0.0,-0.4696314
1970.0,0.0,0.0,-0.48256582
1972.0,0.0,0.0,-0.14632437
1974.0,1.0,1.0,0.1912334
1976.0,1.0,1.0,0.33277103
1978.0,1.0,1.0,0.50626785
1980.0,1.0,1.0,0.4347707
1946.0,0.0,0.0,-0.43337283
1948.0,0.0,0.0,-0.29220307
1950.0,0.0,0.0,-0.2921883
1952.0,0.0,0.0,-0.38980243
1954.0,0.0,0.0,-0.43300724
1956.0,0.0,0.0,-0.43299243
1958.0,0.0,0.0,-0.3160381
1960.0,0.0,0.0,-0.26867414
1962.0,0.0,0.0,-0.28684542
1964.0,0.0,0.0,-0.10136339
1966.0,0.0,0.0,-0.37698573
1968.0,0.0,0.0,-0.4315385
1970.0,0.0,0.0,-0.36469746
1972.0,1.0,0.0,0.4442246
1974.0,1.0,1.0,0.5042367
1976.0,1.0,1.0,0.5969629
1978.0,1.0,0.0,0.59073234
1980.0,1.0,0.0,0.68508005
1946.0,0.0,0.0,-0.44118786
1948.0,0.0,0.0,-0.16075078
1950.0,0.0,0.0,-0.37513182
1952.0,0.0,0.0,-0.3903761
1954.0,0.0,0.0,-0.43769005
1956.0,0.0,0.0,-0.4342525
1958.0,0.0,0.0,-0.16361818
1960.0,0.0,0.0,-0.15108702
1962.0,0.0,0.0,-0.38018593
1964.0,0.0,0.0,-0.16855812
1966.0,0.0,0.0,-0.37942746
1968.0,0.0,0.0,-0.30345485
1970.0,0.0,0.0,-0.42858648
1972.0,0.0,0.0,-0.46320704
1974.0,0.0,0.0,-0.44277287
1976.0,0.0,0.0,-0.56316006
1980.0,0.0,0.0,-0.6310439
1946.0,0.0,0.0,-0.45099664
1948.0,0.0,0.0,-0.30370316
1950.0,0.0,0.0,-0.3371298
1952.0,0.0,0.0,-0.31861088
1954.0,0.0,0.0,-0.29560378
1956.0,0.0,0.0,-0.4093407
1958.0,0.0,0.0,-0.30300835
1960.0,0.0,0.0,-0.19354877
1962.0,0.0,0.0,-0.27524188
1964.0,1.0,1.0,0.055081397
1966.0,1.0,1.0,0.046150655
1968.0,1.0,0.0,0.12650025
1970.0,0.0,0.0,-0.03213826
1972.0,0.0,0.0,-0.43839225
1974.0,0.0,0.0,-0.2306939
1976.0,1.0,1.0,0.23576999
1978.0,1.0,1.0,0.16900805
1980.0,1.0,0.0,0.10966444
1946.0,0.0,0.0,-0.21067536
1948.0,0.0,0.0,-0.027302176
1950.0,0.0,0.0,-0.32560545
1952.0,0.0,0.0,-0.19466105
1954.0,0.0,0.0,-0.23776564
1956.0,0.0,0.0,-0.28681913
1958.0,0.0,0.0,-0.23853174
1960.0,0.0,0.0,-0.10107076
1962.0,0.0,0.0,-0.04081309
1964.0,0.0,0.0,-0.052330583
1966.0,0.0,0.0,-0.2248187
1968.0,0.0,0.0,-0.307526
1970.0,0.0,0.0,-0.26718557
1946.0,0.0,0.0,-0.42946908
1948.0,0.0,0.0,-0.19777915
1950.0,0.0,0.0,-0.29124323
1952.0,0.0,0.0,-0.117934465
1954.0,0.0,0.0,-0.26237103
1956.0,0.0,0.0,-0.288286
1958.0,1.0,1.0,0.0060503185
1960.0,1.0,1.0,0.12482619
1962.0,1.0,1.0,0.42910147
1964.0,1.0,1.0,0.6417428
1966.0,1.0,1.0,0.5437857
1968.0,1.0,1.0,0.55192864
1970.0,1.0,1.0,0.5948378
1946.0,0.0,0.0,-0.25097048
1948.0,0.0,0.0,-0.04410371
1950.0,0.0,0.0,-0.17147806
1952.0,0.0,0.0,-0.10574964
1954.0,0.0,0.0,-0.15201235
1956.0,0.0,0.0,-0.18325797
1958.0,0.0,0.0,-0.17724982
1960.0,0.0,0.0,-0.12959316
1946.0,0.0,0.0,-0.29332545
1948.0,1.0,0.0,0.039729297
1950.0,0.0,0.0,-0.028421193
1952.0,0.0,0.0,-0.3416422
1954.0,0.0,0.0,-0.31269205
1956.0,0.0,0.0,-0.37330234
1958.0,0.0,0.0,-0.29713115
1960.0,0.0,0.0,-0.28060848
1946.0,0.0,0.0,-0.15087855
1948.0,1.0,0.0,0.055277318
1950.0,0.0,0.0,-0.019726366
1946.0,0.0,0.0,-0.43731186
1948.0,0.0,0.0,-0.23642081
1950.0,0.0,0.0,-0.32911435
1946.0,0.0,1.0,-0.14672315
1948.0,1.0,1.0,0.068529636
1950.0,1.0,1.0,0.07531056
1952.0,1.0,1.0,0.36359015
1954.0,1.0,1.0,0.23009408
1956.0,1.0,1.0,0.2539295
1958.0,1.0,1.0,0.2938832
1960.0,1.0,1.0,0.53900146
1962.0,1.0,1.0,0.27072215
1964.0,1.0,1.0,0.43656346
1966.0,1.0,1.0,0.32130814
1968.0,1.0,1.0,0.4947413
1970.0,1.0,1.0,0.3902014
1972.0,1.0,1.0,0.32871306
1974.0,1.0,0.0,0.5255315
1976.0,1.0,0.0,0.4889177
1982.0,1.0,1.0,0.4565111
1984.0,1.0,1.0,0.49859878
1986.0,1.0,1.0,0.49487865
1988.0,1.0,1.0,0.52630424
1990.0,1.0,1.0,0.5885376
1992.0,1.0,1.0,0.6183113
1994.0,1.0,1.0,0.6303899
1996.0,1.0,0.0,0.7501085
1946.0,0.0,1.0,-0.027707309
1948.0,1.0,1.0,0.08696306
1950.0,1.0,1.0,0.13924849
1952.0,1.0,1.0,0.23662075
1954.0,1.0,0.0,0.22494173
1956.0,1.0,1.0,0.24647188
1958.0,1.0,1.0,0.3256582
1960.0,1.0,0.0,0.44518754
1962.0,1.0,1.0,0.341565
1964.0,1.0,1.0,0.6048646
1966.0,1.0,1.0,0.19845271
1968.0,1.0,1.0,0.40043566
1970.0,1.0,1.0,0.364375
1972.0,1.0,1.0,0.40294397
1974.0,1.0,0.0,0.48014522
1976.0,1.0,0.0,0.48691818
1982.0,1.0,1.0,0.539083
1984.0,1.0,1.0,0.82734513
1986.0,1.0,1.0,0.9678762
1988.0,1.0,0.0,0.8742672
1990.0,1.0,0.0,0.84191155
1992.0,1.0,0.0,0.5443399
1994.0,1.0,1.0,0.7175605
1996.0,1.0,1.0,0.75984454
1946.0,0.0,0.0,-0.24265122
1948.0,0.0,0.0,-0.040620446
1950.0,0.0,0.0,-0.006870717
1952.0,1.0,1.0,0.16886625
1954.0,1.0,1.0,0.1072112
1956.0,1.0,1.0,0.19889477
1958.0,1.0,1.0,0.27071455
1960.0,1.0,1.0,0.39319873
1962.0,1.0,1.0,0.18638512
1964.0,1.0,1.0,0.44036922
1966.0,1.0,1.0,0.13280532
1968.0,1.0,1.0,0.2259574
1970.0,1.0,0.0,0.12724912
1972.0,1.0,1.0,0.27148348
1974.0,1.0,0.0,0.5071151
1976.0,1.0,0.0,0.47074962
1982.0,1.0,1.0,0.013735205
1984.0,1.0,1.0,0.28159106
1986.0,1.0,1.0,0.23559716
1988.0,1.0,1.0,0.26424834
1990.0,1.0,1.0,0.20030174
1992.0,1.0,1.0,0.19840881
1994.0,1.0,1.0,0.25348353
1996.0,1.0,1.0,0.3779216
1946.0,0.0,0.0,-0.056515545
1948.0,1.0,1.0,0.15788722
1950.0,1.0,1.0,0.14951336
1952.0,1.0,1.0,0.4025387
1954.0,1.0,1.0,0.3146268
1956.0,1.0,0.0,0.38242579
1958.0,1.0,1.0,0.4510567
1960.0,1.0,1.0,0.56816757
1962.0,1.0,1.0,0.11961529
1964.0,1.0,0.0,0.2825382
1966.0,1.0,1.0,0.03767073
1968.0,1.0,1.0,0.19608736
1970.0,1.0,1.0,0.18829441
1972.0,1.0,1.0,0.117221504
1974.0,1.0,1.0,0.41951442
1976.0,1.0,0.0,0.35038912
1982.0,1.0,1.0,0.21509019
1984.0,1.0,1.0,0.13580564
1986.0,1.0,1.0,0.21717605
1988.0,1.0,1.0,0.40314803
1990.0,1.0,0.0,0.11800158
1992.0,1.0,1.0,0.58086264
1994.0,1.0,1.0,0.28340086
1996.0,1.0,1.0,0.28447464
1946.0,0.0,1.0,-0.1373508
1948.0,1.0,1.0,0.01454398
1950.0,1.0,1.0,0.109767824
1952.0,1.0,1.0,0.083642125
1954.0,1.0,1.0,0.10052422
1956.0,1.0,1.0,0.066833496
1958.0,1.0,1.0,0.105098486
1960.0,1.0,0.0,0.21916401
1962.0,1.0,1.0,0.11797133
1964.0,1.0,1.0,0.30420348
1966.0,1.0,1.0,0.1827276
1968.0,1.0,1.0,0.38154924
1970.0,1.0,1.0,0.34373772
1972.0,0.0,0.0,-0.2931504
1974.0,0.0,0.0,-0.19193447
1976.0,0.0,0.0,-0.19097826
1982.0,0.0,0.0,-0.34474623
1984.0,0.0,0.0,-0.33866096
1986.0,0.0,0.0,-0.3148055
1988.0,0.0,0.0,-0.5641631
1990.0,1.0,0.0,0.18632734
1996.0,0.0,0.0,-0.20564973
1946.0,0.0,0.0,-0.17074516
1948.0,0.0,0.0,-0.13933945
1950.0,0.0,0.0,-0.0027104616
1952.0,0.0,0.0,-0.03454706
1954.0,0.0,0.0,-0.011850387
1956.0,0.0,0.0,-0.030735344
1958.0,1.0,1.0,0.10807189
1960.0,1.0,1.0,0.19161212
1962.0,1.0,1.0,0.023721814
1964.0,1.0,1.0,0.24101171
1966.0,1.0,0.0,0.12284875
1968.0,1.0,1.0,0.039055735
1970.0,1.0,1.0,0.32400432
1972.0,1.0,1.0,0.29923737
1974.0,1.0,1.0,0.50567967
1976.0,1.0,0.0,0.48354676
1982.0,1.0,1.0,0.4393723
1986.0,1.0,1.0,0.38228166
1988.0,1.0,1.0,0.27022046
1990.0,1.0,0.0,0.14025152
1992.0,1.0,1.0,0.041431516
1994.0,1.0,1.0,0.13498452
1996.0,1.0,1.0,0.1785807
1946.0,0.0,0.0,-0.33050385
1948.0,0.0,0.0,-0.23578486
1950.0,0.0,0.0,-0.2534908
1952.0,0.0,0.0,-0.23389006
1954.0,0.0,0.0,-0.2175659
1956.0,0.0,0.0,-0.2381723
1958.0,0.0,0.0,-0.18406191
1960.0,0.0,0.0,-0.05910611
1962.0,0.0,0.0,-0.21501791
1964.0,0.0,0.0,-0.022982597
1966.0,0.0,0.0,-0.26454246
1968.0,0.0,0.0,-0.13856244
1970.0,0.0,0.0,-0.18417835
1972.0,0.0,0.0,-0.21287835
1974.0,1.0,1.0,0.11575219
1976.0,1.0,0.0,0.082324535
1982.0,1.0,1.0,0.10876426
1984.0,1.0,0.0,0.001657933
1986.0,0.0,0.0,-0.22574651
1988.0,0.0,0.0,-0.3563099
1990.0,1.0,1.0,0.3057227
1992.0,0.0,0.0,-0.32502973
1994.0,0.0,0.0,-0.39343724
1996.0,0.0,0.0,-0.34547737
1946.0,0.0,0.0,-0.17896855
1948.0,0.0,0.0,-0.18410763
1950.0,0.0,0.0,-0.1631991
1952.0,0.0,0.0,-0.1852155
1954.0,0.0,0.0,-0.024840117
1956.0,0.0,0.0,-0.118651986
1958.0,0.0,0.0,-0.08574459
1960.0,0.0,0.0,-0.121935934
1962.0,0.0,0.0,-0.09580624
1964.0,0.0,0.0,-0.021813184
1966.0,0.0,0.0,-0.19098747
1968.0,0.0,0.0,-0.20861769
1970.0,0.0,0.0,-0.16645965
1972.0,0.0,0.0,-0.2875998
1974.0,0.0,0.0,-0.15309468
1976.0,1.0,0.0,0.0069189966
1982.0,1.0,1.0,0.0139788985
1984.0,1.0,1.0,0.017854571
1986.0,1.0,1.0,0.10068175
1988.0,1.0,1.0,0.15297073
1990.0,1.0,0.0,0.13266495
1992.0,0.0,0.0,-0.06210679
1994.0,0.0,0.0,-0.3944393
1996.0,0.0,0.0,-0.23813796
1946.0,0.0,0.0,-0.45358586
1948.0,0.0,0.0,-0.3415438
1950.0,0.0,0.0,-0.34437597
1952.0,0.0,0.0,-0.32473692
1954.0,0.0,0.0,-0.2530416
1956.0,0.0,0.0,-0.36781302
1958.0,0.0,0.0,-0.23855269
1960.0,0.0,0.0,-0.33195233
1962.0,0.0,0.0,-0.34415296
1964.0,0.0,0.0,-0.15370691
1966.0,0.0,0.0,-0.25243524
1968.0,0.0,0.0,-0.2749024
1970.0,0.0,0.0,-0.18304002
1972.0,0.0,0.0,-0.23520434
1974.0,0.0,0.0,-0.13032702
1982.0,0.0,0.0,-0.30118036
1984.0,0.0,0.0,-0.3308575
1996.0,0.0,0.0,-0.4744624
1946.0,0.0,0.0,-0.019893765
1948.0,1.0,1.0,0.17021003
1950.0,1.0,0.0,0.030261308
1952.0,0.0,0.0,-0.07197845
1954.0,0.0,0.0,-0.009955198
1956.0,0.0,0.0,-0.11590448
1958.0,1.0,0.0,0.008680671
1960.0,0.0,0.0,-0.09550616
1962.0,0.0,0.0,-0.049738526
1964.0,0.0,0.0,-0.015761107
1966.0,0.0,0.0,-0.33539045
1968.0,0.0,0.0,-0.33848286
1970.0,0.0,0.0,-0.32627603
1972.0,0.0,0.0,-0.4718779
1974.0,0.0,0.0,-0.2989291
1976.0,0.0,0.0,-0.2512853
1982.0,0.0,0.0,-0.35019055
1984.0,0.0,0.0,-0.5422442
1986.0,0.0,0.0,-0.49326098
1988.0,0.0,0.0,-0.46486473
1992.0,1.0,0.0,0.807834
1994.0,0.0,0.0,-0.3461243
1996.0,0.0,0.0,-0.23563546
1946.0,0.0,1.0,-0.016028434
1948.0,1.0,1.0,0.036481023
1950.0,1.0,0.0,0.087387085
1952.0,0.0,1.0,-0.0036742687
1954.0,1.0,1.0,0.01864633
1956.0,1.0,1.0,0.061052173
1958.0,1.0,1.0,0.23400867
1960.0,1.0,1.0,0.3418324
1962.0,1.0,1.0,0.32996988
1964.0,1.0,1.0,0.5487107
1966.0,1.0,1.0,0.34470525
1968.0,1.0,1.0,0.41457215
1970.0,1.0,1.0,0.93255305
1972.0,1.0,1.0,0.365242
1974.0,1.0,1.0,0.49082696
1976.0,1.0,0.0,0.41929612
1982.0,1.0,0.0,0.07039133
1984.0,1.0,1.0,0.1714437
1986.0,1.0,1.0,0.4122118
1992.0,1.0,1.0,0.34187174
1994.0,1.0,1.0,0.330619
1996.0,1.0,1.0,0.3601277
1946.0,0.0,0.0,-0.25424552
1948.0,0.0,0.0,-0.21118167
1950.0,0.0,0.0,-0.13631168
1952.0,0.0,0.0,-0.21370873
1954.0,0.0,0.0,-0.10964012
1956.0,0.0,0.0,-0.1290083
1958.0,0.0,0.0,-0.097649574
1960.0,0.0,0.0,-0.04704821
1962.0,0.0,0.0,-0.2091099
1964.0,0.0,0.0,-0.17133951
1966.0,0.0,0.0,-0.33867773
1968.0,0.0,0.0,-0.35945746
1970.0,0.0,0.0,-0.30602357
1972.0,0.0,0.0,-0.3629725
1974.0,1.0,1.0,0.16129914
1976.0,1.0,0.0,0.35368773
1982.0,1.0,1.0,0.2674258
1984.0,1.0,1.0,0.39558032
1986.0,1.0,1.0,0.348423
1990.0,1.0,1.0,0.23474097
1994.0,1.0,1.0,0.37829587
1996.0,1.0,1.0,0.39994273
1946.0,0.0,0.0,-0.13621137
1948.0,1.0,1.0,0.039245427
1950.0,1.0,1.0,0.023243397
1952.0,0.0,0.0,-0.3284061
1954.0,0.0,0.0,-0.28674832
1956.0,0.0,0.0,-0.33475217
1958.0,0.0,0.0,-0.25768724
1960.0,0.0,0.0,-0.2353836
1962.0,0.0,0.0,-0.3313047
1964.0,0.0,0.0,-0.18155542
1966.0,0.0,0.0,-0.4496921
1968.0,0.0,0.0,-0.25203148
1970.0,0.0,0.0,-0.19002116
1972.0,0.0,0.0,-0.33214888
1974.0,0.0,0.0,-0.2496686
1976.0,0.0,0.0,-0.26811874
1982.0,0.0,0.0,-0.29141346
1984.0,0.0,0.0,-0.12229371
1986.0,0.0,0.0,-0.1703839
1988.0,0.0,0.0,-0.33141744
1990.0,0.0,0.0,-0.20606688
1992.0,1.0,0.0,0.005405575
1994.0,0.0,0.0,-0.04199949
1996.0,0.0,1.0,-0.000341475
1946.0,0.0,0.0,-0.34852466
1948.0,0.0,0.0,-0.30370632
1950.0,0.0,0.0,-0.21778509
1952.0,1.0,1.0,0.004183531
1954.0,1.0,1.0,0.23966742
1956.0,1.0,1.0,0.029736906
1958.0,1.0,1.0,0.17173737
1960.0,1.0,1.0,0.075609356
1962.0,1.0,1.0,0.31302166
1964.0,1.0,1.0,0.49677145
1966.0,1.0,1.0,0.365417
1968.0,1.0,1.0,0.40782326
1970.0,1.0,1.0,0.53749156
1972.0,1.0,1.0,0.18940371
1974.0,1.0,1.0,0.5491375
1976.0,1.0,0.0,0.4510331
1982.0,1.0,1.0,0.5458698
1984.0,1.0,1.0,0.5669023
1986.0,1.0,1.0,0.84433377
1988.0,1.0,1.0,0.57278645
1990.0,1.0,1.0,0.43593538
1992.0,1.0,1.0,0.455479
1994.0,1.0,1.0,0.31727535
1996.0,1.0,1.0,0.2172288
1946.0,0.0,0.0,-0.36955443
1948.0,0.0,0.0,-0.23104891
1950.0,0.0,0.0,-0.24112245
1952.0,1.0,1.0,0.09511995
1954.0,1.0,1.0,0.23184058
1956.0,1.0,1.0,0.111816674
1958.0,1.0,1.0,0.22133753
1960.0,1.0,1.0,0.10333049
1962.0,1.0,0.0,0.1506398
1964.0,1.0,1.0,0.32111016
1966.0,1.0,1.0,0.04552993
1968.0,1.0,1.0,0.20118693
1970.0,1.0,1.0,0.3520683
1972.0,1.0,1.0,0.21506166
1976.0,1.0,0.0,0.30774963
1982.0,0.0,0.0,-0.15607062
1984.0,0.0,0.0,-0.16250503
1986.0,0.0,0.0,-0.13548458
1988.0,0.0,0.0,-0.14952871
1990.0,0.0,0.0,-0.21148098
1992.0,1.0,1.0,0.05577901
1994.0,1.0,1.0,0.003121227
1996.0,1.0,0.0,0.13480371
1946.0,0.0,0.0,-0.4873269
1948.0,0.0,0.0,-0.33732447
1950.0,0.0,0.0,-0.32293832
1952.0,0.0,0.0,-0.23402652
1954.0,0.0,0.0,-0.19524595
1956.0,0.0,0.0,-0.20987725
1958.0,0.0,0.0,-0.1324617
1960.0,0.0,0.0,-0.25026318
1962.0,0.0,0.0,-0.33456254
1964.0,0.0,0.0,-0.2827464
1966.0,0.0,0.0,-0.38412383
1968.0,0.0,0.0,-0.4134948
1970.0,0.0,0.0,-0.3595332
1972.0,0.0,0.0,-0.4695405
1974.0,0.0,0.0,-0.28529623
1976.0,0.0,0.0,-0.25547266
1982.0,0.0,0.0,-0.42692375
1984.0,0.0,0.0,-0.5559913
1986.0,0.0,0.0,-0.49107504
1988.0,0.0,0.0,-0.47957194
1990.0,0.0,0.0,-0.32250762
1992.0,0.0,0.0,-0.29676712
1994.0,0.0,0.0,-0.3943051
1996.0,0.0,0.0,-0.21905684
1946.0,0.0,0.0,-0.32443115
1948.0,0.0,0.0,-0.28957617
1950.0,0.0,0.0,-0.25500464
1952.0,0.0,0.0,-0.29457706
1954.0,0.0,0.0,-0.1306223
1956.0,0.0,0.0,-0.1711582
1958.0,0.0,0.0,-0.12071577
1960.0,0.0,0.0,-0.13365805
1962.0,0.0,0.0,-0.257861
1964.0,0.0,0.0,-0.15996706
1966.0,0.0,0.0,-0.32382223
1968.0,0.0,0.0,-0.34417197
1970.0,0.0,0.0,-0.18037957
1972.0,0.0,0.0,-0.45657787
1974.0,0.0,0.0,-0.04225433
1976.0,1.0,0.0,0.022300184
1982.0,0.0,0.0,-0.15257922
1984.0,0.0,0.0,-0.45217213
1986.0,0.0,0.0,-0.47286856
1992.0,0.0,0.0,-0.39010084
1996.0,0.0,0.0,-0.4447358
1946.0,0.0,0.0,-0.38052952
1948.0,0.0,0.0,-0.2737392
1950.0,0.0,0.0,-0.27303803
1952.0,0.0,0.0,-0.26968932
1954.0,0.0,0.0,-0.118533134
1956.0,0.0,0.0,-0.19731104
1958.0,0.0,0.0,-0.12646279
1960.0,0.0,0.0,-0.24634472
1962.0,0.0,0.0,-0.2855661
1964.0,0.0,0.0,-0.2522304
1966.0,0.0,0.0,-0.34268132
1968.0,0.0,0.0,-0.27422032
1970.0,0.0,0.0,-0.22498757
1972.0,0.0,0.0,-0.45649788
1974.0,0.0,0.0,-0.4417951
1976.0,1.0,0.0,0.18911493
1982.0,1.0,1.0,0.09259763
1984.0,1.0,1.0,0.26041868
1986.0,1.0,1.0,0.26008904
1988.0,1.0,0.0,0.25607356
1990.0,0.0,0.0,-0.028917551
1992.0,0.0,0.0,-0.22557005
1994.0,1.0,1.0,0.09642637
1996.0,1.0,1.0,0.15620452
1946.0,0.0,0.0,-0.38194603
1948.0,0.0,0.0,-0.2740047
1950.0,0.0,0.0,-0.25520444
1952.0,0.0,0.0,-0.04545161
1954.0,1.0,0.0,0.020657033
1956.0,0.0,1.0,-0.07639262
1958.0,1.0,0.0,0.029340982
1960.0,0.0,0.0,-0.06433919
1962.0,0.0,0.0,-0.13657579
1964.0,1.0,0.0,0.01656735
1966.0,0.0,0.0,-0.033281535
1968.0,0.0,0.0,-0.16973165
1970.0,0.0,0.0,-0.09877825
1972.0,0.0,0.0,-0.1631144
1974.0,0.0,0.0,-0.03873548
1976.0,0.0,0.0,-0.41193736
1982.0,0.0,0.0,-0.415362
1984.0,0.0,0.0,-0.5198563
1986.0,0.0,0.0,-0.45769897
1988.0,0.0,0.0,-0.54496276
1992.0,0.0,0.0,-0.109386116
1996.0,0.0,0.0,-0.2670382
1946.0,1.0,1.0,0.049406648
1948.0,1.0,1.0,0.17550707
1950.0,1.0,1.0,0.16645333
1952.0,0.0,0.0,-0.25663292
1954.0,0.0,0.0,-0.12558234
1956.0,0.0,0.0,-0.25951508
1958.0,0.0,0.0,-0.29711914
1960.0,0.0,0.0,-0.35530135
1962.0,1.0,1.0,0.3484391
1964.0,1.0,1.0,0.4884796
1966.0,1.0,0.0,0.31733868
1968.0,1.0,1.0,0.41898978
1970.0,1.0,1.0,0.56532854
1972.0,1.0,1.0,0.23007038
1974.0,1.0,1.0,0.6341307
1976.0,1.0,0.0,0.5046407
1982.0,1.0,1.0,0.5319839
1984.0,1.0,1.0,0.5191629
1986.0,1.0,1.0,0.9695283
1988.0,1.0,1.0,0.96928716
1990.0,1.0,0.0,0.31187367
1992.0,1.0,0.0,0.014601141
1994.0,1.0,1.0,0.06184265
1996.0,1.0,1.0,0.07789996
1946.0,0.0,0.0,-0.03924632
1948.0,1.0,1.0,0.07387981
1950.0,1.0,0.0,0.043917656
1952.0,1.0,1.0,0.05756271
1954.0,1.0,1.0,0.22114894
1956.0,1.0,0.0,0.13685122
1958.0,1.0,1.0,0.1829015
1960.0,1.0,1.0,0.13247201
1962.0,1.0,1.0,0.19167411
1964.0,1.0,1.0,0.31689343
1966.0,1.0,1.0,0.2847564
1968.0,1.0,1.0,0.25608242
1970.0,1.0,1.0,0.38755903
1972.0,1.0,1.0,0.24040115
1974.0,1.0,1.0,0.398937
1976.0,1.0,0.0,0.18809271
1982.0,0.0,0.0,-0.0045667887
1984.0,0.0,0.0,-0.3130306
1986.0,0.0,0.0,-0.6170275
1988.0,0.0,0.0,-0.57486117
1992.0,0.0,0.0,-0.36079374
1994.0,0.0,0.0,-0.025677055
1996.0,0.0,0.0,-0.013614416
1946.0,0.0,0.0,-0.31783986
1948.0,0.0,0.0,-0.20800987
1950.0,0.0,0.0,-0.18975773
1952.0,0.0,0.0,-0.048594594
1954.0,0.0,0.0,-0.037543863
1956.0,0.0,0.0,-0.13879478
1958.0,0.0,0.0,-0.13967064
1960.0,0.0,0.0,-0.14698926
1962.0,0.0,0.0,-0.14989069
1964.0,0.0,0.0,-0.13940176
1966.0,0.0,0.0,-0.3496896
1968.0,0.0,0.0,-0.16058469
1970.0,0.0,0.0,-0.16210243
1972.0,1.0,0.0,0.21644378
1974.0,1.0,0.0,0.31878772
1976.0,1.0,0.0,0.1149334
1982.0,1.0,1.0,0.58226
1984.0,1.0,1.0,0.5851112
1988.0,1.0,1.0,0.44811606
1990.0,1.0,1.0,0.26529658
1946.0,0.0,0.0,-0.057213992
1948.0,1.0,0.0,0.08648732
1950.0,0.0,0.0,-0.03532839
1952.0,0.0,0.0,-0.35646728
1954.0,0.0,0.0,-0.23738751
1956.0,0.0,0.0,-0.3218921
1958.0,0.0,0.0,-0.2228905
1960.0,0.0,0.0,-0.2561796
1962.0,0.0,0.0,-0.18042439
1964.0,0.0,0.0,-0.097794384
1966.0,0.0,0.0,-0.2559774
1968.0,0.0,0.0,-0.23415938
1970.0,0.0,0.0,-0.15842023
1972.0,0.0,0.0,-0.12966564
1974.0,0.0,0.0,-0.05479464
1976.0,1.0,0.0,0.1308848
1982.0,0.0,0.0,-0.30430916
1984.0,0.0,0.0,-0.03259766
1986.0,0.0,0.0,-0.10956994
1988.0,0.0,0.0,-0.24740836
1990.0,0.0,0.0,-0.18779528
1946.0,1.0,1.0,0.13601029
1948.0,1.0,1.0,0.3081232
1950.0,1.0,1.0,0.18154895
1952.0,0.0,0.0,-0.142257
1954.0,0.0,0.0,-0.04070258
1956.0,0.0,0.0,-0.15511945
1958.0,0.0,0.0,-0.076557875
1960.0,0.0,0.0,-0.019560963
1962.0,0.0,0.0,-0.027906656
1964.0,1.0,1.0,0.015259832
1966.0,1.0,1.0,0.10534033
1968.0,1.0,1.0,0.23114121
1970.0,1.0,1.0,0.35239404
1972.0,1.0,1.0,0.3757
1974.0,1.0,0.0,0.17258778
1976.0,0.0,0.0,-0.11664501
1946.0,0.0,0.0,-0.17684793
1948.0,0.0,0.0,-0.051450282
1950.0,0.0,0.0,-0.04861474
1952.0,0.0,1.0,-0.008862704
1954.0,1.0,1.0,0.06914759
1956.0,1.0,1.0,0.026430845
1958.0,1.0,1.0,0.17748162
1960.0,1.0,1.0,0.16123343
1962.0,1.0,1.0,0.12837827
1964.0,1.0,1.0,0.4068788
1966.0,1.0,1.0,0.290333
1968.0,1.0,1.0,0.27298212
1970.0,1.0,1.0,0.4158117
1972.0,1.0,0.0,0.11693919
1974.0,0.0,0.0,-0.07639837
1976.0,0.0,0.0,-0.13576162
1946.0,0.0,0.0,-0.09195235
1948.0,1.0,0.0,0.10757947
1950.0,0.0,0.0,-0.05005753
1952.0,1.0,1.0,0.18256962
1954.0,1.0,1.0,0.30596927
1956.0,1.0,1.0,0.23736754
1958.0,1.0,1.0,0.29584098
1960.0,1.0,1.0,0.2722433
1962.0,1.0,1.0,0.2338686
1964.0,1.0,1.0,0.3627536
1966.0,1.0,1.0,0.2811457
1968.0,1.0,1.0,0.30049416
1970.0,1.0,0.0,0.38689587
1946.0,1.0,1.0,0.058588713
1948.0,1.0,1.0,0.24340415
1950.0,1.0,1.0,0.14144492
1952.0,0.0,0.0,-0.25203994
1954.0,0.0,0.0,-0.2554593
1956.0,0.0,0.0,-0.32082403
1958.0,0.0,0.0,-0.28263986
1960.0,0.0,0.0,-0.18155596
1962.0,0.0,0.0,-0.3102013
1964.0,0.0,0.0,-0.25467658
1966.0,0.0,0.0,-0.3535625
1968.0,0.0,0.0,-0.3475241
1970.0,0.0,0.0,-0.22201952
1946.0,0.0,0.0,-0.27717665
1948.0,0.0,0.0,-0.090860486
1950.0,0.0,0.0,-0.13941884
1952.0,1.0,1.0,0.17376578
1954.0,1.0,1.0,0.30150688
1956.0,1.0,0.0,0.15504786
1958.0,1.0,1.0,0.34579977
1960.0,1.0,1.0,0.3561746
1946.0,0.0,1.0,-0.06998646
1948.0,1.0,0.0,0.08410001
1950.0,0.0,0.0,-0.057201803
1952.0,0.0,0.0,-0.2330451
1954.0,0.0,0.0,-0.21202397
1956.0,0.0,0.0,-0.29423705
1958.0,0.0,0.0,-0.2724738
1960.0,0.0,0.0,-0.18486527
1946.0,0.0,0.0,-0.20236203
1948.0,0.0,0.0,-0.0061768293
1950.0,0.0,0.0,-0.12945935
1952.0,1.0,1.0,0.2724122
1954.0,1.0,0.0,0.38014388
1956.0,1.0,1.0,0.19605052
1958.0,1.0,1.0,0.33359575
1960.0,1.0,1.0,0.37121105
1946.0,0.0,0.0,-0.27537152
1948.0,0.0,0.0,-0.12782529
1950.0,0.0,0.0,-0.34953928
1946.0,1.0,1.0,0.25662112
1948.0,1.0,1.0,0.45319486
1950.0,1.0,1.0,0.3742422
1946.0,1.0,1.0,0.15806344
1948.0,1.0,1.0,0.384714
1950.0,1.0,0.0,0.31627738
1946.0,1.0,1.0,0.13577664
1948.0,1.0,1.0,0.37760273
1950.0,1.0,1.0,0.24177998
1952.0,1.0,1.0,0.47005442
1954.0,1.0,1.0,0.50559294
1956.0,1.0,1.0,0.28833136
1958.0,1.0,1.0,0.4443098
1960.0,1.0,1.0,0.5561384
1962.0,1.0,1.0,0.48179135
1964.0,1.0,1.0,0.69823825
1966.0,1.0,1.0,0.45163295
1968.0,1.0,0.0,0.6912992
1970.0,1.0,1.0,0.8192493
1972.0,1.0,1.0,0.82788444
1974.0,1.0,1.0,0.88260514
1976.0,1.0,0.0,0.84909034
1978.0,1.0,0.0,0.17308712
1980.0,1.0,1.0,0.9096005
1982.0,1.0,0.0,0.014157206
1984.0,1.0,1.0,0.9128307
1986.0,1.0,1.0,0.9279705
1988.0,1.0,1.0,0.92096114
1990.0,1.0,0.0,0.87531364
1992.0,1.0,1.0,0.65610516
1994.0,1.0,1.0,0.51467896
1996.0,1.0,1.0,0.7303619
1946.0,0.0,0.0,-0.02519527
1948.0,1.0,0.0,0.036005586
1950.0,0.0,1.0,-0.07148573
1952.0,1.0,1.0,0.028216392
1954.0,1.0,1.0,0.23114797
1956.0,1.0,1.0,0.10554266
1958.0,1.0,1.0,0.37443706
1960.0,1.0,1.0,0.33110058
1962.0,1.0,1.0,0.24537086
1964.0,1.0,0.0,0.34566292
1966.0,1.0,0.0,0.18314672
1968.0,1.0,1.0,0.30724773
1970.0,1.0,0.0,0.49446678
1972.0,1.0,1.0,0.5004326
1974.0,1.0,1.0,0.75036573
1976.0,1.0,1.0,0.69352245
1978.0,1.0,0.0,0.7419904
1980.0,1.0,1.0,0.76320493
1982.0,1.0,1.0,0.74402
1984.0,1.0,1.0,0.6595874
1986.0,1.0,1.0,0.67658365
1988.0,1.0,1.0,0.6548984
1990.0,1.0,0.0,0.56430626
1992.0,1.0,1.0,0.6442077
1996.0,1.0,1.0,0.88143504
1946.0,0.0,0.0,-0.14486074
1948.0,1.0,0.0,0.058179945
1950.0,0.0,0.0,-0.09107852
1952.0,0.0,0.0,-0.089366436
1954.0,1.0,0.0,0.07551822
1956.0,0.0,0.0,-0.02896157
1958.0,1.0,1.0,0.17222542
1960.0,1.0,1.0,0.18168497
1962.0,1.0,1.0,0.03144136
1964.0,1.0,1.0,0.18277442
1966.0,1.0,1.0,0.03977084
1968.0,1.0,0.0,0.08070579
1970.0,1.0,1.0,0.37881246
1972.0,0.0,0.0,-0.24504831
1974.0,1.0,1.0,0.051880836
1976.0,1.0,1.0,0.18413344
1978.0,1.0,1.0,0.3038372
1980.0,1.0,1.0,0.3780805
1982.0,1.0,1.0,0.480036
1984.0,1.0,1.0,0.28818724
1986.0,1.0,1.0,0.3235326
1988.0,1.0,1.0,0.24461591
1990.0,1.0,0.0,0.41853914
1992.0,1.0,1.0,0.2704226
1994.0,1.0,1.0,0.08321798
1996.0,1.0,1.0,0.3331761
1946.0,1.0,1.0,0.41366068
1948.0,1.0,0.0,0.042166352
1950.0,0.0,0.0,-0.11653963
1952.0,0.0,0.0,-0.13104677
1954.0,0.0,0.0,-0.04295361
1956.0,0.0,0.0,-0.20063642
1958.0,0.0,0.0,-0.039123803
1960.0,0.0,0.0,-0.113910824
1962.0,0.0,0.0,-0.2978667
1964.0,0.0,0.0,-0.17857012
1966.0,0.0,0.0,-0.44066238
1968.0,0.0,0.0,-0.36623883
1970.0,0.0,0.0,-0.36006662
1972.0,0.0,0.0,-0.41078225
1974.0,0.0,0.0,-0.18465427
1976.0,0.0,0.0,-0.31576478
1978.0,0.0,0.0,-0.3373884
1980.0,0.0,0.0,-0.35934985
1982.0,0.0,0.0,-0.09249139
1984.0,0.0,0.0,-0.27955604
1986.0,0.0,0.0,-0.031014234
1988.0,1.0,1.0,0.005723715
1990.0,1.0,1.0,0.18408552
1992.0,1.0,1.0,0.55141246
1994.0,1.0,1.0,0.50437343
1996.0,1.0,1.0,0.87146544
1946.0,1.0,1.0,0.4315772
1948.0,1.0,0.0,0.44891644
1950.0,1.0,1.0,0.31177807
1952.0,1.0,1.0,0.28968802
1954.0,1.0,1.0,0.4637879
1956.0,1.0,1.0,0.23582914
1958.0,1.0,1.0,0.5215374
1960.0,1.0,1.0,0.42409113
1962.0,1.0,1.0,0.26733196
1964.0,1.0,1.0,0.27433118
1966.0,1.0,1.0,0.12481558
1968.0,1.0,1.0,0.107163936
1970.0,1.0,1.0,0.37663713
1972.0,1.0,1.0,0.45642543
1974.0,1.0,0.0,0.72068
1976.0,1.0,1.0,0.538906
1978.0,1.0,1.0,0.6799768
1980.0,1.0,0.0,0.59279096
1982.0,1.0,1.0,0.5083412
1984.0,1.0,1.0,0.27123657
1986.0,1.0,1.0,0.4072216
1988.0,1.0,1.0,0.22554111
1990.0,1.0,1.0,0.3538554
1992.0,1.0,0.0,0.18162036
1994.0,0.0,0.0,-0.08860996
1996.0,1.0,1.0,0.28244743
1946.0,1.0,1.0,0.039566666
1948.0,1.0,1.0,0.39738393
1950.0,1.0,1.0,0.29150605
1952.0,1.0,1.0,0.26221168
1954.0,1.0,1.0,0.43419814
1956.0,1.0,1.0,0.2402865
1958.0,1.0,1.0,0.4622347
1960.0,1.0,1.0,0.4345647
1962.0,1.0,0.0,0.55444527
1964.0,1.0,1.0,0.6674708
1966.0,1.0,1.0,0.14069152
1968.0,1.0,0.0,0.19385555
1970.0,1.0,1.0,0.12305844
1972.0,0.0,0.0,-0.2235218
1974.0,0.0,0.0,-0.06769836
1976.0,0.0,0.0,-0.21194598
1978.0,0.0,0.0,-0.3237536
1980.0,0.0,0.0,-0.3394421
1982.0,0.0,0.0,-0.3679997
1984.0,0.0,0.0,-0.50191593
1986.0,0.0,0.0,-0.50769234
1988.0,0.0,0.0,-0.473618
1990.0,0.0,0.0,-0.33379447
1992.0,0.0,0.0,-0.3101151
1994.0,0.0,0.0,-0.4988054
1996.0,0.0,0.0,-0.3087777
1946.0,0.0,0.0,-0.100051284
1948.0,1.0,1.0,0.4734321
1950.0,1.0,1.0,0.43534222
1952.0,1.0,0.0,0.39984998
1954.0,1.0,1.0,0.56889844
1956.0,1.0,0.0,0.433211
1958.0,1.0,1.0,0.6605792
1960.0,1.0,1.0,0.08892882
1962.0,1.0,0.0,0.57649004
1964.0,1.0,1.0,0.7186159
1966.0,1.0,1.0,0.6170039
1968.0,1.0,1.0,0.6628307
1970.0,1.0,1.0,0.7452301
1972.0,1.0,0.0,0.655712
1974.0,1.0,1.0,0.97383916
1976.0,1.0,1.0,0.6953877
1978.0,1.0,1.0,0.7260132
1980.0,1.0,1.0,0.70156324
1982.0,1.0,1.0,0.72906077
1984.0,1.0,1.0,0.56726277
1986.0,1.0,1.0,0.6159733
1990.0,1.0,1.0,0.5985018
1992.0,1.0,1.0,0.6545825
1994.0,1.0,0.0,0.5911908
1996.0,1.0,1.0,0.67548525
1946.0,1.0,1.0,0.54557
1948.0,1.0,1.0,0.30101538
1950.0,1.0,1.0,0.18643785
1952.0,1.0,1.0,0.18011805
1954.0,1.0,1.0,0.36848554
1956.0,1.0,0.0,0.19059205
1958.0,1.0,1.0,0.4917703
1960.0,1.0,1.0,0.34321657
1962.0,1.0,1.0,0.2159091
1964.0,1.0,1.0,0.32202804
1966.0,1.0,1.0,0.19780013
1968.0,1.0,1.0,0.25558868
1970.0,1.0,1.0,0.4772308
1972.0,1.0,1.0,0.48050797
1974.0,1.0,1.0,0.73085666
1976.0,1.0,1.0,0.6108217
1978.0,1.0,1.0,0.7192457
1980.0,1.0,1.0,0.6933032
1982.0,1.0,1.0,0.66887724
1984.0,1.0,1.0,0.42611352
1986.0,1.0,1.0,0.57469404
1988.0,1.0,1.0,0.5062845
1990.0,1.0,1.0,0.5821154
1992.0,0.0,0.0,-0.15282044
1994.0,0.0,0.0,-0.29858184
1996.0,0.0,0.0,-0.2615377
1946.0,0.0,0.0,-0.02656877
1948.0,1.0,1.0,0.10734379
1950.0,1.0,1.0,0.03568089
1952.0,1.0,1.0,0.047122598
1954.0,1.0,1.0,0.20654154
1956.0,1.0,1.0,0.080673814
1958.0,1.0,1.0,0.3407052
1960.0,1.0,0.0,0.20090497
1962.0,1.0,0.0,0.09675658
1964.0,1.0,1.0,0.27722275
1966.0,1.0,1.0,0.19719589
1968.0,1.0,1.0,0.28879
1970.0,1.0,1.0,0.51546526
1972.0,1.0,1.0,0.36655605
1976.0,1.0,1.0,0.44304577
1978.0,1.0,1.0,0.50655675
1980.0,1.0,1.0,0.46162555
1982.0,1.0,1.0,0.34531772
1984.0,1.0,1.0,0.3509035
1986.0,1.0,1.0,0.43276712
1988.0,1.0,1.0,0.33130267
1990.0,1.0,1.0,0.4242706
1992.0,1.0,1.0,0.40959856
1994.0,1.0,1.0,0.32197192
1996.0,1.0,0.0,0.26803073
1946.0,0.0,0.0,-0.29382536
1948.0,0.0,0.0,-0.16260052
1950.0,0.0,0.0,-0.33047983
1952.0,0.0,0.0,-0.30086794
1954.0,0.0,0.0,-0.14514303
1956.0,0.0,0.0,-0.28894255
1958.0,0.0,0.0,-0.08679345
1960.0,0.0,0.0,-0.14177164
1962.0,0.0,0.0,-0.33270743
1964.0,0.0,0.0,-0.216804
1966.0,0.0,0.0,-0.3888162
1968.0,0.0,0.0,-0.33593202
1970.0,0.0,0.0,-0.24478233
1972.0,0.0,1.0,-0.03188929
1974.0,1.0,1.0,0.017433286
1976.0,1.0,1.0,0.0009418726
1978.0,1.0,0.0,0.0036453903
1980.0,0.0,0.0,-0.21480274
1982.0,0.0,0.0,-0.17960548
1984.0,0.0,0.0,-0.4524081
1986.0,0.0,0.0,-0.502403
1988.0,0.0,0.0,-0.44960818
1990.0,0.0,0.0,-0.36968988
1992.0,0.0,0.0,-0.29019654
1994.0,0.0,0.0,-0.5010158
1996.0,0.0,0.0,-0.3818475
1946.0,0.0,0.0,-0.49868008
1948.0,1.0,0.0,0.015601903
1950.0,0.0,0.0,-0.13463685
1952.0,0.0,0.0,-0.18725422
1954.0,0.0,0.0,-0.017835379
1956.0,0.0,1.0,-0.10924566
1958.0,1.0,1.0,0.13489687
1960.0,1.0,1.0,0.07955572
1962.0,1.0,1.0,0.054769635
1964.0,1.0,1.0,0.13718355
1966.0,1.0,1.0,0.01801765
1968.0,1.0,1.0,0.115252584
1970.0,1.0,0.0,0.43887988
1972.0,1.0,1.0,0.0668315
1974.0,1.0,1.0,0.44706225
1976.0,1.0,1.0,0.34787896
1978.0,1.0,1.0,0.47451922
1980.0,1.0,1.0,0.39605835
1982.0,1.0,1.0,0.45114744
1984.0,1.0,1.0,0.25217843
1986.0,1.0,1.0,0.41390908
1988.0,1.0,1.0,0.29016557
1990.0,1.0,0.0,0.08981168
1992.0,1.0,0.0,0.11316478
1994.0,0.0,0.0,-0.21254933
1996.0,0.0,0.0,-0.035367727
1946.0,0.0,0.0,-0.38226962
1948.0,0.0,0.0,-0.052724123
1950.0,0.0,0.0,-0.12382725
1952.0,0.0,0.0,-0.11418864
1954.0,1.0,1.0,0.08208263
1956.0,1.0,1.0,0.06340805
1958.0,1.0,0.0,0.21529523
1960.0,1.0,1.0,0.015672714
1962.0,0.0,0.0,-0.27719915
1964.0,0.0,0.0,-0.17183101
1966.0,0.0,0.0,-0.38157806
1968.0,0.0,0.0,-0.40870127
1970.0,0.0,0.0,-0.24185348
1972.0,0.0,0.0,-0.48488542
1974.0,0.0,0.0,-0.22181726
1976.0,0.0,0.0,-0.45676434
1978.0,0.0,0.0,-0.5908067
1980.0,0.0,0.0,-0.48177207
1982.0,0.0,0.0,-0.35486165
1984.0,0.0,0.0,-0.5559943
1986.0,0.0,0.0,-0.55426776
1988.0,0.0,0.0,-0.50363874
1992.0,1.0,1.0,0.42489138
1994.0,1.0,1.0,0.31839284
1996.0,1.0,1.0,0.45015013
1946.0,0.0,0.0,-0.5559391
1948.0,0.0,0.0,-0.36001933
1950.0,0.0,0.0,-0.48207036
1952.0,0.0,0.0,-0.41116428
1954.0,0.0,0.0,-0.39198995
1956.0,0.0,0.0,-0.4316219
1958.0,0.0,0.0,-0.34211847
1960.0,0.0,0.0,-0.32014892
1962.0,0.0,0.0,-0.27287158
1964.0,0.0,0.0,-0.15645465
1966.0,0.0,0.0,-0.52022254
1968.0,0.0,0.0,-0.4547197
1970.0,0.0,0.0,-0.15945545
1972.0,0.0,0.0,-0.22952583
1974.0,0.0,0.0,-0.09015143
1976.0,0.0,0.0,-0.36495078
1978.0,0.0,0.0,-0.2232778
1980.0,0.0,0.0,-0.43308187
1982.0,0.0,0.0,-0.3957349
1984.0,0.0,0.0,-0.3400134
1986.0,0.0,0.0,-0.4678476
1988.0,0.0,0.0,-0.4032139
1990.0,0.0,0.0,-0.3160876
1992.0,0.0,0.0,-0.3671113
1994.0,0.0,0.0,-0.4623135
1996.0,0.0,0.0,-0.19868496
1946.0,0.0,0.0,-0.2424728
1948.0,0.0,0.0,-0.36624178
1950.0,0.0,0.0,-0.48470914
1952.0,0.0,0.0,-0.4300486
1954.0,0.0,0.0,-0.44768247
1956.0,0.0,0.0,-0.41142213
1958.0,0.0,0.0,-0.2865381
1960.0,0.0,0.0,-0.27543092
1962.0,0.0,0.0,-0.19421175
1964.0,0.0,0.0,-0.17955852
1966.0,0.0,0.0,-0.4347924
1968.0,0.0,0.0,-0.42259774
1970.0,0.0,0.0,-0.31062648
1972.0,0.0,0.0,-0.4557338
1974.0,0.0,0.0,-0.33193946
1976.0,0.0,0.0,-0.488505
1978.0,0.0,0.0,-0.5013497
1980.0,0.0,0.0,-0.53584254
1982.0,0.0,0.0,-0.2914257
1984.0,0.0,0.0,-0.24328029
1986.0,0.0,0.0,-0.047397703
1988.0,0.0,0.0,-0.474157
1990.0,0.0,0.0,-0.33809197
1992.0,0.0,0.0,-0.346874
1994.0,0.0,0.0,-0.52960205
1996.0,0.0,0.0,-0.28788486
1946.0,0.0,0.0,-0.28658366
1948.0,0.0,0.0,-0.12863758
1950.0,0.0,0.0,-0.26598763
1952.0,0.0,0.0,-0.27299812
1954.0,0.0,0.0,-0.2566185
1956.0,0.0,0.0,-0.29156455
1958.0,0.0,0.0,-0.050283432
1960.0,0.0,0.0,-0.009045154
1962.0,0.0,0.0,-0.21922415
1964.0,0.0,0.0,-0.16888139
1966.0,0.0,0.0,-0.44561818
1968.0,0.0,0.0,-0.37426367
1970.0,0.0,0.0,-0.37767294
1972.0,0.0,1.0,-0.14486945
1974.0,1.0,0.0,0.06414747
1976.0,0.0,0.0,-0.07821545
1978.0,0.0,0.0,-0.24766228
1980.0,0.0,0.0,-0.53492796
1982.0,0.0,0.0,-0.32673156
1984.0,0.0,0.0,-0.46451092
1988.0,0.0,0.0,-0.4344807
1992.0,0.0,0.0,-0.18790758
1994.0,0.0,0.0,-0.36300406
1996.0,0.0,0.0,-0.14664304
1946.0,0.0,0.0,-0.34973073
1948.0,0.0,0.0,-0.17026219
1950.0,0.0,0.0,-0.34589875
1952.0,0.0,0.0,-0.3308532
1956.0,0.0,0.0,-0.27457282
1958.0,0.0,0.0,-0.2273952
1960.0,0.0,0.0,-0.2464433
1962.0,0.0,0.0,-0.3383739
1964.0,0.0,0.0,-0.12759706
1966.0,0.0,0.0,-0.46011814
1968.0,0.0,0.0,-0.34692344
1970.0,0.0,0.0,-0.33535329
1972.0,0.0,0.0,-0.43813542
1974.0,0.0,0.0,-0.26771593
1976.0,0.0,0.0,-0.3583641
1978.0,0.0,0.0,-0.3093194
1980.0,0.0,0.0,-0.34840634
1982.0,0.0,0.0,-0.14414966
1984.0,0.0,0.0,-0.1685504
1986.0,0.0,0.0,-0.33720672
1988.0,0.0,0.0,-0.27856135
1990.0,1.0,0.0,0.091715604
1992.0,0.0,0.0,-0.11265397
1994.0,0.0,0.0,-0.41272727
1996.0,0.0,0.0,-0.20582381
1946.0,0.0,0.0,-0.42349735
1948.0,0.0,0.0,-0.25557533
1950.0,0.0,0.0,-0.33602414
1952.0,0.0,0.0,-0.2720491
1954.0,0.0,0.0,-0.29959556
1956.0,0.0,0.0,-0.29888368
1958.0,0.0,0.0,-0.22013816
1960.0,0.0,0.0,-0.22667634
1962.0,0.0,0.0,-0.24977887
1964.0,0.0,0.0,-0.12874994
1966.0,0.0,0.0,-0.34859952
1968.0,0.0,0.0,-0.3053781
1970.0,0.0,0.0,-0.24506053
1972.0,0.0,0.0,-0.11296281
1974.0,0.0,0.0,-0.029547334
1976.0,0.0,0.0,-0.16425285
1978.0,0.0,0.0,-0.41242936
1980.0,0.0,0.0,-0.31657517
1982.0,1.0,1.0,0.056679517
1984.0,1.0,1.0,0.13344407
1986.0,1.0,1.0,0.11293903
1988.0,1.0,1.0,0.29736364
1990.0,1.0,1.0,0.3303007
1992.0,1.0,1.0,0.20201421
1994.0,1.0,1.0,0.09063241
1996.0,1.0,1.0,0.046579808
1946.0,0.0,0.0,-0.30206585
1948.0,0.0,0.0,-0.041946918
1950.0,0.0,0.0,-0.23179257
1952.0,0.0,0.0,-0.10422066
1954.0,0.0,0.0,-0.14903566
1956.0,0.0,0.0,-0.17593029
1958.0,0.0,0.0,-0.18959269
1960.0,0.0,0.0,-0.18523541
1962.0,0.0,0.0,-0.2237904
1964.0,0.0,0.0,-0.07971153
1966.0,0.0,0.0,-0.16880774
1968.0,0.0,0.0,-0.21772859
1970.0,0.0,0.0,-0.32120034
1972.0,0.0,0.0,-0.29643968
1974.0,0.0,0.0,-0.09515226
1976.0,0.0,0.0,-0.15457702
1978.0,0.0,0.0,-0.31759384
1980.0,0.0,0.0,-0.24298131
1982.0,0.0,0.0,-0.032461166
1984.0,0.0,0.0,-0.22100532
1986.0,0.0,0.0,-0.25210604
1988.0,0.0,0.0,-0.09413493
1992.0,0.0,0.0,-0.15545535
1994.0,0.0,0.0,-0.20944643
1996.0,0.0,0.0,-0.18506312
1946.0,0.0,0.0,-0.24942467
1948.0,0.0,0.0,-0.080043346
1950.0,0.0,0.0,-0.17926314
1952.0,0.0,0.0,-0.21660638
1954.0,0.0,0.0,-0.12992811
1956.0,0.0,0.0,-0.11623624
1958.0,0.0,0.0,-0.0091611445
1960.0,0.0,0.0,-0.011768192
1962.0,0.0,0.0,-0.11816451
1964.0,1.0,0.0,0.048113257
1966.0,0.0,0.0,-0.04595658
1968.0,0.0,0.0,-0.2695615
1970.0,0.0,0.0,-0.36317894
1974.0,0.0,0.0,-0.30585897
1976.0,0.0,0.0,-0.36997387
1980.0,0.0,0.0,-0.46747681
1982.0,0.0,0.0,-0.041754574
1984.0,1.0,1.0,0.04518497
1986.0,1.0,1.0,0.32828426
1988.0,1.0,1.0,0.28475857
1990.0,1.0,0.0,0.33904636
1992.0,1.0,1.0,0.3828478
1994.0,1.0,1.0,0.16773245
1996.0,1.0,0.0,0.34845665
1946.0,0.0,0.0,-0.17524526
1948.0,0.0,0.0,-0.061382532
1950.0,0.0,0.0,-0.18600944
1952.0,0.0,0.0,-0.23555747
1954.0,0.0,0.0,-0.25805172
1956.0,0.0,0.0,-0.19291806
1958.0,0.0,0.0,-0.10953927
1960.0,0.0,0.0,-0.11142111
1962.0,0.0,0.0,-0.05805978
1964.0,0.0,0.0,-0.096247226
1966.0,0.0,0.0,-0.24410737
1968.0,0.0,0.0,-0.32372436
1970.0,0.0,0.0,-0.35087332
1972.0,0.0,0.0,-0.37511584
1974.0,0.0,0.0,-0.09660533
1976.0,0.0,0.0,-0.27142504
1978.0,0.0,0.0,-0.39270127
1980.0,0.0,0.0,-0.12014413
1982.0,1.0,1.0,0.0070462525
1984.0,1.0,1.0,0.22533572
1986.0,1.0,1.0,0.36193752
1988.0,1.0,1.0,0.3774546
1990.0,1.0,1.0,0.32399884
1992.0,1.0,1.0,0.1300677
1994.0,1.0,0.0,0.09680304
1996.0,0.0,0.0,-0.005145192
1946.0,0.0,0.0,-0.10223782
1948.0,1.0,1.0,0.062309742
1950.0,1.0,1.0,0.05594459
1952.0,1.0,1.0,0.048964143
1954.0,1.0,1.0,0.095633894
1956.0,1.0,1.0,0.06964302
1958.0,1.0,1.0,0.17533433
1960.0,1.0,0.0,0.09475148
1962.0,1.0,1.0,0.19970557
1964.0,1.0,1.0,0.29961574
1966.0,1.0,1.0,0.12394965
1968.0,1.0,1.0,0.08291057
1970.0,1.0,1.0,0.24965608
1972.0,0.0,0.0,-0.09558383
1974.0,0.0,0.0,-0.31575426
1976.0,0.0,0.0,-0.48926553
1978.0,0.0,0.0,-0.5654918
1980.0,0.0,0.0,-0.3511668
1982.0,1.0,1.0,0.3039372
1984.0,1.0,1.0,0.2031213
1986.0,1.0,0.0,0.0072259903
1988.0,1.0,1.0,0.051937938
1990.0,1.0,1.0,0.32089317
1946.0,1.0,1.0,0.014592171
1948.0,0.0,0.0,-0.063628435
1950.0,0.0,0.0,-0.21417868
1952.0,0.0,0.0,-0.25962004
1954.0,0.0,0.0,-0.24077272
1956.0,0.0,0.0,-0.24522868
1958.0,0.0,0.0,-0.20951927
1960.0,0.0,0.0,-0.22836375
1962.0,0.0,0.0,-0.19495848
1964.0,0.0,0.0,-0.05904302
1966.0,0.0,0.0,-0.26685977
1968.0,0.0,0.0,-0.28625393
1970.0,0.0,0.0,-0.17989948
1972.0,1.0,1.0,0.15519041
1974.0,1.0,1.0,0.19669786
1976.0,1.0,0.0,0.22866154
1978.0,0.0,0.0,-0.079808235
1980.0,0.0,0.0,-0.37697744
1982.0,1.0,0.0,0.32311788
1984.0,1.0,1.0,0.005057454
1986.0,1.0,0.0,0.06465268
1988.0,1.0,1.0,0.29755092
1990.0,1.0,1.0,0.67462087
1946.0,0.0,0.0,-0.098241806
1948.0,0.0,0.0,-0.03505397
1950.0,0.0,0.0,-0.118845105
1952.0,0.0,0.0,-0.15487826
1954.0,0.0,0.0,-0.058819056
1956.0,0.0,0.0,-0.0512861
1958.0,1.0,1.0,0.0014380217
1960.0,1.0,1.0,0.031362027
1962.0,1.0,1.0,0.034278393
1964.0,1.0,1.0,0.09112418
1966.0,1.0,1.0,0.128651
1968.0,1.0,1.0,0.079692096
1970.0,1.0,1.0,0.07930383
1972.0,1.0,1.0,0.5012276
1974.0,1.0,1.0,0.6098589
1976.0,1.0,1.0,0.5725368
1978.0,1.0,1.0,0.48338246
1980.0,1.0,1.0,0.28753507
1946.0,0.0,0.0,-0.17744443
1948.0,0.0,0.0,-0.012895435
1950.0,0.0,0.0,-0.106361955
1952.0,1.0,1.0,0.29599416
1954.0,1.0,1.0,0.38309383
1956.0,1.0,1.0,0.36422232
1958.0,1.0,1.0,0.5210693
1960.0,1.0,1.0,0.44430014
1962.0,1.0,1.0,0.47507238
1964.0,1.0,1.0,0.5143491
1966.0,1.0,1.0,0.42968777
1968.0,1.0,1.0,0.42636156
1970.0,1.0,1.0,0.4844458
1972.0,1.0,0.0,0.873227
1974.0,1.0,1.0,0.19106185
1976.0,1.0,1.0,0.3475211
1978.0,1.0,1.0,0.31259486
1980.0,1.0,1.0,0.008576632
1946.0,0.0,0.0,-0.1956068
1948.0,1.0,1.0,0.3900242
1950.0,1.0,1.0,0.29723144
1952.0,0.0,0.0,-0.123786
1954.0,1.0,1.0,0.052208066
1956.0,1.0,1.0,0.076657176
1958.0,1.0,1.0,0.16434693
1960.0,1.0,1.0,0.15794694
1948.0,0.0,0.0,-0.03739825
1950.0,0.0,0.0,-0.02354619
1946.0,0.0,0.0,-0.10623926
1946.0,1.0,1.0,0.051425964
1948.0,1.0,1.0,0.22065571
1950.0,1.0,1.0,0.055377126
1952.0,1.0,1.0,0.13046244
1954.0,1.0,1.0,0.23276284
1956.0,1.0,1.0,0.053493947
1958.0,1.0,1.0,0.33432955
1960.0,1.0,1.0,0.29624024
1962.0,1.0,1.0,0.21470702
1964.0,1.0,1.0,0.27679154
1966.0,1.0,1.0,0.16608119
1968.0,1.0,1.0,0.1369484
1970.0,1.0,1.0,0.31273612
1972.0,1.0,1.0,0.13772213
1974.0,1.0,0.0,0.37269494
1976.0,1.0,1.0,0.42609954
1978.0,1.0,1.0,0.6093823
1980.0,1.0,0.0,0.4402294
1982.0,1.0,0.0,0.13184091
1984.0,1.0,1.0,0.41857725
1986.0,1.0,1.0,0.47777373
1988.0,1.0,1.0,0.54188716
1990.0,1.0,1.0,0.320686
1992.0,1.0,1.0,0.38845456
1994.0,1.0,1.0,0.12911823
1996.0,1.0,1.0,0.39942932
1946.0,0.0,0.0,-0.23611957
1948.0,0.0,0.0,-0.11262518
1950.0,0.0,0.0,-0.1507315
1952.0,0.0,0.0,-0.27222285
1954.0,0.0,0.0,-0.19174218
1956.0,0.0,0.0,-0.24800885
1958.0,0.0,0.0,-0.044588834
1960.0,0.0,0.0,-0.15248865
1962.0,0.0,0.0,-0.151999
1964.0,0.0,0.0,-0.057792187
1966.0,0.0,0.0,-0.14992955
1968.0,0.0,0.0,-0.10117152
1970.0,0.0,0.0,-0.0076628625
1972.0,0.0,1.0,-0.09345889
1974.0,1.0,1.0,0.22125101
1976.0,1.0,1.0,0.10294467
1978.0,1.0,1.0,0.20277411
1980.0,1.0,0.0,0.081177115
1982.0,1.0,1.0,0.124180794
1984.0,1.0,1.0,0.07142633
1986.0,1.0,1.0,0.24418417
1988.0,1.0,1.0,0.06401956
1990.0,1.0,1.0,0.18742657
1992.0,1.0,0.0,0.1757038
1994.0,0.0,0.0,-0.08933675
1996.0,0.0,0.0,-0.1785394
1946.0,0.0,0.0,-0.1200504
1948.0,1.0,0.0,0.04476461
1950.0,0.0,0.0,-0.06411186
1952.0,0.0,0.0,-0.09631038
1954.0,0.0,0.0,-0.01192382
1956.0,0.0,1.0,-0.06137526
1958.0,1.0,1.0,0.13862297
1960.0,1.0,1.0,0.048473805
1962.0,1.0,1.0,0.03790331
1964.0,1.0,1.0,0.21299365
1966.0,1.0,1.0,0.11543703
1968.0,1.0,1.0,0.04478836
1970.0,1.0,1.0,0.15078017
1972.0,1.0,1.0,0.119977444
1974.0,1.0,1.0,0.28108907
1976.0,1.0,1.0,0.1379933
1978.0,1.0,0.0,0.12248191
1980.0,0.0,0.0,-0.09960449
1982.0,0.0,0.0,-0.023011208
1984.0,0.0,0.0,-0.050866455
1986.0,0.0,0.0,-0.00030818582
1988.0,0.0,0.0,-0.08576712
1990.0,1.0,1.0,0.017831564
1992.0,1.0,1.0,0.14890838
1994.0,1.0,1.0,0.10366508
1996.0,1.0,1.0,0.17023292
1946.0,0.0,0.0,-0.19891322
1948.0,1.0,0.0,0.025039852
1950.0,0.0,0.0,-0.13037911
1952.0,0.0,0.0,-0.28289592
1954.0,0.0,0.0,-0.20125175
1956.0,0.0,0.0,-0.27110144
1958.0,0.0,0.0,-0.0019178092
1960.0,0.0,0.0,-0.16313198
1962.0,0.0,0.0,-0.1111218
1964.0,0.0,0.0,-0.041654795
1966.0,0.0,0.0,-0.26968575
1968.0,0.0,0.0,-0.028375179
1970.0,1.0,1.0,0.037481755
1972.0,1.0,1.0,0.029950857
1974.0,1.0,0.0,0.053176105
1976.0,0.0,0.0,-0.0978944
1978.0,0.0,0.0,-0.30602556
1980.0,0.0,0.0,-0.21434188
1982.0,0.0,0.0,-0.29258105
1984.0,0.0,0.0,-0.22344792
1986.0,0.0,0.0,-0.3953417
1988.0,0.0,1.0,-0.24292889
1990.0,1.0,1.0,0.21303767
1992.0,1.0,0.0,0.24123752
1994.0,0.0,0.0,-0.108554035
1996.0,0.0,0.0,-0.19051379
1946.0,0.0,0.0,-0.12687856
1948.0,1.0,0.0,0.051624924
1950.0,0.0,0.0,-0.08863905
1952.0,0.0,0.0,-0.14581558
1954.0,0.0,0.0,-0.06881556
1956.0,0.0,0.0,-0.13308331
1958.0,1.0,0.0,0.07364282
1960.0,0.0,1.0,-5.6147575e-05
1962.0,1.0,1.0,0.032804042
1964.0,1.0,1.0,0.10359618
1966.0,1.0,0.0,0.0221605
1968.0,0.0,0.0,-0.25929186
1970.0,0.0,0.0,-0.119911104
1972.0,0.0,0.0,-0.2825888
1974.0,0.0,0.0,-0.13105536
1976.0,0.0,0.0,-0.23488721
1978.0,0.0,0.0,-0.3522848
1980.0,0.0,0.0,-0.23395538
1982.0,0.0,0.0,-0.22136334
1984.0,0.0,0.0,-0.36398003
1986.0,1.0,1.0,0.033731252
1988.0,1.0,1.0,0.12634024
1990.0,1.0,0.0,0.0628449
1992.0,0.0,0.0,-0.02049756
1994.0,0.0,0.0,-0.41217476
1996.0,0.0,0.0,-0.2918512
1946.0,0.0,0.0,-0.15621275
1948.0,0.0,0.0,-0.0036263466
1950.0,0.0,0.0,-0.05159962
1952.0,0.0,0.0,-0.11650324
1954.0,0.0,0.0,-0.050480634
1956.0,0.0,0.0,-0.102222234
1958.0,1.0,0.0,0.029593855
1960.0,0.0,0.0,-0.03937781
1962.0,0.0,0.0,-0.05319962
1964.0,0.0,0.0,-0.082716584
1966.0,0.0,0.0,-0.32175624
1968.0,0.0,0.0,-0.29782295
1970.0,0.0,0.0,-0.2135553
1972.0,0.0,1.0,-0.2964083
1974.0,1.0,1.0,0.048680037
1976.0,1.0,1.0,0.0982157
1978.0,1.0,1.0,0.045497417
1980.0,1.0,0.0,0.0045903623
1982.0,0.0,0.0,-0.2988943
1984.0,0.0,0.0,-0.4597745
1986.0,0.0,0.0,-0.37497187
1988.0,0.0,0.0,-0.4577304
1990.0,0.0,0.0,-0.2694693
1992.0,0.0,0.0,-0.44320586
1994.0,0.0,0.0,-0.540607
1996.0,0.0,0.0,-0.5178529
1946.0,0.0,1.0,-0.029913843
1948.0,1.0,0.0,0.083268374
1950.0,0.0,0.0,-0.006478399
1952.0,0.0,0.0,-0.12702999
1954.0,0.0,0.0,-0.10991943
1956.0,0.0,0.0,-0.14468023
1958.0,0.0,0.0,-0.07558179
1960.0,0.0,0.0,-0.2026509
1962.0,0.0,0.0,-0.156263
1964.0,0.0,0.0,-0.08317509
1966.0,0.0,0.0,-0.086592436
1968.0,0.0,0.0,-0.1952562
1970.0,0.0,0.0,-0.14166188
1972.0,0.0,0.0,-0.2324489
1974.0,0.0,0.0,-0.15013316
1976.0,0.0,0.0,-0.25390625
1978.0,0.0,0.0,-0.12618506
1980.0,0.0,0.0,-0.32916397
1982.0,0.0,0.0,-0.24517417
1984.0,0.0,0.0,-0.35818002
1986.0,0.0,0.0,-0.35180038
1988.0,0.0,0.0,-0.2347101
1990.0,0.0,0.0,-0.15108377
1992.0,0.0,0.0,-0.18961847
1994.0,0.0,0.0,-0.30204618
1996.0,0.0,0.0,-0.273089
1946.0,0.0,1.0,-0.044389635
1948.0,1.0,1.0,0.11293641
1950.0,1.0,0.0,0.027077317
1952.0,0.0,1.0,-0.055941045
1954.0,1.0,1.0,0.046284407
1956.0,1.0,1.0,0.0036400259
1958.0,1.0,1.0,0.22984302
1960.0,1.0,1.0,0.06581241
1962.0,1.0,1.0,0.11351597
1964.0,1.0,0.0,0.12934819
1966.0,0.0,0.0,-0.02172637
1968.0,0.0,0.0,-0.08916795
1970.0,0.0,0.0,-0.051847726
1972.0,0.0,0.0,-0.2673929
1974.0,1.0,0.0,0.068430305
1976.0,1.0,0.0,0.009258151
1978.0,0.0,0.0,-0.039862722
1980.0,0.0,0.0,-0.10327339
1982.0,1.0,0.0,0.033031017
1984.0,0.0,1.0,-0.0018266737
1986.0,1.0,1.0,0.06500396
1988.0,1.0,1.0,0.23629066
1990.0,1.0,1.0,0.09443605
1992.0,1.0,0.0,0.07210663
1994.0,0.0,0.0,-0.048613667
1996.0,0.0,0.0,-0.016642123
1946.0,0.0,0.0,-0.12487933
1948.0,0.0,0.0,-0.038406134
1950.0,0.0,0.0,-0.10321215
1952.0,0.0,0.0,-0.1315988
1954.0,0.0,0.0,-0.03316894
1956.0,0.0,0.0,-0.07124838
1958.0,1.0,0.0,0.0059740245
1960.0,0.0,0.0,-0.011624843
1962.0,0.0,0.0,-0.042323917
1964.0,1.0,1.0,0.088288456
1966.0,1.0,1.0,0.07666829
1968.0,1.0,1.0,0.088464856
1970.0,1.0,1.0,0.24990591
1972.0,1.0,1.0,0.2582926
1974.0,1.0,1.0,0.421479
1978.0,1.0,1.0,0.31267238
1980.0,1.0,1.0,0.28737128
1982.0,1.0,1.0,0.346529
1984.0,1.0,1.0,0.30600932
1986.0,1.0,1.0,0.4423773
1988.0,1.0,1.0,0.41437212
1990.0,1.0,1.0,0.37985638
1992.0,1.0,1.0,0.393543
1994.0,1.0,1.0,0.040643096
1996.0,1.0,0.0,0.13965985
1946.0,0.0,0.0,-0.21858314
1948.0,0.0,0.0,-0.061820865
1950.0,0.0,0.0,-0.18194461
1952.0,0.0,0.0,-0.20740086
1954.0,0.0,0.0,-0.1251249
1956.0,0.0,0.0,-0.12961075
1958.0,1.0,0.0,0.014921635
1960.0,0.0,0.0,-0.1425319
1962.0,0.0,0.0,-0.058804303
1964.0,0.0,0.0,-0.008936644
1966.0,0.0,0.0,-0.26797497
1968.0,0.0,0.0,-0.07749176
1970.0,0.0,0.0,-0.016018987
1972.0,0.0,1.0,-0.14495537
1974.0,1.0,1.0,0.08730328
1976.0,1.0,1.0,0.19675735
1978.0,1.0,1.0,0.13265824
1980.0,1.0,1.0,0.06747648
1982.0,1.0,1.0,0.33562776
1984.0,1.0,1.0,0.18463027
1986.0,1.0,1.0,0.16576037
1988.0,1.0,1.0,0.21088636
1990.0,1.0,1.0,0.32863393
1992.0,1.0,1.0,0.28953767
1994.0,1.0,0.0,0.06913328
1996.0,1.0,1.0,0.08110687
1946.0,1.0,0.0,0.02777189
1948.0,1.0,0.0,0.022577733
1950.0,0.0,0.0,-0.134563
1952.0,0.0,0.0,-0.19001642
1954.0,0.0,0.0,-0.100966394
1956.0,0.0,0.0,-0.18895644
1958.0,1.0,0.0,0.041786402
1960.0,0.0,0.0,-0.07466498
1962.0,0.0,1.0,-0.084990025
1964.0,1.0,1.0,0.00986588
1966.0,1.0,1.0,0.11491677
1968.0,1.0,1.0,0.061629295
1970.0,1.0,0.0,0.16627836
1972.0,0.0,1.0,-0.024594158
1974.0,1.0,1.0,0.04967773
1976.0,1.0,1.0,0.2140426
1978.0,1.0,1.0,0.1460802
1980.0,1.0,1.0,0.14507818
1946.0,1.0,1.0,0.32477832
1948.0,1.0,0.0,0.67395914
1950.0,1.0,1.0,0.6627066
1952.0,1.0,1.0,0.69020754
1954.0,1.0,1.0,0.7699828
1956.0,1.0,1.0,0.7218827
1958.0,1.0,1.0,0.81024754
1960.0,1.0,0.0,0.7713606
1962.0,1.0,1.0,0.78498864
1964.0,1.0,1.0,0.68054855
1966.0,1.0,1.0,0.6842854
1970.0,1.0,1.0,0.769163
1972.0,1.0,1.0,0.7756034
1974.0,1.0,1.0,0.8204847
1976.0,1.0,1.0,0.8583415
1978.0,1.0,1.0,0.85748625
1980.0,1.0,1.0,0.8987399
1982.0,1.0,1.0,0.9421156
1984.0,1.0,1.0,0.7919711
1986.0,1.0,1.0,0.7931406
1988.0,1.0,1.0,0.833614
1990.0,1.0,1.0,0.8076546
1992.0,1.0,1.0,0.1035122
1994.0,1.0,1.0,0.14882523
1996.0,1.0,1.0,0.43440783
1946.0,0.0,0.0,-0.43182984
1948.0,0.0,0.0,-0.12748724
1950.0,0.0,0.0,-0.21395418
1952.0,0.0,0.0,-0.2708701
1954.0,0.0,0.0,-0.19715849
1956.0,0.0,0.0,-0.26486927
1958.0,0.0,0.0,-0.18005407
1960.0,0.0,0.0,-0.19407824
1962.0,0.0,0.0,-0.1676383
1964.0,1.0,0.0,0.009889632
1966.0,0.0,0.0,-0.020893812
1968.0,0.0,0.0,-0.094533294
1970.0,0.0,0.0,-0.25053778
1972.0,0.0,0.0,-0.12776309
1974.0,0.0,0.0,-0.06868845
1976.0,0.0,0.0,-0.0017940998
1978.0,0.0,0.0,-0.35941106
1980.0,0.0,0.0,-0.15864018
1982.0,0.0,0.0,-0.32996354
1984.0,0.0,0.0,-0.38178298
1986.0,0.0,0.0,-0.18077329
1988.0,0.0,0.0,-0.0991424
1990.0,0.0,0.0,-0.30905652
1992.0,0.0,0.0,-0.28097713
1994.0,0.0,0.0,-0.5154028
1996.0,0.0,0.0,-0.32330364
1946.0,0.0,0.0,-0.39071518
1948.0,0.0,0.0,-0.20670736
1950.0,0.0,0.0,-0.23721454
1952.0,0.0,0.0,-0.24377921
1954.0,0.0,0.0,-0.19248545
1956.0,0.0,0.0,-0.280064
1958.0,0.0,0.0,-0.2124461
1960.0,0.0,0.0,-0.2130777
1962.0,0.0,1.0,-0.1896325
1964.0,1.0,0.0,0.053616047
1966.0,0.0,0.0,-0.044944525
1968.0,0.0,0.0,-0.30313575
1970.0,0.0,0.0,-0.12531388
1972.0,0.0,0.0,-0.19344187
1974.0,0.0,0.0,-0.036058277
1976.0,0.0,1.0,-0.020238817
1978.0,1.0,1.0,0.026666015
1980.0,1.0,1.0,0.048246354
1982.0,1.0,1.0,0.1368159
1984.0,1.0,1.0,0.058597833
1986.0,1.0,1.0,0.2073805
1988.0,1.0,1.0,0.14684224
1990.0,1.0,0.0,0.1571044
1992.0,0.0,0.0,-0.2511875
1994.0,0.0,0.0,-0.5032313
1996.0,0.0,0.0,-0.3914126
1946.0,0.0,0.0,-0.4593832
1948.0,0.0,0.0,-0.31471056
1950.0,0.0,0.0,-0.3780585
1952.0,0.0,0.0,-0.3360902
1954.0,0.0,0.0,-0.24636355
1956.0,0.0,0.0,-0.2392385
1958.0,0.0,0.0,-0.2003684
1960.0,0.0,0.0,-0.24822283
1962.0,0.0,0.0,-0.27572048
1964.0,0.0,0.0,-0.0857991
1966.0,0.0,0.0,-0.35550025
1968.0,0.0,0.0,-0.3125602
1970.0,0.0,0.0,-0.2379955
1972.0,0.0,0.0,-0.3450395
1974.0,0.0,0.0,-0.07596782
1976.0,0.0,0.0,-0.21267739
1978.0,0.0,0.0,-0.423644
1980.0,0.0,0.0,-0.50767744
1982.0,0.0,0.0,-0.20881307
1984.0,0.0,0.0,-0.33887768
1986.0,0.0,0.0,-0.25269356
1988.0,0.0,0.0,-0.41694072
1990.0,0.0,0.0,-0.1553782
1992.0,0.0,0.0,-0.2773608
1994.0,0.0,0.0,-0.4766947
1996.0,0.0,0.0,-0.327887
1946.0,0.0,0.0,-0.43206036
1948.0,0.0,0.0,-0.22199112
1950.0,0.0,0.0,-0.33814096
1952.0,0.0,0.0,-0.32983947
1954.0,0.0,0.0,-0.2651775
1956.0,0.0,0.0,-0.34282112
1958.0,0.0,0.0,-0.27399918
1960.0,0.0,0.0,-0.33756498
1962.0,0.0,0.0,-0.34072065
1964.0,0.0,0.0,-0.22442842
1966.0,0.0,0.0,-0.37087202
1968.0,0.0,0.0,-0.25597757
1970.0,0.0,0.0,-0.22866467
1972.0,0.0,0.0,-0.2341522
1974.0,1.0,0.0,0.091999024
1976.0,0.0,0.0,-0.071145564
1978.0,0.0,0.0,-0.0070839524
1980.0,0.0,0.0,-0.07349214
1982.0,0.0,0.0,-0.06144321
1984.0,0.0,0.0,-0.24219257
1986.0,0.0,0.0,-0.42475474
1988.0,0.0,0.0,-0.45198026
1990.0,0.0,0.0,-0.50835335
1992.0,1.0,1.0,0.22254333
1994.0,1.0,1.0,0.33712846
1996.0,1.0,1.0,0.4179651
1946.0,0.0,0.0,-0.15345412
1948.0,0.0,0.0,-0.005313307
1950.0,0.0,0.0,-0.06532079
1952.0,0.0,1.0,-0.056280732
1954.0,1.0,0.0,0.025395602
1956.0,0.0,0.0,-0.017274797
1958.0,0.0,0.0,-0.0445776
1960.0,0.0,0.0,-0.13292453
1962.0,0.0,0.0,-0.090349644
1964.0,0.0,0.0,-0.13119563
1966.0,0.0,0.0,-0.3452624
1968.0,0.0,0.0,-0.2826704
1970.0,0.0,0.0,-0.20508766
1972.0,0.0,0.0,-0.012738824
1974.0,1.0,1.0,0.004314065
1976.0,1.0,1.0,0.062473327
1978.0,1.0,0.0,0.1346525
1980.0,0.0,1.0,-0.012391955
1982.0,1.0,1.0,0.03873101
1984.0,1.0,1.0,0.056955606
1986.0,1.0,1.0,0.13345435
1988.0,1.0,1.0,0.19305053
1992.0,0.0,0.0,-0.23621747
1994.0,0.0,0.0,-0.47954658
1996.0,0.0,0.0,-0.37040454
1946.0,0.0,0.0,-0.4921956
1948.0,0.0,0.0,-0.18717837
1950.0,0.0,0.0,-0.26332718
1952.0,0.0,0.0,-0.2085338
1954.0,0.0,0.0,-0.057855934
1956.0,0.0,0.0,-0.07371652
1958.0,1.0,1.0,0.016066581
1960.0,1.0,1.0,0.067362994
1962.0,1.0,1.0,0.12543786
1964.0,1.0,0.0,0.3144008
1966.0,0.0,0.0,-0.08176386
1968.0,0.0,0.0,-0.21315756
1970.0,0.0,0.0,-0.4000227
1972.0,0.0,0.0,-0.40218544
1974.0,1.0,0.0,0.31496295
1976.0,1.0,1.0,0.416478
1978.0,1.0,1.0,0.5485281
1980.0,1.0,1.0,0.8550637
1982.0,1.0,1.0,0.52295375
1984.0,1.0,1.0,0.8630605
1986.0,1.0,1.0,0.60058033
1988.0,1.0,1.0,0.5212104
1990.0,1.0,1.0,0.36760405
1994.0,0.0,0.0,-0.32845768
1996.0,0.0,0.0,-0.12128338
1946.0,0.0,0.0,-0.46156698
1948.0,0.0,0.0,-0.24237978
1950.0,0.0,0.0,-0.21814004
1952.0,0.0,0.0,-0.3359552
1954.0,0.0,0.0,-0.25701225
1956.0,0.0,0.0,-0.28448313
1958.0,0.0,0.0,-0.24385488
1960.0,0.0,0.0,-0.24565738
1962.0,0.0,0.0,-0.20915556
1964.0,0.0,0.0,-0.094855666
1966.0,0.0,0.0,-0.39706746
1968.0,0.0,0.0,-0.37676692
1970.0,0.0,0.0,-0.3171017
1972.0,0.0,0.0,-0.19866866
1974.0,1.0,1.0,0.11432174
1976.0,1.0,1.0,0.18648463
1978.0,1.0,1.0,0.33138373
1980.0,1.0,1.0,0.23066232
1982.0,1.0,1.0,0.8201132
1984.0,1.0,1.0,0.28838262
1986.0,1.0,1.0,0.45272592
1988.0,1.0,1.0,0.44157362
1990.0,1.0,0.0,0.37210917
1992.0,1.0,0.0,0.012683839
1994.0,0.0,0.0,-0.06720948
1996.0,1.0,1.0,0.09622273
1946.0,0.0,0.0,-0.44197348
1948.0,0.0,0.0,-0.18036604
1950.0,0.0,0.0,-0.09549007
1952.0,0.0,0.0,-0.1943224
1954.0,0.0,0.0,-0.11762571
1956.0,0.0,0.0,-0.119540125
1958.0,0.0,0.0,-0.13566631
1960.0,0.0,0.0,-0.19356671
1962.0,0.0,0.0,-0.18816912
1964.0,0.0,0.0,-0.14863098
1966.0,0.0,0.0,-0.33418718
1968.0,0.0,0.0,-0.34943864
1970.0,0.0,0.0,-0.29305562
1972.0,0.0,0.0,-0.39887938
1974.0,0.0,0.0,-0.1441518
1976.0,0.0,0.0,-0.40567762
1978.0,0.0,0.0,-0.39196762
1982.0,0.0,0.0,-0.29735467
1984.0,0.0,0.0,-0.42130098
1986.0,0.0,0.0,-0.28841102
1988.0,0.0,0.0,-0.39565966
1990.0,0.0,0.0,-0.095118076
1992.0,1.0,1.0,0.08880359
1994.0,1.0,1.0,0.041945487
1996.0,1.0,1.0,0.20382977
1946.0,0.0,0.0,-0.43016008
1948.0,0.0,0.0,-0.27593654
1950.0,0.0,0.0,-0.3248985
1952.0,0.0,0.0,-0.34961143
1954.0,0.0,0.0,-0.22796369
1956.0,0.0,0.0,-0.31199583
1958.0,0.0,0.0,-0.22422522
1960.0,0.0,0.0,-0.24331233
1962.0,0.0,0.0,-0.22941592
1964.0,0.0,0.0,-0.13239047
1966.0,0.0,0.0,-0.34871507
1968.0,0.0,0.0,-0.3185985
1970.0,0.0,0.0,-0.18269694
1972.0,0.0,0.0,-0.35857078
1974.0,0.0,0.0,-0.07779002
1976.0,0.0,1.0,-0.13676587
1978.0,1.0,1.0,0.02962616
1980.0,1.0,1.0,0.06384522
1982.0,1.0,0.0,0.21196797
1984.0,0.0,0.0,-0.0062679052
1986.0,0.0,0.0,-0.023035407
1988.0,0.0,0.0,-0.4634035
1990.0,0.0,0.0,-0.31967583
1992.0,1.0,1.0,0.08944735
1994.0,1.0,1.0,0.24529731
1996.0,1.0,1.0,0.108014405
1946.0,0.0,0.0,-0.31944048
1948.0,0.0,0.0,-0.27928376
1950.0,0.0,0.0,-0.332395
1952.0,0.0,0.0,-0.18558285
1954.0,0.0,0.0,-0.09834054
1956.0,0.0,0.0,-0.1215938
1958.0,0.0,0.0,-0.04629481
1960.0,0.0,0.0,-0.09747082
1962.0,0.0,0.0,-0.13341948
1964.0,1.0,0.0,0.06523824
1966.0,0.0,0.0,-0.0361754
1968.0,0.0,0.0,-0.17579806
1970.0,0.0,0.0,-0.23237693
1972.0,0.0,0.0,-0.39595318
1974.0,0.0,0.0,-0.02140218
1976.0,0.0,0.0,-0.09923771
1978.0,0.0,0.0,-0.09844267
1980.0,0.0,0.0,-0.3168776
1982.0,0.0,0.0,-0.21035269
1984.0,0.0,0.0,-0.17242146
1986.0,0.0,0.0,-0.26405922
1988.0,0.0,0.0,-0.19665548
1990.0,0.0,0.0,-0.2254883
1992.0,0.0,0.0,-0.17474872
1994.0,0.0,0.0,-0.37712088
1996.0,0.0,0.0,-0.25259787
1946.0,0.0,0.0,-0.092455745
1948.0,0.0,0.0,-0.13792288
1950.0,0.0,0.0,-0.23455372
1952.0,0.0,0.0,-0.16369736
1954.0,0.0,0.0,-0.11798978
1956.0,0.0,0.0,-0.12675741
1958.0,0.0,0.0,-0.14147007
1960.0,0.0,0.0,-0.21714824
1962.0,0.0,0.0,-0.26572156
1964.0,1.0,1.0,0.4968238
1966.0,1.0,1.0,0.30236614
1968.0,1.0,1.0,0.41053772
1970.0,1.0,1.0,0.53205925
1972.0,1.0,0.0,0.016364068
1974.0,1.0,0.0,0.44633156
1976.0,1.0,1.0,0.05246398
1978.0,1.0,1.0,0.098234564
1980.0,1.0,1.0,0.10689536
1982.0,1.0,1.0,0.32689136
1984.0,1.0,1.0,0.17410657
1986.0,1.0,1.0,0.32706967
1988.0,1.0,1.0,0.081160754
1990.0,1.0,1.0,0.31031528
1992.0,1.0,1.0,0.069474965
1994.0,1.0,1.0,0.054001063
1996.0,1.0,1.0,0.16863403
1946.0,0.0,1.0,-0.059069246
1948.0,1.0,1.0,0.25311667
1950.0,1.0,1.0,0.23108354
1952.0,1.0,0.0,0.29715955
1954.0,1.0,1.0,0.3212811
1956.0,1.0,1.0,0.39527047
1958.0,1.0,1.0,0.45737398
1960.0,1.0,1.0,0.43155017
1962.0,1.0,1.0,0.42416072
1964.0,1.0,1.0,0.7191708
1966.0,1.0,1.0,0.6607121
1968.0,1.0,1.0,0.7284864
1970.0,1.0,1.0,0.7230545
1972.0,1.0,1.0,0.7231058
1974.0,1.0,1.0,0.7625375
1976.0,1.0,1.0,0.79397357
1978.0,1.0,0.0,0.5842533
1980.0,1.0,1.0,0.8411539
1982.0,1.0,1.0,0.7680737
1984.0,1.0,1.0,0.73249125
1986.0,1.0,1.0,0.71357733
1988.0,1.0,0.0,0.75462735
1990.0,1.0,1.0,0.63615316
1992.0,1.0,0.0,0.091398984
1994.0,1.0,1.0,0.06756014
1996.0,1.0,1.0,0.1526734
1946.0,0.0,1.0,-0.06980324
1948.0,1.0,1.0,0.14206105
1950.0,1.0,1.0,0.032156944
1952.0,1.0,1.0,0.061922103
1954.0,1.0,1.0,0.1662569
1956.0,1.0,1.0,0.13555524
1958.0,1.0,1.0,0.28570202
1960.0,1.0,0.0,0.25552613
1962.0,1.0,0.0,0.23517844
1964.0,1.0,1.0,0.33827972
1966.0,1.0,1.0,0.19457424
1968.0,1.0,1.0,0.26097283
1970.0,1.0,1.0,0.40098563
1972.0,1.0,0.0,0.09725693
1974.0,1.0,0.0,0.44154206
1976.0,1.0,1.0,0.33716425
1978.0,1.0,0.0,0.34722802
1980.0,1.0,1.0,0.070534796
1982.0,1.0,1.0,0.89926267
1984.0,1.0,1.0,0.18831387
1986.0,1.0,1.0,0.4618245
1988.0,1.0,1.0,0.2626676
1990.0,1.0,0.0,0.30795345
1992.0,1.0,1.0,0.6644065
1994.0,1.0,1.0,0.6486541
1996.0,1.0,1.0,0.7380288
1946.0,1.0,1.0,0.04229918
1948.0,1.0,1.0,0.30405375
1950.0,1.0,1.0,0.283159
1952.0,1.0,1.0,0.33545876
1954.0,1.0,1.0,0.45527947
1956.0,1.0,1.0,0.48245767
1958.0,1.0,1.0,0.57271093
1960.0,1.0,1.0,0.59128636
1962.0,1.0,1.0,0.66051733
1964.0,1.0,1.0,0.41904947
1966.0,1.0,1.0,0.35656002
1968.0,1.0,1.0,0.4209988
1970.0,1.0,1.0,0.59891737
1972.0,1.0,1.0,0.32908565
1974.0,1.0,1.0,0.5731945
1976.0,1.0,1.0,0.49281612
1978.0,1.0,1.0,0.6019541
1980.0,1.0,1.0,0.3604133
1982.0,1.0,1.0,0.46811187
1984.0,1.0,1.0,0.19861937
1986.0,1.0,1.0,0.5102884
1988.0,1.0,1.0,0.29072523
1990.0,1.0,1.0,0.24614751
1992.0,1.0,1.0,0.63289845
1994.0,1.0,0.0,0.69975
1996.0,1.0,1.0,0.7852464
1946.0,1.0,1.0,0.048502296
1948.0,1.0,0.0,0.25631094
1950.0,1.0,1.0,0.22206756
1952.0,1.0,1.0,0.21736684
1954.0,1.0,1.0,0.36170533
1956.0,1.0,1.0,0.28475085
1958.0,1.0,1.0,0.43950993
1960.0,1.0,1.0,0.32245803
1962.0,1.0,0.0,0.35752377
1964.0,1.0,1.0,0.46925953
1966.0,1.0,1.0,0.25364769
1968.0,1.0,1.0,0.48015156
1970.0,1.0,1.0,0.5827702
1972.0,1.0,1.0,0.38295949
1974.0,1.0,1.0,0.572548
1976.0,1.0,1.0,0.5320062
1978.0,1.0,1.0,0.54511356
1980.0,1.0,1.0,0.41667658
1982.0,1.0,1.0,0.48321205
1984.0,1.0,1.0,0.27985898
1986.0,1.0,1.0,0.5564419
1988.0,1.0,1.0,0.9477614
1990.0,1.0,0.0,0.34677795
1992.0,1.0,1.0,0.33731088
1994.0,1.0,1.0,0.19382489
1996.0,1.0,1.0,0.2635227
1946.0,0.0,0.0,-0.2998779
1948.0,0.0,0.0,-0.0590567
1950.0,0.0,0.0,-0.11462125
1952.0,0.0,1.0,-0.05881563
1954.0,1.0,1.0,0.04606843
1956.0,1.0,1.0,0.06793794
1958.0,1.0,1.0,0.20785478
1960.0,1.0,1.0,0.15370107
1962.0,1.0,1.0,0.1852971
1964.0,1.0,1.0,0.45792103
1966.0,1.0,1.0,0.38362563
1968.0,1.0,1.0,0.500182
1970.0,1.0,1.0,0.5933541
1972.0,1.0,0.0,0.33934698
1974.0,1.0,1.0,0.40086088
1976.0,1.0,1.0,0.2978806
1978.0,1.0,1.0,0.8173783
1980.0,1.0,0.0,0.47684595
1982.0,1.0,1.0,0.34922725
1986.0,1.0,1.0,0.5397308
1988.0,1.0,1.0,0.4159919
1990.0,1.0,1.0,0.39382485
1952.0,0.0,0.0,-0.125916
1954.0,0.0,0.0,-0.0776124
1956.0,0.0,0.0,-0.13451323
1958.0,0.0,0.0,-0.05503738
1960.0,0.0,0.0,-0.11822125
1962.0,0.0,0.0,-0.19255483
1964.0,0.0,0.0,-0.1907934
1966.0,0.0,0.0,-0.3564793
1968.0,0.0,0.0,-0.20170471
1970.0,0.0,0.0,-0.29208052
1972.0,0.0,0.0,-0.052443355
1974.0,1.0,1.0,0.18554196
1976.0,1.0,1.0,0.33361796
1978.0,1.0,1.0,0.50148225
1980.0,1.0,0.0,0.32277766
1982.0,0.0,0.0,-0.4764261
1984.0,0.0,0.0,-0.59737575
1986.0,0.0,0.0,-0.47543266
1988.0,0.0,0.0,-0.5362465
1990.0,0.0,0.0,-0.3272506
1964.0,1.0,0.0,0.067837834
1966.0,0.0,0.0,-0.14078832
1968.0,0.0,0.0,-0.1606574
1970.0,0.0,0.0,-0.18334103
1972.0,0.0,0.0,-0.4172161
1974.0,0.0,0.0,-0.26021007
1976.0,0.0,0.0,-0.34132913
1978.0,0.0,0.0,-0.4258219
1980.0,0.0,0.0,-0.46758634
1962.0,1.0,0.0,0.04110813
1946.0,0.0,0.0,-0.28470612
1948.0,0.0,0.0,-0.03290689
1950.0,0.0,0.0,-0.18090609
1952.0,0.0,0.0,-0.23254478
1954.0,0.0,0.0,-0.28625873
1956.0,0.0,0.0,-0.29443082
1958.0,0.0,0.0,-0.13274309
1960.0,0.0,0.0,-0.17792264
1962.0,0.0,0.0,-0.25345746
1964.0,1.0,0.0,0.03767085
1966.0,0.0,0.0,-0.05856514
1968.0,0.0,0.0,-0.34455338
1970.0,0.0,0.0,-0.38258302
1972.0,0.0,0.0,-0.405154
1974.0,0.0,1.0,-0.018834531
1976.0,0.0,0.0,-0.3114396
1978.0,0.0,0.0,-0.3058974
1980.0,0.0,0.0,-0.51480925
1982.0,1.0,1.0,0.29762402
1984.0,1.0,1.0,0.14833057
1986.0,1.0,1.0,0.234532
1988.0,1.0,0.0,0.12927744
1990.0,1.0,0.0,0.02172935
1992.0,1.0,0.0,0.07973653
1994.0,0.0,0.0,-0.121668816
1996.0,0.0,0.0,-0.10806966
1946.0,0.0,0.0,-0.26328182
1948.0,1.0,0.0,0.05698797
1950.0,0.0,0.0,-0.05300376
1952.0,0.0,0.0,-0.13192451
1954.0,0.0,0.0,-0.16756713
1956.0,0.0,0.0,-0.3092954
1958.0,0.0,0.0,-0.094625145
1960.0,0.0,0.0,-0.14843586
1962.0,0.0,0.0,-0.2553195
1964.0,0.0,0.0,-0.21087828
1966.0,0.0,0.0,-0.4143351
1968.0,0.0,0.0,-0.34788513
1970.0,0.0,0.0,-0.11752975
1972.0,0.0,0.0,-0.2552769
1974.0,0.0,0.0,-0.06700885
1976.0,1.0,1.0,0.027494073
1978.0,1.0,1.0,0.047112107
1980.0,1.0,1.0,0.17448726
1982.0,0.0,0.0,-0.2848859
1984.0,0.0,0.0,-0.3723283
1986.0,0.0,0.0,-0.4148772
1988.0,0.0,0.0,-0.44629577
1990.0,0.0,0.0,-0.28835583
1992.0,0.0,0.0,-0.40133417
1994.0,0.0,0.0,-0.54884505
1996.0,0.0,0.0,-0.49383944
1946.0,0.0,0.0,-0.039599776
1948.0,1.0,1.0,0.16392592
1950.0,1.0,0.0,0.08919835
1952.0,0.0,0.0,-0.021712214
1954.0,0.0,0.0,-0.051600248
1956.0,0.0,0.0,-0.1807071
1958.0,0.0,0.0,-0.047934055
1960.0,0.0,0.0,-0.24087262
1962.0,0.0,0.0,-0.14064786
1964.0,1.0,0.0,0.040459037
1966.0,0.0,0.0,-0.07588974
1968.0,0.0,0.0,-0.56315804
1970.0,0.0,0.0,-0.51374376
1972.0,0.0,0.0,-0.5232625
1976.0,0.0,0.0,-0.46086645
1978.0,1.0,1.0,0.09431186
1980.0,1.0,1.0,0.17295006
1982.0,1.0,1.0,0.75389385
1986.0,1.0,1.0,0.47306672
1988.0,1.0,1.0,0.5378107
1992.0,1.0,1.0,0.1933743
1994.0,1.0,1.0,0.18590987
1996.0,1.0,1.0,0.30545735
1946.0,0.0,0.0,-0.18456352
1948.0,0.0,0.0,-0.114598244
1950.0,0.0,0.0,-0.3351504
1952.0,0.0,0.0,-0.36543238
1954.0,0.0,0.0,-0.35204914
1956.0,0.0,0.0,-0.37634075
1958.0,0.0,0.0,-0.22025904
1960.0,0.0,0.0,-0.3074895
1962.0,0.0,0.0,-0.40597892
1964.0,0.0,0.0,-0.11336732
1966.0,0.0,0.0,-0.27199826
1970.0,0.0,0.0,-0.28798187
1972.0,0.0,0.0,-0.25394103
1974.0,0.0,0.0,-0.23059535
1976.0,0.0,0.0,-0.4011922
1978.0,0.0,0.0,-0.36991236
1980.0,0.0,0.0,-0.44686258
1982.0,0.0,0.0,-0.2921777
1984.0,0.0,0.0,-0.54997945
1986.0,0.0,0.0,-0.5804645
1990.0,0.0,0.0,-0.23419496
1992.0,0.0,0.0,-0.22811875
1996.0,0.0,0.0,-0.34471223
1946.0,0.0,0.0,-0.2059623
1948.0,0.0,0.0,-0.042878866
1950.0,0.0,0.0,-0.14982879
1952.0,0.0,0.0,-0.26309156
1954.0,0.0,0.0,-0.19072366
1956.0,0.0,0.0,-0.24646509
1958.0,0.0,0.0,-0.07830259
1960.0,0.0,0.0,-0.34610823
1962.0,0.0,0.0,-0.40816784
1964.0,0.0,0.0,-0.3177724
1966.0,0.0,0.0,-0.5065032
1968.0,0.0,0.0,-0.4238031
1970.0,0.0,0.0,-0.4229262
1972.0,0.0,0.0,-0.4549221
1974.0,0.0,0.0,-0.250926
1976.0,0.0,0.0,-0.34881815
1978.0,0.0,0.0,-0.25235328
1980.0,0.0,0.0,-0.4072735
1982.0,0.0,0.0,-0.10429838
1984.0,0.0,0.0,-0.25160512
1986.0,0.0,0.0,-0.30056095
1988.0,0.0,0.0,-0.21225587
1990.0,0.0,0.0,-0.43347394
1994.0,0.0,0.0,-0.4672649
1996.0,0.0,0.0,-0.27134487
1946.0,0.0,1.0,-0.095596194
1948.0,1.0,1.0,0.061649084
1950.0,1.0,1.0,0.016878635
1952.0,1.0,1.0,0.002415806
1954.0,1.0,1.0,0.043572307
1956.0,1.0,1.0,0.090010494
1958.0,1.0,0.0,0.24003565
1960.0,0.0,0.0,-0.10387206
1962.0,0.0,0.0,-0.20755315
1964.0,0.0,0.0,-0.20100811
1966.0,0.0,0.0,-0.3584834
1968.0,0.0,0.0,-0.44737712
1970.0,0.0,0.0,-0.35650662
1974.0,0.0,0.0,-0.3764037
1976.0,0.0,0.0,-0.22969487
1978.0,0.0,0.0,-0.2977333
1980.0,0.0,0.0,-0.0919185
1982.0,0.0,0.0,-0.18448284
1984.0,0.0,0.0,-0.48234913
1986.0,0.0,0.0,-0.4242094
1988.0,0.0,0.0,-0.48616195
1990.0,0.0,0.0,-0.42399856
1992.0,1.0,0.0,0.014332265
1994.0,0.0,1.0,-0.018992424
1996.0,1.0,1.0,0.026514739
1946.0,0.0,0.0,-0.3600961
1950.0,0.0,0.0,-0.36872348
1954.0,0.0,0.0,-0.27782357
1956.0,0.0,0.0,-0.31890464
1958.0,0.0,0.0,-0.21027732
1960.0,0.0,0.0,-0.30892277
1962.0,0.0,0.0,-0.35417676
1964.0,0.0,0.0,-0.13525224
1968.0,0.0,0.0,-0.27584383
1970.0,0.0,0.0,-0.3873273
1974.0,0.0,0.0,-0.32727018
1976.0,0.0,0.0,-0.29703045
1980.0,0.0,0.0,-0.5223222
1982.0,0.0,0.0,-0.14280865
1984.0,0.0,0.0,-0.49952793
1988.0,0.0,0.0,-0.477536
1990.0,0.0,0.0,-0.24167323
1992.0,0.0,0.0,-0.4251059
1996.0,0.0,0.0,-0.41491264
1946.0,0.0,0.0,-0.27959183
1948.0,0.0,0.0,-0.08986032
1950.0,0.0,0.0,-0.25455737
1952.0,0.0,0.0,-0.37457594
1954.0,0.0,0.0,-0.2609557
1956.0,0.0,0.0,-0.2690519
1958.0,0.0,0.0,-0.22534087
1960.0,0.0,0.0,-0.3534646
1962.0,0.0,0.0,-0.40121022
1964.0,0.0,0.0,-0.23519015
1966.0,0.0,0.0,-0.34102955
1968.0,0.0,0.0,-0.42748457
1972.0,0.0,0.0,-0.043717504
1974.0,0.0,0.0,-0.044811696
1976.0,0.0,0.0,-0.3988113
1978.0,0.0,0.0,-0.42817548
1980.0,0.0,0.0,-0.5193304
1982.0,0.0,0.0,-0.32782137
1984.0,0.0,0.0,-0.53757346
1988.0,0.0,0.0,-0.5170039
1990.0,0.0,0.0,-0.22239956
1992.0,0.0,0.0,-0.47957802
1996.0,0.0,0.0,-0.4420559
1946.0,0.0,0.0,-0.002845049
1948.0,1.0,0.0,0.07565975
1950.0,0.0,0.0,-0.041234165
1952.0,0.0,0.0,-0.07532662
1954.0,1.0,1.0,0.028671265
1956.0,1.0,1.0,0.10498306
1958.0,1.0,1.0,0.23197103
1960.0,1.0,1.0,0.13737369
1962.0,1.0,1.0,0.14705217
1964.0,1.0,1.0,0.2579162
1966.0,1.0,1.0,0.21515203
1968.0,1.0,1.0,0.14801106
1970.0,1.0,1.0,0.41833726
1972.0,1.0,1.0,0.3820243
1974.0,1.0,1.0,0.056518048
1976.0,1.0,1.0,0.101929516
1978.0,1.0,0.0,0.3304487
1980.0,0.0,0.0,-0.16354549
1982.0,1.0,1.0,0.18696603
1984.0,1.0,1.0,0.11600399
1986.0,1.0,1.0,0.55032325
1988.0,1.0,1.0,0.62624604
1990.0,1.0,1.0,0.5538317
1992.0,1.0,1.0,0.51786447
1994.0,1.0,1.0,0.5067768
1996.0,1.0,1.0,0.5628462
1946.0,0.0,0.0,-0.33293176
1948.0,0.0,0.0,-0.15725434
1950.0,0.0,0.0,-0.3042289
1952.0,0.0,0.0,-0.27951112
1954.0,0.0,0.0,-0.23325205
1958.0,1.0,1.0,0.058887213
1960.0,1.0,0.0,0.050703645
1962.0,0.0,1.0,-0.04561159
1964.0,1.0,0.0,0.047715664
1966.0,0.0,0.0,-0.040406942
1968.0,0.0,0.0,-0.3850151
1970.0,0.0,0.0,-0.33059
1972.0,0.0,0.0,-0.46419477
1974.0,0.0,0.0,-0.40732494
1976.0,0.0,0.0,-0.37527582
1978.0,0.0,0.0,-0.47846213
1980.0,0.0,0.0,-0.48730528
1982.0,0.0,0.0,-0.26616335
1984.0,0.0,0.0,-0.45956728
1986.0,0.0,0.0,-0.40880716
1988.0,0.0,0.0,-0.4326755
1990.0,0.0,0.0,-0.26453343
1992.0,0.0,0.0,-0.1358957
1994.0,0.0,0.0,-0.13236839
1996.0,1.0,1.0,0.027370155
1946.0,0.0,0.0,-0.21168864
1948.0,0.0,0.0,-0.016986877
1950.0,0.0,0.0,-0.06254044
1952.0,0.0,0.0,-0.1758093
1954.0,0.0,0.0,-0.30546668
1956.0,0.0,0.0,-0.16839635
1958.0,1.0,1.0,0.006121427
1960.0,1.0,0.0,0.020531535
1962.0,0.0,0.0,-0.01109764
1964.0,0.0,0.0,-0.1073176
1966.0,0.0,0.0,-0.38614547
1968.0,0.0,0.0,-0.5069113
1970.0,0.0,0.0,-0.36494526
1972.0,0.0,0.0,-0.3633591
1974.0,0.0,0.0,-0.21037185
1976.0,0.0,0.0,-0.43484047
1978.0,0.0,0.0,-0.39789295
1980.0,0.0,0.0,-0.4166806
1982.0,1.0,1.0,0.23939914
1984.0,1.0,1.0,0.33513665
1986.0,1.0,1.0,0.47587293
1988.0,1.0,1.0,0.22983992
1990.0,1.0,0.0,0.31444174
1992.0,1.0,1.0,0.49570706
1994.0,1.0,1.0,0.54429615
1996.0,1.0,0.0,0.65980893
1946.0,0.0,0.0,-0.23999333
1948.0,0.0,0.0,-0.042569995
1950.0,0.0,0.0,-0.2812241
1952.0,0.0,0.0,-0.2450938
1954.0,0.0,0.0,-0.23001397
1956.0,0.0,0.0,-0.23566946
1958.0,0.0,0.0,-0.08757034
1960.0,0.0,0.0,-0.21348158
1962.0,0.0,0.0,-0.36543047
1964.0,0.0,0.0,-0.10808611
1966.0,0.0,0.0,-0.2834258
1968.0,0.0,0.0,-0.35132325
1970.0,0.0,0.0,-0.15345678
1972.0,0.0,0.0,-0.12223852
1974.0,0.0,0.0,-0.017242432
1976.0,0.0,0.0,-0.007981002
1978.0,0.0,0.0,-0.13872313
1980.0,1.0,0.0,0.05115953
1982.0,0.0,0.0,-0.03189224
1984.0,0.0,0.0,-0.38922453
1986.0,0.0,0.0,-0.46801385
1988.0,0.0,0.0,-0.6027597
1990.0,0.0,0.0,-0.43971446
1992.0,0.0,0.0,-0.42473376
1994.0,0.0,0.0,-0.3334109
1996.0,0.0,0.0,-0.30705374
1946.0,0.0,0.0,-0.44209853
1948.0,0.0,0.0,-0.18302163
1950.0,0.0,0.0,-0.41734728
1952.0,0.0,0.0,-0.17509344
1954.0,0.0,0.0,-0.18229756
1956.0,0.0,1.0,-0.41367266
1958.0,0.0,0.0,-0.17889997
1960.0,0.0,0.0,-0.02868238
1962.0,0.0,0.0,-0.10206404
1964.0,0.0,0.0,-0.09489998
1966.0,0.0,0.0,-0.3105719
1968.0,0.0,0.0,-0.23750815
1970.0,0.0,0.0,-0.23422146
1972.0,0.0,0.0,-0.36298418
1974.0,0.0,0.0,-0.15093136
1976.0,1.0,1.0,0.35576692
1978.0,1.0,1.0,0.3029224
1980.0,1.0,1.0,0.27649593
1982.0,1.0,1.0,0.25821862
1984.0,1.0,1.0,0.3633858
1986.0,1.0,1.0,0.25633752
1988.0,1.0,1.0,0.39614284
1990.0,1.0,0.0,0.19717094
1992.0,1.0,1.0,0.18075544
1994.0,1.0,1.0,0.03543654
1996.0,1.0,1.0,0.251864
1946.0,1.0,1.0,0.062699944
1948.0,1.0,0.0,0.14971662
1950.0,0.0,0.0,-0.009101629
1952.0,0.0,0.0,-0.16926613
1954.0,0.0,0.0,-0.092368096
1956.0,0.0,0.0,-0.17775086
1958.0,0.0,0.0,-0.20259735
1960.0,0.0,0.0,-0.22999296
1962.0,0.0,0.0,-0.07432291
1964.0,0.0,0.0,-0.09339866
1966.0,0.0,0.0,-0.19294831
1968.0,0.0,0.0,-0.10209972
1970.0,1.0,1.0,0.12859404
1972.0,1.0,1.0,0.48787713
1974.0,1.0,1.0,0.50851977
1976.0,1.0,1.0,0.49781352
1978.0,1.0,1.0,0.44907495
1980.0,1.0,1.0,0.29739234
1982.0,1.0,1.0,0.40967998
1984.0,1.0,0.0,0.42709577
1986.0,1.0,1.0,0.07449186
1988.0,1.0,1.0,0.4946891
1990.0,1.0,1.0,0.19116437
1992.0,1.0,1.0,0.35523823
1994.0,1.0,1.0,0.038666517
1996.0,1.0,1.0,0.12621102
1946.0,0.0,1.0,-0.06409788
1948.0,1.0,1.0,0.12713155
1950.0,1.0,1.0,0.23207954
1952.0,1.0,0.0,0.285526
1954.0,0.0,0.0,-0.08032921
1956.0,0.0,0.0,-0.21049628
1958.0,0.0,0.0,-0.14522743
1960.0,0.0,0.0,-0.024467587
1962.0,1.0,1.0,0.047041297
1964.0,1.0,0.0,0.32254478
1966.0,0.0,0.0,-0.19822726
1968.0,0.0,0.0,-0.4646184
1970.0,0.0,0.0,-0.411219
1972.0,0.0,0.0,-0.34372103
1974.0,0.0,0.0,-0.2300731
1976.0,0.0,0.0,-0.3100238
1978.0,0.0,0.0,-0.42197886
1980.0,0.0,0.0,-0.45189694
1982.0,0.0,0.0,-0.36486852
1984.0,0.0,0.0,-0.4277343
1986.0,0.0,0.0,-0.273592
1988.0,0.0,0.0,-0.50286114
1990.0,0.0,0.0,-0.18307042
1992.0,0.0,0.0,-0.06188175
1994.0,0.0,0.0,-0.41678378
1996.0,0.0,0.0,-0.41596183
1946.0,0.0,0.0,-0.116594344
1948.0,1.0,0.0,0.05264616
1950.0,0.0,0.0,-0.013443828
1952.0,0.0,0.0,-0.08799851
1954.0,0.0,0.0,-0.16586614
1956.0,0.0,0.0,-0.104168266
1958.0,0.0,0.0,-0.14838767
1960.0,0.0,0.0,-0.2504083
1962.0,0.0,0.0,-0.20095813
1964.0,0.0,0.0,-0.043817967
1966.0,0.0,0.0,-0.2219541
1968.0,0.0,0.0,-0.19117564
1970.0,0.0,0.0,-0.12480351
1972.0,0.0,0.0,-0.1465871
1974.0,0.0,0.0,-0.31206432
1976.0,0.0,0.0,-0.34868547
1978.0,0.0,0.0,-0.5602113
1980.0,0.0,0.0,-0.58537686
1982.0,0.0,0.0,-0.31630838
1984.0,0.0,0.0,-0.4469453
1986.0,0.0,0.0,-0.52676547
1988.0,0.0,0.0,-0.5711149
1990.0,0.0,0.0,-0.17819747
1992.0,0.0,0.0,-0.27447298
1994.0,0.0,0.0,-0.49994266
1996.0,0.0,0.0,-0.40725198
1946.0,0.0,0.0,-0.30558503
1948.0,0.0,0.0,-0.0578039
1950.0,0.0,0.0,-0.284912
1952.0,0.0,0.0,-0.36403802
1954.0,0.0,0.0,-0.2926618
1956.0,0.0,1.0,-0.32993862
1958.0,1.0,0.0,0.03378269
1960.0,0.0,0.0,-0.06089461
1962.0,0.0,0.0,-0.17221567
1964.0,0.0,0.0,-0.029823422
1966.0,0.0,0.0,-0.10669398
1968.0,0.0,0.0,-0.29830304
1970.0,0.0,0.0,-0.27706176
1972.0,0.0,0.0,-0.18664965
1974.0,0.0,0.0,-0.05494842
1976.0,0.0,0.0,-0.13592991
1978.0,0.0,0.0,-0.34766546
1980.0,0.0,0.0,-0.45805284
1982.0,0.0,0.0,-0.10120714
1984.0,1.0,1.0,0.078951865
1986.0,1.0,1.0,0.44510818
1988.0,1.0,1.0,0.5427762
1990.0,1.0,1.0,0.55428636
1992.0,1.0,1.0,0.6832371
1994.0,1.0,1.0,0.5481417
1996.0,1.0,1.0,0.8192675
1946.0,0.0,0.0,-0.17637017
1948.0,1.0,1.0,0.08285785
1950.0,1.0,1.0,0.015565783
1952.0,1.0,1.0,0.11539066
1954.0,1.0,1.0,0.14540982
1956.0,1.0,1.0,0.19107923
1958.0,1.0,1.0,0.43090987
1960.0,1.0,1.0,0.31103742
1962.0,1.0,1.0,0.2207835
1964.0,1.0,1.0,0.3761617
1966.0,1.0,1.0,0.2829771
1968.0,1.0,1.0,0.20543694
1970.0,1.0,1.0,0.3658581
1972.0,1.0,1.0,0.4043496
1974.0,1.0,0.0,0.31242383
1976.0,1.0,1.0,0.38295466
1978.0,1.0,1.0,0.1900517
1980.0,1.0,1.0,0.52193415
1984.0,1.0,1.0,0.5175028
1988.0,1.0,1.0,0.5523819
1990.0,1.0,1.0,0.48558775
1992.0,1.0,0.0,0.36546186
1994.0,0.0,0.0,-0.07950652
1996.0,0.0,0.0,-0.03862846
1946.0,1.0,1.0,0.19709858
1948.0,1.0,1.0,0.36131263
1950.0,1.0,1.0,0.27598903
1952.0,1.0,1.0,0.32687435
1954.0,1.0,1.0,0.35034478
1956.0,1.0,1.0,0.37444258
1958.0,1.0,1.0,0.5003364
1960.0,1.0,1.0,0.37706056
1962.0,1.0,1.0,0.24365827
1964.0,1.0,1.0,0.5263777
1966.0,1.0,1.0,0.43746075
1968.0,1.0,0.0,0.39301133
1970.0,1.0,1.0,0.16894293
1972.0,1.0,1.0,0.27947274
1974.0,1.0,1.0,0.45445752
1976.0,1.0,0.0,0.023480356
1978.0,0.0,0.0,-0.013484478
1980.0,0.0,0.0,-0.16147232
1982.0,1.0,1.0,0.20573646
1984.0,1.0,1.0,0.12485862
1986.0,1.0,1.0,0.09560534
1988.0,1.0,1.0,0.40979934
1990.0,1.0,0.0,0.29540205
1992.0,1.0,0.0,0.052681595
1994.0,0.0,0.0,-0.04992193
1996.0,0.0,0.0,-0.13718557
1946.0,1.0,1.0,0.33978906
1950.0,1.0,1.0,0.48427257
1952.0,1.0,1.0,0.3041521
1954.0,1.0,1.0,0.35316098
1956.0,1.0,1.0,0.30507943
1958.0,1.0,1.0,0.5886828
1960.0,1.0,1.0,0.35571682
1962.0,1.0,1.0,0.4207296
1964.0,1.0,1.0,0.488528
1966.0,1.0,1.0,0.5210786
1968.0,1.0,0.0,0.44757557
1970.0,1.0,1.0,0.6262839
1972.0,1.0,0.0,0.72316283
1974.0,1.0,0.0,0.7386012
1976.0,1.0,1.0,0.6413721
1982.0,1.0,0.0,0.7428806
1984.0,1.0,1.0,0.9927921
1986.0,1.0,1.0,0.69727004
1988.0,1.0,1.0,0.6516472
1990.0,1.0,0.0,0.46695364
1946.0,1.0,1.0,0.2794654
1948.0,1.0,1.0,0.51898813
1950.0,1.0,1.0,0.5089675
1952.0,1.0,0.0,0.3723023
1954.0,1.0,1.0,0.5198101
1956.0,1.0,1.0,0.43264315
1958.0,1.0,1.0,0.6073985
1960.0,1.0,1.0,0.45938244
1962.0,1.0,1.0,0.5976131
1964.0,1.0,1.0,0.8022505
1966.0,1.0,1.0,0.6337575
1968.0,1.0,1.0,0.4943901
1970.0,1.0,1.0,0.55230737
1972.0,1.0,1.0,0.69747996
1974.0,1.0,1.0,0.63905215
1976.0,1.0,1.0,0.7249102
1978.0,1.0,1.0,0.7215301
1982.0,1.0,1.0,0.7227378
1984.0,1.0,1.0,0.6761818
1986.0,1.0,1.0,0.631034
1988.0,1.0,1.0,0.7135664
1990.0,1.0,1.0,0.5990917
1946.0,0.0,0.0,-0.41823712
1948.0,0.0,0.0,-0.09343207
1950.0,0.0,0.0,-0.2544583
1952.0,0.0,0.0,-0.17587015
1954.0,0.0,0.0,-0.16695964
1956.0,0.0,0.0,-0.33393252
1958.0,0.0,0.0,-0.105956584
1960.0,0.0,0.0,-0.13816082
1962.0,0.0,0.0,-0.33967686
1964.0,0.0,0.0,-0.13273275
1966.0,0.0,0.0,-0.11748624
1968.0,1.0,1.0,0.09423283
1970.0,1.0,1.0,0.43074596
1972.0,1.0,1.0,0.31279695
1974.0,1.0,1.0,0.5730022
1976.0,1.0,1.0,0.48555082
1978.0,1.0,0.0,0.42705852
1980.0,1.0,1.0,0.13938397
1952.0,0.0,0.0,-0.29103747
1954.0,0.0,0.0,-0.35080525
1956.0,0.0,0.0,-0.37904322
1958.0,0.0,0.0,-0.33035886
1960.0,0.0,0.0,-0.3463497
1962.0,0.0,0.0,-0.42949268
1964.0,0.0,0.0,-0.34433568
1966.0,0.0,0.0,-0.46445048
1968.0,0.0,1.0,-0.039027214
1970.0,0.0,0.0,-0.20191166
1972.0,0.0,0.0,-0.021178842
1974.0,1.0,1.0,0.042540163
1976.0,1.0,1.0,0.4640206
1978.0,1.0,1.0,0.49543405
1980.0,1.0,0.0,0.9999169
1966.0,0.0,0.0,-0.16992316
1968.0,0.0,0.0,-0.40700626
1970.0,0.0,0.0,-0.06414971
1946.0,0.0,0.0,-0.19048035
1948.0,1.0,0.0,0.040581703
1950.0,0.0,0.0,-0.07813001
1962.0,0.0,0.0,-0.21053386
1964.0,1.0,0.0,0.043432236
1946.0,0.0,0.0,-0.13708284
1948.0,0.0,0.0,-0.043118477
1950.0,0.0,0.0,-0.14369845
1952.0,0.0,0.0,-0.18732703
1954.0,0.0,0.0,-0.08883464
1956.0,0.0,1.0,-0.14136207
1958.0,1.0,0.0,0.01162979
1960.0,0.0,0.0,-0.054050565
1962.0,0.0,0.0,-0.06587234
1964.0,1.0,0.0,0.030375838
1966.0,0.0,0.0,-0.020739317
1968.0,0.0,0.0,-0.017774701
1970.0,1.0,1.0,0.21855116
1972.0,1.0,1.0,0.2950117
1974.0,1.0,1.0,0.40979433
1976.0,1.0,1.0,0.30856463
1978.0,1.0,1.0,0.08976361
1980.0,1.0,1.0,0.13444754
1982.0,1.0,1.0,0.22943223
1984.0,1.0,1.0,0.1242089
1986.0,1.0,1.0,0.50156844
1988.0,1.0,1.0,0.52327883
1992.0,1.0,0.0,0.16837081
1994.0,0.0,0.0,-0.006594479
1996.0,0.0,0.0,-0.018318176
1946.0,0.0,0.0,-0.2663784
1948.0,0.0,0.0,-0.08230451
1950.0,0.0,0.0,-0.15439156
1952.0,0.0,0.0,-0.25850534
1954.0,0.0,0.0,-0.07984248
1956.0,0.0,1.0,-0.106464654
1958.0,1.0,1.0,0.04180774
1960.0,1.0,1.0,0.06740448
1962.0,1.0,1.0,0.049504727
1964.0,1.0,1.0,0.27223215
1966.0,1.0,1.0,0.16062102
1968.0,1.0,1.0,0.19760266
1970.0,1.0,1.0,0.37451822
1972.0,1.0,1.0,0.3679815
1974.0,1.0,1.0,0.29540122
1976.0,1.0,1.0,0.31207404
1978.0,1.0,1.0,0.16336113
1980.0,1.0,1.0,0.08559549
1982.0,1.0,1.0,0.21871275
1984.0,1.0,1.0,0.27311286
1986.0,1.0,1.0,0.11304399
1988.0,1.0,0.0,0.17008162
1990.0,0.0,0.0,-0.06470287
1992.0,0.0,0.0,-0.2564063
1994.0,0.0,0.0,-0.4055441
1996.0,0.0,0.0,-0.16375116
1948.0,0.0,0.0,-0.3877148
1950.0,0.0,0.0,-0.17717853
1952.0,0.0,0.0,-0.5015999
1954.0,0.0,0.0,-0.24119508
1956.0,0.0,0.0,-0.22404084
1958.0,0.0,0.0,-0.024072915
1960.0,0.0,0.0,-0.09260389
1962.0,0.0,0.0,-0.22601354
1964.0,0.0,0.0,-0.21241808
1966.0,0.0,0.0,-0.37688625
1968.0,0.0,0.0,-0.27370223
1970.0,0.0,0.0,-0.10947546
1972.0,0.0,0.0,-0.10154113
1974.0,1.0,1.0,0.03664863
1976.0,1.0,1.0,0.1624105
1978.0,1.0,0.0,0.25599468
1980.0,0.0,0.0,-0.019863993
1982.0,0.0,0.0,-0.13776127
1984.0,0.0,0.0,-0.36722484
1986.0,0.0,0.0,-0.28217003
1988.0,0.0,0.0,-0.36701557
1990.0,0.0,0.0,-0.22011647
1992.0,0.0,0.0,-0.14690185
1994.0,0.0,0.0,-0.14717996
1996.0,1.0,1.0,0.04194984
1946.0,0.0,0.0,-0.035282582
1948.0,1.0,1.0,0.16401029
1950.0,1.0,1.0,0.2175484
1952.0,1.0,1.0,0.28548244
1954.0,1.0,1.0,0.42172492
1956.0,1.0,1.0,0.3131465
1958.0,1.0,1.0,0.48257843
1960.0,1.0,1.0,0.43414482
1962.0,1.0,1.0,0.45020044
1964.0,1.0,1.0,0.4833703
1966.0,1.0,1.0,0.4861362
1968.0,1.0,1.0,0.45247328
1970.0,1.0,1.0,0.6224653
1972.0,1.0,1.0,0.5282271
1974.0,1.0,1.0,0.48679376
1978.0,1.0,1.0,0.32173064
1980.0,1.0,1.0,0.40839845
1982.0,1.0,0.0,0.9160875
1984.0,1.0,1.0,0.33864108
1990.0,1.0,1.0,0.38562098
1992.0,1.0,1.0,0.3360959
1994.0,1.0,1.0,0.08912814
1996.0,1.0,1.0,0.15470484
1946.0,0.0,1.0,-0.117601216
1948.0,1.0,0.0,0.083321184
1950.0,0.0,0.0,-0.0322918
1952.0,0.0,0.0,-0.032410264
1954.0,1.0,1.0,0.04495406
1956.0,1.0,1.0,0.15503466
1958.0,1.0,1.0,0.38910663
1960.0,1.0,1.0,0.15439591
1962.0,1.0,1.0,0.27131525
1964.0,1.0,1.0,0.51917493
1966.0,1.0,1.0,0.40363154
1968.0,1.0,1.0,0.36339584
1970.0,1.0,1.0,0.52944714
1972.0,1.0,1.0,0.568796
1974.0,1.0,1.0,0.5994493
1976.0,1.0,1.0,0.56782395
1978.0,1.0,1.0,0.471426
1980.0,1.0,0.0,0.548754
1982.0,1.0,1.0,0.28605753
1984.0,1.0,1.0,0.9623307
1988.0,1.0,1.0,0.28429568
1990.0,1.0,0.0,0.40694323
1992.0,1.0,1.0,0.39094973
1994.0,1.0,1.0,0.26088223
1996.0,1.0,1.0,0.48785752
1946.0,0.0,0.0,-0.29558718
1948.0,0.0,0.0,-0.117379636
1950.0,0.0,0.0,-0.30097046
1952.0,0.0,0.0,-0.4332775
1954.0,0.0,0.0,-0.2500091
1956.0,0.0,0.0,-0.34364846
1958.0,0.0,0.0,-0.05543208
1960.0,0.0,0.0,-0.11597884
1962.0,0.0,1.0,-0.18301585
1964.0,1.0,0.0,0.015510231
1966.0,0.0,0.0,-0.047647685
1968.0,0.0,0.0,-0.2965353
1970.0,0.0,0.0,-0.3696326
1972.0,0.0,0.0,-0.33764675
1974.0,0.0,0.0,-0.24084997
1976.0,0.0,0.0,-0.2670801
1978.0,0.0,0.0,-0.4001905
1980.0,0.0,0.0,-0.1869353
1982.0,0.0,0.0,-0.30026272
1984.0,0.0,0.0,-0.5166409
1988.0,0.0,0.0,-0.48493567
1992.0,0.0,0.0,-0.05748844
1996.0,0.0,0.0,-0.49148592
1946.0,0.0,0.0,-0.4374348
1948.0,0.0,0.0,-0.26370645
1950.0,0.0,0.0,-0.3664868
1952.0,0.0,0.0,-0.4463161
1954.0,0.0,0.0,-0.18225217
1956.0,0.0,0.0,-0.23691785
1958.0,0.0,0.0,-0.20925954
1960.0,0.0,0.0,-0.34245685
1962.0,0.0,0.0,-0.32120612
1964.0,0.0,0.0,-0.23511341
1966.0,0.0,0.0,-0.3029426
1968.0,0.0,0.0,-0.28244272
1970.0,1.0,1.0,0.3612235
1972.0,1.0,1.0,0.25593713
1974.0,1.0,1.0,0.41118735
1976.0,1.0,1.0,0.47207054
1978.0,1.0,1.0,0.25307623
1980.0,1.0,1.0,0.29358283
1982.0,1.0,1.0,0.35950887
1984.0,1.0,1.0,0.22470856
1986.0,1.0,1.0,0.25212717
1988.0,1.0,1.0,0.24382293
1990.0,1.0,1.0,0.2428616
1992.0,1.0,1.0,0.2885119
1994.0,1.0,1.0,0.08652246
1996.0,1.0,1.0,0.14146173
1946.0,0.0,0.0,-0.29400206
1948.0,0.0,0.0,-0.14091468
1950.0,0.0,0.0,-0.24209315
1952.0,0.0,0.0,-0.47178128
1954.0,0.0,0.0,-0.24068284
1956.0,0.0,0.0,-0.29293358
1958.0,0.0,0.0,-0.1463778
1960.0,0.0,0.0,-0.17682925
1962.0,0.0,0.0,-0.2563335
1964.0,0.0,0.0,-0.19118997
1966.0,0.0,0.0,-0.22539458
1968.0,0.0,0.0,-0.35983077
1970.0,0.0,0.0,-0.11946204
1972.0,0.0,1.0,-0.019040674
1974.0,1.0,1.0,0.088780195
1976.0,1.0,0.0,0.03922841
1978.0,0.0,0.0,-0.15889657
1982.0,0.0,0.0,-0.15209061
1984.0,0.0,0.0,-0.37078354
1986.0,0.0,0.0,-0.34713587
1988.0,0.0,0.0,-0.39405707
1990.0,0.0,0.0,-0.07092646
1992.0,0.0,0.0,-0.40187788
1994.0,0.0,0.0,-0.27457297
1996.0,1.0,0.0,0.040783435
1950.0,0.0,0.0,-0.41622853
1952.0,0.0,0.0,-0.3033081
1954.0,1.0,1.0,0.108225375
1956.0,1.0,1.0,0.028411508
1958.0,1.0,1.0,0.26176786
1960.0,1.0,1.0,0.1309532
1962.0,1.0,0.0,0.11191377
1964.0,0.0,0.0,-0.10641113
1966.0,0.0,0.0,-0.28294137
1968.0,0.0,0.0,-0.26213408
1970.0,0.0,0.0,-0.04058209
1972.0,0.0,0.0,-0.24729577
1974.0,0.0,0.0,-0.079419255
1976.0,0.0,0.0,-0.31825337
1978.0,0.0,0.0,-0.2230401
1984.0,0.0,0.0,-0.47246754
1986.0,0.0,0.0,-0.5644243
1988.0,0.0,0.0,-0.49814644
1992.0,0.0,0.0,-0.41745916
1996.0,0.0,0.0,-0.49000564
1946.0,0.0,0.0,-0.10558796
1948.0,0.0,0.0,-0.13251376
1950.0,0.0,0.0,-0.1395193
1952.0,0.0,0.0,-0.34758624
1954.0,0.0,0.0,-0.19512019
1956.0,0.0,0.0,-0.29089844
1958.0,0.0,0.0,-0.3420137
1962.0,0.0,0.0,-0.26377296
1964.0,0.0,0.0,-0.1231263
1966.0,0.0,0.0,-0.33084896
1968.0,0.0,0.0,-0.31880486
1970.0,0.0,0.0,-0.023433208
1946.0,0.0,0.0,-0.23013464
1948.0,0.0,0.0,-0.07621026
1950.0,0.0,0.0,-0.23716927
1952.0,0.0,0.0,-0.2591505
1954.0,0.0,0.0,-0.14061427
1956.0,0.0,0.0,-0.15959632
1958.0,0.0,0.0,-0.06794655
1960.0,0.0,0.0,-0.21770218
1962.0,0.0,0.0,-0.22204211
1964.0,1.0,0.0,0.020285487
1966.0,0.0,0.0,-0.033727527
1968.0,0.0,0.0,-0.06012711
1970.0,0.0,1.0,-0.0063253045
1972.0,1.0,1.0,0.077209115
1974.0,1.0,0.0,0.08724603
1976.0,0.0,0.0,-0.041050345
1978.0,0.0,0.0,-0.27710688
1980.0,0.0,0.0,-0.2918971
1982.0,0.0,0.0,-0.18410882
1984.0,0.0,0.0,-0.33535564
1986.0,0.0,0.0,-0.32754418
1988.0,0.0,0.0,-0.22330049
1992.0,0.0,0.0,-0.3714422
1994.0,0.0,0.0,-0.22350124
1996.0,0.0,0.0,-0.072173506
1946.0,0.0,0.0,-0.1826472
1948.0,0.0,0.0,-0.07747856
1950.0,0.0,0.0,-0.17635858
1952.0,0.0,0.0,-0.24519736
1954.0,0.0,0.0,-0.10849199
1956.0,0.0,1.0,-0.02759552
1958.0,1.0,0.0,0.02249515
1960.0,0.0,0.0,-0.051175
1962.0,0.0,0.0,-0.056186438
1964.0,1.0,1.0,0.043749213
1966.0,1.0,1.0,0.079244494
1968.0,1.0,1.0,0.10100114
1970.0,1.0,1.0,0.20950344
1972.0,1.0,0.0,0.18355572
1974.0,1.0,1.0,0.030136734
1976.0,1.0,0.0,0.012886822
1978.0,0.0,0.0,-0.051763594
1980.0,0.0,0.0,-0.089104384
1982.0,0.0,0.0,-0.17713603
1984.0,0.0,0.0,-0.2780122
1986.0,0.0,0.0,-0.22684994
1988.0,0.0,0.0,-0.13553786
1990.0,0.0,0.0,-0.009892583
1992.0,0.0,0.0,-0.011072814
1994.0,0.0,0.0,-0.1259247
1996.0,0.0,0.0,-0.07564241
1946.0,0.0,0.0,-0.23952976
1948.0,0.0,0.0,-0.16880047
1950.0,0.0,0.0,-0.28482348
1952.0,0.0,0.0,-0.3179261
1954.0,0.0,0.0,-0.24274758
1956.0,0.0,0.0,-0.17108467
1958.0,0.0,0.0,-0.073257804
1960.0,0.0,0.0,-0.12627146
1962.0,0.0,0.0,-0.13477084
1964.0,0.0,0.0,-0.0025166273
1966.0,0.0,0.0,-0.24096563
1968.0,0.0,0.0,-0.28096953
1970.0,0.0,0.0,-0.17965102
1972.0,0.0,0.0,-0.113619566
1974.0,0.0,0.0,-0.016887307
1976.0,0.0,0.0,-0.1291101
1978.0,0.0,0.0,-0.49645948
1980.0,0.0,0.0,-0.029217154
1982.0,0.0,0.0,-0.109196216
1984.0,0.0,0.0,-0.21407464
1986.0,1.0,1.0,0.09234092
1988.0,1.0,1.0,0.26741412
1992.0,0.0,0.0,-0.018928736
1994.0,0.0,0.0,-0.16826737
1996.0,1.0,1.0,0.017116845
1946.0,0.0,0.0,-0.16743156
1948.0,0.0,0.0,-0.03369668
1950.0,0.0,0.0,-0.13870698
1952.0,0.0,0.0,-0.2399841
1954.0,0.0,0.0,-0.111539334
1956.0,0.0,1.0,-0.014139652
1958.0,1.0,0.0,0.039724916
1960.0,0.0,0.0,-0.13136232
1962.0,0.0,0.0,-0.11698535
1964.0,1.0,0.0,0.07289103
1966.0,0.0,0.0,-0.03312671
1968.0,0.0,0.0,-0.07853338
1970.0,0.0,0.0,-0.09218958
1972.0,1.0,1.0,0.19125113
1974.0,1.0,1.0,0.28395674
1976.0,1.0,1.0,0.38187644
1978.0,1.0,1.0,0.29391816
1980.0,1.0,1.0,0.08032659
1982.0,1.0,1.0,0.32403162
1984.0,1.0,1.0,0.21363771
1986.0,1.0,1.0,0.36727595
1988.0,1.0,1.0,0.43359149
1992.0,1.0,0.0,0.25079533
1994.0,0.0,0.0,-0.06153494
1996.0,0.0,0.0,-0.053183436
1946.0,0.0,0.0,-0.1879605
1948.0,0.0,0.0,-0.02309373
1950.0,0.0,0.0,-0.14202991
1952.0,0.0,0.0,-0.1777209
1954.0,0.0,0.0,-0.1113224
1956.0,0.0,0.0,-0.022569567
1958.0,1.0,1.0,0.04552889
1960.0,1.0,1.0,0.05963692
1962.0,1.0,1.0,0.2553123
1964.0,1.0,1.0,0.39918432
1966.0,1.0,1.0,0.21476674
1968.0,1.0,1.0,0.24252632
1970.0,1.0,1.0,0.32039595
1972.0,0.0,1.0,-0.1051172
1974.0,1.0,1.0,0.02180335
1976.0,1.0,1.0,0.30721062
1978.0,1.0,1.0,0.17862713
1980.0,1.0,1.0,0.2044715
1982.0,1.0,0.0,0.17745832
1984.0,0.0,0.0,-0.015514374
1986.0,0.0,0.0,-0.18438187
1988.0,0.0,0.0,-0.2775114
1990.0,0.0,0.0,-0.36024487
1994.0,0.0,0.0,-0.21849242
1996.0,0.0,0.0,-0.3185063
1946.0,0.0,0.0,-0.26825687
1948.0,0.0,0.0,-0.11686304
1950.0,0.0,0.0,-0.29596162
1952.0,0.0,0.0,-0.37663305
1954.0,0.0,0.0,-0.20678604
1956.0,1.0,0.0,0.0015342534
1958.0,1.0,1.0,0.16502357
1960.0,1.0,0.0,0.07256055
1962.0,0.0,0.0,-0.16944146
1964.0,1.0,0.0,0.066796005
1966.0,0.0,0.0,-0.15169466
1968.0,0.0,0.0,-0.3008976
1970.0,0.0,0.0,-0.13952377
1972.0,0.0,1.0,-0.04932487
1974.0,1.0,1.0,0.09252581
1976.0,1.0,1.0,0.3596681
1978.0,1.0,1.0,0.32572135
1980.0,1.0,1.0,0.28607333
1982.0,1.0,1.0,0.2857748
1984.0,1.0,0.0,0.24053857
1986.0,0.0,0.0,-0.01900816
1988.0,0.0,0.0,-0.28773797
1990.0,0.0,0.0,-0.4365201
1946.0,0.0,0.0,-0.26028344
1948.0,0.0,0.0,-0.13761413
1950.0,0.0,0.0,-0.24322745
1952.0,0.0,0.0,-0.34646985
1954.0,0.0,0.0,-0.20742127
1956.0,0.0,0.0,-0.10717818
1958.0,0.0,0.0,-0.030020207
1960.0,0.0,0.0,-0.11689544
1962.0,0.0,0.0,-0.12108004
1964.0,1.0,0.0,0.070465535
1966.0,0.0,0.0,-0.18080464
1968.0,0.0,0.0,-0.29655755
1970.0,0.0,0.0,-0.25440714
1946.0,0.0,0.0,-0.37275016
1948.0,0.0,0.0,-0.108278364
1950.0,0.0,0.0,-0.28439987
1952.0,0.0,0.0,-0.99672145
1954.0,0.0,0.0,-0.2764767
1956.0,0.0,0.0,-0.2017008
1958.0,0.0,0.0,-0.054498106
1960.0,0.0,0.0,-0.1500934
1946.0,0.0,0.0,-0.2856779
1948.0,0.0,0.0,-0.20939648
1950.0,0.0,0.0,-0.3298925
1952.0,1.0,0.0,0.029475927
1954.0,0.0,0.0,-0.086339146
1956.0,0.0,0.0,-0.07241717
1958.0,0.0,0.0,-0.037856728
1960.0,0.0,0.0,-0.2620114
1962.0,0.0,0.0,-0.11660159
1964.0,0.0,0.0,-0.023163319
1966.0,0.0,0.0,-0.37251508
1968.0,0.0,0.0,-0.02903366
1970.0,0.0,0.0,-0.1362904
1972.0,0.0,0.0,-0.5567459
1974.0,0.0,0.0,-0.25444013
1976.0,0.0,0.0,-0.4537063
1980.0,0.0,0.0,-0.24577847
1982.0,0.0,0.0,-0.38236183
1984.0,0.0,0.0,-0.5260345
1986.0,0.0,0.0,-0.53038085
1990.0,0.0,0.0,-0.25295368
1992.0,0.0,0.0,-0.39009175
1994.0,0.0,0.0,-0.54817176
1996.0,0.0,0.0,-0.48996156
1946.0,0.0,0.0,-0.17610359
1948.0,0.0,0.0,-0.03713712
1950.0,0.0,0.0,-0.044518113
1952.0,0.0,0.0,-0.14543453
1954.0,0.0,0.0,-0.093233556
1956.0,0.0,1.0,-0.09703615
1958.0,1.0,0.0,0.015032381
1960.0,0.0,0.0,-0.046315223
1962.0,0.0,0.0,-0.30412626
1964.0,0.0,0.0,-0.022893101
1966.0,0.0,0.0,-0.2568358
1968.0,0.0,0.0,-0.3514968
1970.0,1.0,0.0,0.07390189
1972.0,1.0,0.0,0.2349979
1974.0,1.0,1.0,0.111606
1976.0,1.0,0.0,0.03259158
1978.0,0.0,0.0,-0.040570825
1980.0,0.0,0.0,-0.07748911
1982.0,1.0,1.0,0.14873394
1984.0,1.0,1.0,0.20966363
1986.0,1.0,1.0,0.4127681
1988.0,1.0,1.0,0.46544126
1990.0,1.0,1.0,0.25644112
1992.0,1.0,0.0,0.15333733
1994.0,0.0,0.0,-0.31293833
1996.0,0.0,0.0,-0.067233175
1946.0,0.0,0.0,-0.10699186
1948.0,0.0,0.0,-0.10013363
1950.0,0.0,0.0,-0.09360728
1952.0,0.0,0.0,-0.18905982
1954.0,0.0,0.0,-0.10763705
1956.0,0.0,1.0,-0.10084081
1958.0,1.0,0.0,0.034459352
1960.0,0.0,0.0,-0.023841113
1962.0,0.0,0.0,-0.2676115
1964.0,0.0,0.0,-0.243328
1966.0,0.0,0.0,-0.07924166
1968.0,0.0,0.0,-0.2566506
1970.0,0.0,0.0,-0.072879285
1972.0,0.0,0.0,-0.45582476
1974.0,0.0,0.0,-0.27842972
1976.0,0.0,0.0,-0.39737558
1980.0,0.0,0.0,-0.13641483
1982.0,0.0,0.0,-0.20892456
1984.0,0.0,0.0,-0.14828289
1988.0,0.0,0.0,-0.47146174
1990.0,0.0,0.0,-0.20184493
1992.0,0.0,0.0,-0.20443934
1994.0,0.0,0.0,-0.1318632
1996.0,0.0,0.0,-0.044119537
1946.0,0.0,0.0,-0.12300959
1948.0,0.0,0.0,-0.11185005
1950.0,0.0,0.0,-0.17701483
1952.0,0.0,0.0,-0.18857935
1954.0,0.0,0.0,-0.12424883
1956.0,0.0,0.0,-0.076779574
1958.0,0.0,0.0,-0.013383865
1960.0,0.0,0.0,-0.10449529
1962.0,0.0,0.0,-0.3386601
1964.0,0.0,0.0,-0.18720117
1966.0,0.0,0.0,-0.37385932
1968.0,0.0,0.0,-0.2942035
1970.0,0.0,0.0,-0.28289992
1972.0,0.0,0.0,-0.48360896
1974.0,0.0,0.0,-0.06376839
1976.0,1.0,1.0,0.018055677
1978.0,1.0,1.0,0.39088705
1980.0,1.0,1.0,0.37859964
1982.0,1.0,1.0,0.4949334
1984.0,1.0,1.0,0.48818648
1986.0,1.0,1.0,0.29003957
1988.0,1.0,1.0,0.27931356
1990.0,1.0,1.0,0.41524217
1992.0,1.0,0.0,0.09568152
1994.0,0.0,0.0,-0.058226973
1996.0,0.0,0.0,-0.034876406
1946.0,0.0,0.0,-0.252996
1948.0,0.0,0.0,-0.29927424
1950.0,0.0,0.0,-0.21978366
1952.0,0.0,0.0,-0.41772643
1954.0,0.0,0.0,-0.29714122
1956.0,1.0,1.0,0.010474801
1958.0,1.0,1.0,0.06285986
1960.0,1.0,0.0,0.10912144
1962.0,0.0,0.0,-0.06593263
1964.0,0.0,0.0,-0.12760127
1966.0,0.0,0.0,-0.21704686
1968.0,0.0,0.0,-0.2894816
1970.0,0.0,0.0,-0.3215398
1972.0,0.0,0.0,-0.44694278
1974.0,0.0,0.0,-0.10345426
1976.0,0.0,0.0,-0.24488857
1978.0,0.0,0.0,-0.15659365
1980.0,0.0,0.0,-0.5017338
1982.0,0.0,0.0,-0.3649075
1984.0,0.0,0.0,-0.48306662
1986.0,0.0,0.0,-0.42144334
1988.0,0.0,0.0,-0.4031607
1990.0,0.0,0.0,-0.18528262
1946.0,0.0,0.0,-0.20225692
1948.0,0.0,0.0,-0.15130901
1950.0,0.0,0.0,-0.19098458
1952.0,0.0,0.0,-0.25092337
1954.0,0.0,0.0,-0.066447705
1956.0,0.0,0.0,-0.021669716
1958.0,0.0,0.0,-0.002619326
1960.0,0.0,0.0,-0.18503097
1984.0,1.0,1.0,0.13982701
1992.0,1.0,0.0,0.4807488
1994.0,0.0,0.0,-0.10465339
1996.0,0.0,0.0,-0.05501604
1984.0,0.0,0.0,-0.26138937
1992.0,1.0,1.0,0.0020616949
1994.0,1.0,1.0,0.07013041
1996.0,1.0,1.0,0.13836664
1984.0,0.0,0.0,-0.46376666
1992.0,0.0,0.0,-0.30455714
1994.0,0.0,0.0,-0.47152066
1996.0,0.0,0.0,-0.40409186
1984.0,1.0,1.0,0.4833565
1992.0,1.0,1.0,0.20917532
1994.0,1.0,1.0,0.12985209
1996.0,1.0,1.0,0.20237112
1984.0,1.0,1.0,0.4350668
1992.0,1.0,1.0,0.35121512
1994.0,1.0,1.0,0.2477602
1996.0,1.0,1.0,0.35869727
1984.0,1.0,1.0,0.20943749
1992.0,0.0,0.0,-0.111558914
1994.0,1.0,0.0,0.002423644
1996.0,1.0,1.0,0.1184535
1984.0,0.0,0.0,-0.1409038
1992.0,1.0,1.0,0.013205618
1994.0,1.0,1.0,0.025635451
1996.0,1.0,1.0,0.36167097
1984.0,1.0,1.0,0.351145
1992.0,1.0,1.0,0.29516777
1994.0,1.0,1.0,0.31480518
1996.0,1.0,1.0,0.4211726
1946.0,0.0,0.0,-0.006413251
1948.0,1.0,1.0,0.1522784
1950.0,1.0,0.0,0.087495446
1952.0,1.0,1.0,0.2847023
1954.0,1.0,1.0,0.32516888
1956.0,1.0,1.0,0.32542825
1958.0,1.0,1.0,0.5150794
1960.0,1.0,1.0,0.41552576
1962.0,1.0,1.0,0.4137999
1964.0,1.0,1.0,0.53765035
1966.0,1.0,0.0,0.27871516
1968.0,1.0,1.0,0.28297642
1970.0,1.0,1.0,0.81053615
1972.0,1.0,1.0,0.2791101
1974.0,1.0,1.0,0.36657107
1976.0,1.0,1.0,0.31111845
1978.0,1.0,1.0,0.35304517
1980.0,1.0,1.0,0.4048438
1982.0,1.0,1.0,0.32241797
1984.0,1.0,1.0,0.3653125
1986.0,1.0,1.0,0.32290053
1988.0,1.0,1.0,0.4456569
1990.0,1.0,1.0,0.21799242
1992.0,1.0,1.0,0.36114934
1994.0,1.0,1.0,0.3055719
1996.0,1.0,1.0,0.42526367
1946.0,0.0,0.0,-0.021388441
1948.0,1.0,1.0,0.13464689
1950.0,1.0,1.0,0.059984565
1952.0,0.0,0.0,-0.13773754
1954.0,0.0,0.0,-0.09399846
1956.0,0.0,0.0,-0.036735684
1958.0,0.0,0.0,-0.038264394
1960.0,0.0,0.0,-0.1339871
1962.0,0.0,0.0,-0.12666968
1964.0,0.0,0.0,-0.06271005
1966.0,0.0,0.0,-0.32446373
1968.0,1.0,1.0,0.06441268
1970.0,1.0,1.0,0.16537344
1972.0,1.0,1.0,0.2701348
1974.0,1.0,0.0,0.219506
1976.0,1.0,1.0,0.021783233
1978.0,1.0,1.0,0.128373
1980.0,1.0,1.0,0.28899208
1982.0,1.0,1.0,0.13095737
1984.0,1.0,0.0,0.042488158
1986.0,0.0,0.0,-0.038406968
1988.0,0.0,0.0,-0.33725348
1990.0,1.0,0.0,0.00025454164
1992.0,0.0,0.0,-0.028373271
1994.0,0.0,0.0,-0.36650786
1996.0,0.0,0.0,-0.24241117
1946.0,0.0,0.0,-0.05571115
1948.0,1.0,1.0,0.14200628
1950.0,1.0,0.0,0.022140294
1952.0,1.0,1.0,0.29555416
1954.0,1.0,0.0,0.42089748
1956.0,1.0,1.0,0.39290228
1958.0,1.0,1.0,0.58342445
1960.0,1.0,1.0,0.4662495
1962.0,1.0,1.0,0.41009042
1964.0,1.0,1.0,0.43329337
1966.0,1.0,1.0,0.4225897
1968.0,1.0,1.0,0.46829978
1970.0,1.0,1.0,0.49522892
1972.0,1.0,1.0,0.38941082
1974.0,1.0,0.0,0.49954844
1976.0,1.0,1.0,0.27380872
1978.0,1.0,1.0,0.63783467
1980.0,1.0,1.0,0.55233204
1982.0,1.0,1.0,0.557418
1986.0,1.0,1.0,0.379305
1988.0,1.0,1.0,0.2653411
1990.0,1.0,1.0,0.13595006
1992.0,1.0,1.0,0.30899006
1994.0,1.0,1.0,0.17958221
1996.0,1.0,1.0,0.20235011
1946.0,1.0,0.0,0.10245159
1948.0,1.0,1.0,0.28455025
1950.0,1.0,0.0,0.2310954
1952.0,0.0,0.0,-0.066464335
1954.0,1.0,1.0,0.03212276
1956.0,1.0,1.0,0.03543043
1958.0,1.0,0.0,0.28037712
1960.0,1.0,1.0,0.0797911
1962.0,1.0,1.0,0.078285575
1964.0,1.0,1.0,0.2775289
1966.0,1.0,1.0,0.21704265
1968.0,1.0,1.0,0.15716779
1970.0,1.0,1.0,0.20208165
1972.0,1.0,1.0,0.14813733
1974.0,1.0,0.0,0.35712993
1976.0,1.0,1.0,0.1173155
1978.0,1.0,1.0,0.45598805
1980.0,1.0,1.0,0.35638165
1982.0,1.0,1.0,0.09561074
1984.0,1.0,1.0,0.33853495
1988.0,1.0,1.0,0.4359585
1990.0,1.0,1.0,0.23696828
1992.0,1.0,1.0,0.40764043
1994.0,1.0,1.0,0.35509995
1996.0,1.0,1.0,0.29866815
1946.0,0.0,0.0,-0.0732373
1948.0,1.0,1.0,0.11729959
1950.0,1.0,1.0,0.089078754
1952.0,1.0,1.0,0.120672226
1954.0,1.0,1.0,0.17830715
1956.0,1.0,1.0,0.14444157
1958.0,1.0,1.0,0.40050933
1960.0,1.0,1.0,0.22034505
1962.0,1.0,1.0,0.17750895
1964.0,1.0,1.0,0.35847744
1966.0,1.0,1.0,0.22319332
1968.0,1.0,1.0,0.30709028
1970.0,1.0,1.0,0.23574516
1972.0,1.0,1.0,0.27136165
1974.0,1.0,1.0,0.39237332
1976.0,1.0,1.0,0.3991517
1978.0,1.0,1.0,0.45368916
1980.0,1.0,0.0,0.40215838
1982.0,1.0,1.0,0.17709008
1984.0,1.0,1.0,0.34264308
1986.0,1.0,1.0,0.43268758
1988.0,1.0,1.0,0.41818336
1990.0,1.0,1.0,0.24176288
1992.0,1.0,0.0,0.22502664
1994.0,1.0,1.0,0.13109612
1996.0,1.0,1.0,0.3851924
1946.0,0.0,0.0,-0.17277825
1948.0,1.0,0.0,0.027815372
1950.0,0.0,0.0,-0.014553785
1952.0,0.0,0.0,-0.047994614
1954.0,1.0,1.0,0.07263088
1956.0,1.0,1.0,0.03900817
1958.0,1.0,1.0,0.29806635
1960.0,1.0,1.0,0.09154415
1962.0,1.0,1.0,0.10671222
1964.0,1.0,1.0,0.2936192
1966.0,1.0,1.0,0.159336
1968.0,1.0,1.0,0.09105742
1970.0,1.0,0.0,0.077044874
1972.0,1.0,1.0,0.091427535
1974.0,1.0,0.0,0.5783187
1976.0,0.0,0.0,-0.18007267
1978.0,0.0,0.0,-0.11882293
1980.0,0.0,0.0,-0.4127829
1982.0,0.0,0.0,-0.10697782
1984.0,0.0,0.0,-0.2965871
1986.0,0.0,0.0,-0.13436282
1988.0,0.0,0.0,-0.18669412
1990.0,0.0,0.0,-0.038559914
1992.0,1.0,1.0,0.1089288
1994.0,1.0,1.0,0.32291555
1996.0,1.0,1.0,0.39362192
1946.0,0.0,1.0,-0.3088745
1948.0,0.0,0.0,-0.079182714
1950.0,0.0,0.0,-0.17374453
1952.0,0.0,0.0,-0.23381865
1954.0,0.0,0.0,-0.07255602
1956.0,1.0,1.0,0.005859226
1958.0,1.0,0.0,0.074507594
1960.0,0.0,0.0,-0.097486824
1962.0,0.0,0.0,-0.15369463
1964.0,0.0,0.0,-0.03419313
1966.0,0.0,0.0,-0.24599597
1968.0,0.0,0.0,-0.27520278
1972.0,0.0,0.0,-0.27432302
1974.0,0.0,0.0,-0.046798736
1976.0,0.0,0.0,-0.24040389
1978.0,0.0,0.0,-0.22358808
1980.0,0.0,0.0,-0.35563827
1982.0,0.0,0.0,-0.0101801455
1984.0,0.0,0.0,-0.3921244
1986.0,0.0,0.0,-0.3396989
1988.0,0.0,0.0,-0.06929943
1990.0,0.0,0.0,-0.04293537
1992.0,0.0,0.0,-0.23279178
1994.0,0.0,0.0,-0.17554465
1996.0,0.0,0.0,-0.33223188
1946.0,0.0,0.0,-0.022291899
1948.0,1.0,1.0,0.14473093
1950.0,1.0,1.0,0.092968225
1952.0,1.0,1.0,0.056982636
1954.0,1.0,1.0,0.14493823
1956.0,1.0,1.0,0.085401654
1958.0,1.0,0.0,0.28611073
1960.0,1.0,1.0,0.15989256
1962.0,1.0,1.0,0.18016395
1964.0,1.0,1.0,0.30388102
1966.0,1.0,1.0,0.16253817
1968.0,1.0,1.0,0.15506396
1970.0,1.0,1.0,0.29269886
1972.0,1.0,1.0,0.2427789
1974.0,1.0,1.0,0.39709914
1976.0,1.0,1.0,0.36719096
1978.0,1.0,0.0,0.20924959
1980.0,0.0,0.0,-0.14288402
1982.0,0.0,0.0,-0.061876178
1984.0,0.0,0.0,-0.30844235
1986.0,0.0,0.0,-0.050506383
1988.0,0.0,0.0,-0.16205373
1990.0,0.0,0.0,-0.14557359
1992.0,0.0,0.0,-0.2591232
1994.0,0.0,0.0,-0.43520635
1996.0,0.0,0.0,-0.13187107
1946.0,1.0,0.0,0.07721686
1948.0,1.0,1.0,0.23326185
1950.0,1.0,1.0,0.2289753
1952.0,1.0,1.0,0.0949212
1954.0,1.0,1.0,0.18003711
1958.0,1.0,1.0,0.29523647
1960.0,1.0,1.0,0.19659913
1962.0,1.0,0.0,0.2245053
1964.0,1.0,1.0,0.24773657
1966.0,1.0,1.0,0.10548365
1968.0,1.0,1.0,0.044716
1970.0,1.0,1.0,0.26754966
1972.0,1.0,1.0,0.33029327
1974.0,1.0,0.0,0.3278226
1976.0,1.0,1.0,0.11856878
1978.0,1.0,1.0,0.49388003
1980.0,1.0,1.0,0.12906039
1982.0,1.0,1.0,0.21625301
1984.0,1.0,1.0,0.05771801
1986.0,1.0,1.0,0.14958271
1988.0,1.0,1.0,0.35825732
1990.0,1.0,1.0,0.15055907
1992.0,1.0,1.0,0.022511333
1994.0,1.0,0.0,0.05436659
1996.0,0.0,0.0,-0.023558319
1946.0,1.0,0.0,0.212899
1948.0,1.0,1.0,0.43259406
1952.0,1.0,1.0,0.21438017
1954.0,1.0,1.0,0.2788223
1958.0,1.0,1.0,0.4133648
1962.0,1.0,1.0,0.21284273
1964.0,1.0,1.0,0.34882185
1966.0,1.0,0.0,0.22084042
1968.0,1.0,1.0,0.079197526
1970.0,1.0,1.0,0.11959612
1972.0,1.0,1.0,0.28550526
1974.0,1.0,1.0,0.4556204
1976.0,1.0,1.0,0.44144192
1978.0,1.0,0.0,0.30599666
1980.0,0.0,0.0,-0.1030328
1946.0,0.0,1.0,-0.01631701
1948.0,1.0,1.0,0.3096817
1950.0,1.0,1.0,0.2939279
1952.0,1.0,1.0,0.008530766
1954.0,1.0,1.0,0.1060065
1956.0,1.0,1.0,0.016153425
1958.0,1.0,1.0,0.13889912
1960.0,1.0,0.0,0.0024168193
1946.0,0.0,0.0,-0.16409814
1948.0,1.0,0.0,0.1036627
1950.0,0.0,0.0,-0.018508226
1946.0,1.0,1.0,0.095190644
1948.0,1.0,1.0,0.41126716
1950.0,1.0,1.0,0.36456957
1946.0,0.0,0.0,-0.32757345
1948.0,0.0,0.0,-0.14489841
1950.0,0.0,0.0,-0.09089136
1952.0,0.0,0.0,-0.44095197
1954.0,0.0,0.0,-0.1718168
1956.0,0.0,0.0,-0.33906528
1958.0,0.0,0.0,-0.0686529
1960.0,0.0,0.0,-0.115195274
1962.0,0.0,1.0,-0.070134014
1964.0,1.0,0.0,0.026549578
1966.0,0.0,0.0,-0.023307174
1968.0,0.0,0.0,-0.10699043
1970.0,0.0,0.0,-0.27443215
1972.0,0.0,0.0,-0.28485656
1974.0,0.0,0.0,-0.06638956
1976.0,0.0,0.0,-0.46369913
1978.0,0.0,0.0,-0.16264296
1980.0,0.0,0.0,-0.5731486
1982.0,0.0,0.0,-0.5017644
1984.0,0.0,0.0,-0.48206618
1986.0,0.0,0.0,-0.2892133
1988.0,0.0,0.0,-0.33911
1990.0,0.0,0.0,-0.29497957
1992.0,0.0,0.0,-0.19414115
1994.0,0.0,0.0,-0.25272918
1996.0,0.0,0.0,-0.40112367
1946.0,0.0,0.0,-0.16687608
1948.0,1.0,0.0,0.028545767
1950.0,0.0,0.0,-0.26937044
1952.0,0.0,0.0,-0.122347385
1954.0,0.0,0.0,-0.058950543
1956.0,0.0,0.0,-0.084420234
1958.0,0.0,0.0,-0.29490343
1960.0,0.0,0.0,-0.332505
1962.0,0.0,0.0,-0.38893715
1964.0,0.0,0.0,-0.06284532
1966.0,0.0,0.0,-0.28493547
1968.0,0.0,0.0,-0.103368014
1970.0,0.0,0.0,-0.0383856
1972.0,0.0,0.0,-0.27861068
1974.0,0.0,0.0,-0.10304609
1976.0,1.0,1.0,0.09218693
1978.0,1.0,0.0,0.046295524
1980.0,0.0,0.0,-0.0931488
1982.0,0.0,0.0,-0.13618693
1984.0,0.0,0.0,-0.29904842
1986.0,0.0,0.0,-0.1718067
1988.0,1.0,1.0,0.013466328
1990.0,1.0,1.0,0.16113183
1992.0,1.0,0.0,0.024359316
1994.0,0.0,0.0,-0.009636283
1996.0,0.0,0.0,-0.16711074
1946.0,0.0,0.0,-0.49445838
1948.0,0.0,0.0,-0.29600668
1950.0,0.0,0.0,-0.33887234
1952.0,0.0,0.0,-0.43700635
1954.0,0.0,0.0,-0.30486944
1956.0,0.0,1.0,-0.001967311
1958.0,1.0,0.0,0.101766944
1960.0,0.0,0.0,-0.025128484
1962.0,0.0,0.0,-0.31196344
1964.0,0.0,0.0,-0.056392193
1966.0,0.0,0.0,-0.4594901
1968.0,0.0,0.0,-0.35663816
1970.0,0.0,0.0,-0.19063807
1972.0,0.0,0.0,-0.39184833
1976.0,0.0,0.0,-0.4822473
1978.0,0.0,0.0,-0.60025537
1980.0,0.0,0.0,-0.6789868
1984.0,0.0,0.0,-0.66576993
1986.0,0.0,0.0,-0.39661613
1988.0,0.0,0.0,-0.580639
1990.0,0.0,0.0,-0.022676706
1992.0,0.0,0.0,-0.43388137
1994.0,0.0,0.0,-0.57388425
1996.0,0.0,0.0,-0.5490763
1946.0,0.0,0.0,-0.4259099
1948.0,0.0,0.0,-0.27205512
1950.0,0.0,0.0,-0.3166163
1952.0,0.0,0.0,-0.46688613
1954.0,0.0,0.0,-0.40764213
1956.0,0.0,0.0,-0.31491223
1958.0,1.0,0.0,0.04515946
1960.0,0.0,0.0,-0.022388667
1962.0,0.0,0.0,-0.09270048
1964.0,0.0,0.0,-0.047713608
1966.0,0.0,0.0,-0.32412615
1968.0,0.0,0.0,-0.3526339
1970.0,0.0,0.0,-0.31386542
1986.0,1.0,1.0,0.5212616
1988.0,1.0,1.0,0.42705226
1990.0,1.0,0.0,0.30382565
1962.0,0.0,0.0,-0.08053601
1964.0,1.0,0.0,0.05079174
1966.0,0.0,0.0,-0.038939
1968.0,0.0,0.0,-0.011654764
1970.0,1.0,0.0,0.005264014
1972.0,0.0,0.0,-0.45590037
1974.0,0.0,0.0,-0.11416933
1976.0,0.0,0.0,-0.26478106
1978.0,0.0,0.0,-0.3618367
1980.0,1.0,1.0,0.14238629
1982.0,1.0,0.0,0.4387464
1984.0,1.0,0.0,0.5739888
1992.0,1.0,1.0,0.18077531
1994.0,1.0,1.0,0.07284111
1996.0,1.0,0.0,0.11843273
1946.0,0.0,0.0,-0.229635
1948.0,0.0,0.0,-0.07083058
1950.0,0.0,0.0,-0.21547845
1952.0,0.0,0.0,-0.369179
1954.0,0.0,0.0,-0.15992936
1956.0,1.0,1.0,0.048036665
1958.0,1.0,0.0,0.06886685
1960.0,0.0,0.0,-0.0969502
1962.0,0.0,0.0,-0.18479595
1964.0,0.0,0.0,-0.15095365
1966.0,0.0,0.0,-0.33399543
1968.0,0.0,1.0,-0.15985572
1970.0,1.0,1.0,0.11960992
1972.0,1.0,0.0,0.21055433
1976.0,0.0,0.0,-0.60402095
1978.0,1.0,1.0,0.0010756254
1980.0,1.0,1.0,0.31577528
1986.0,1.0,1.0,0.18362713
1988.0,1.0,1.0,0.43473884
1990.0,1.0,1.0,0.3510715
1946.0,0.0,0.0,-0.4735264
1948.0,0.0,0.0,-0.31821692
1950.0,0.0,0.0,-0.20597172
1952.0,0.0,0.0,-0.3792812
1954.0,0.0,0.0,-0.2787834
1956.0,0.0,0.0,-0.1172162
1958.0,0.0,0.0,-0.11179638
1960.0,0.0,0.0,-0.19495618
1962.0,0.0,0.0,-0.2295351
1964.0,0.0,0.0,-0.119226694
1966.0,0.0,0.0,-0.21021318
1968.0,0.0,0.0,-0.1869255
1970.0,1.0,0.0,0.04516104
1972.0,0.0,0.0,-0.09748137
1974.0,0.0,0.0,-0.35629845
1976.0,0.0,0.0,-0.3972322
1978.0,0.0,0.0,-0.12085891
1980.0,0.0,0.0,-0.16756976
1982.0,1.0,1.0,0.031169742
1984.0,1.0,0.0,0.14730155
1992.0,1.0,1.0,0.4226319
1994.0,1.0,0.0,0.23202649
1996.0,0.0,0.0,-0.20682356
1946.0,1.0,1.0,0.49943218
1948.0,1.0,0.0,0.6138854
1950.0,1.0,0.0,0.7011713
1956.0,1.0,0.0,0.01660335
1960.0,1.0,1.0,0.64940107
1964.0,1.0,1.0,0.5741756
1968.0,1.0,1.0,0.58382726
1972.0,1.0,1.0,0.561802
1976.0,0.0,0.0,-0.011025816
1978.0,0.0,0.0,-0.4411004
1980.0,0.0,0.0,-0.8096483
1982.0,0.0,0.0,-0.10442555
1984.0,0.0,0.0,-0.19271728
1986.0,0.0,0.0,-0.12041476
1988.0,0.0,0.0,-0.46522522
1990.0,0.0,0.0,-0.01987338
1992.0,0.0,0.0,-0.18843845
1994.0,0.0,0.0,-0.507913
1946.0,1.0,0.0,0.31313682
1948.0,1.0,1.0,0.2673129
1954.0,1.0,1.0,0.48896983
1956.0,1.0,1.0,0.52855587
1960.0,1.0,1.0,0.5188985
1962.0,1.0,1.0,0.499295
1964.0,1.0,1.0,0.47111294
1968.0,0.0,0.0,-0.08425748
1970.0,0.0,0.0,-0.23422173
1972.0,0.0,0.0,-0.46894678
1974.0,0.0,0.0,-0.19984934
1976.0,0.0,0.0,-0.31376556
1986.0,1.0,1.0,0.075862676
1988.0,1.0,1.0,0.2503292
1990.0,1.0,1.0,0.5522829
1992.0,1.0,1.0,0.12118611
1994.0,1.0,1.0,0.1814704
1996.0,1.0,1.0,0.29687855
1946.0,1.0,1.0,0.46699643
1948.0,1.0,1.0,0.4867878
1950.0,1.0,1.0,0.8330401
1952.0,1.0,1.0,0.15337288
1954.0,1.0,1.0,0.16027895
1956.0,1.0,1.0,0.18143383
1958.0,1.0,1.0,0.5227699
1960.0,1.0,1.0,0.5603627
1962.0,1.0,0.0,0.0059933662
1964.0,1.0,1.0,0.005138755
1968.0,1.0,1.0,0.205096
1970.0,1.0,1.0,0.34817433
1974.0,1.0,1.0,0.7901968
1976.0,1.0,1.0,0.7611637
1978.0,1.0,0.0,0.75709856
1980.0,0.0,0.0,-0.19028613
1982.0,0.0,0.0,-0.18474698
1986.0,0.0,0.0,-0.37390813
1990.0,0.0,0.0,-0.34727052
1992.0,1.0,1.0,0.5745845
1994.0,1.0,1.0,0.5889088
1996.0,1.0,1.0,0.6428828
1946.0,1.0,0.0,0.74284256
1958.0,1.0,1.0,0.74298596
1964.0,1.0,1.0,0.389159
1966.0,1.0,1.0,0.5062028
1968.0,1.0,1.0,0.43033668
1970.0,1.0,0.0,0.32964033
1972.0,0.0,0.0,-0.09615275
1974.0,0.0,0.0,-0.11345029
1976.0,0.0,0.0,-0.06060064
1980.0,0.0,0.0,-0.21396577
1982.0,1.0,1.0,0.08751169
1990.0,1.0,1.0,0.6496108
1992.0,1.0,1.0,0.3675319
1994.0,1.0,1.0,0.23229423
1996.0,1.0,1.0,0.57256794
1946.0,1.0,1.0,0.4703908
1948.0,1.0,1.0,0.9906632
1956.0,1.0,1.0,0.34739304
1964.0,1.0,1.0,0.2693869
1966.0,1.0,0.0,0.12360251
1968.0,1.0,1.0,0.27858824
1970.0,1.0,1.0,0.46068656
1986.0,1.0,0.0,0.6307064
1988.0,1.0,0.0,0.10503259
1992.0,1.0,1.0,0.378124
1994.0,1.0,0.0,0.0657095
1996.0,1.0,1.0,0.24999622
1946.0,1.0,0.0,0.3042833
1948.0,1.0,1.0,0.30020547
1952.0,0.0,0.0,-0.030951858
1954.0,0.0,0.0,-0.24895701
1956.0,0.0,0.0,-0.24504131
1958.0,0.0,0.0,-0.13892183
1962.0,0.0,0.0,-0.30759668
1964.0,0.0,0.0,-0.12486908
1966.0,0.0,0.0,-0.616887
1968.0,0.0,0.0,-0.85378146
1970.0,0.0,0.0,-0.4917874
1972.0,0.0,0.0,-0.15445924
1974.0,0.0,0.0,-0.18190691
1982.0,1.0,1.0,0.0120693445
1984.0,1.0,1.0,0.07053134
1986.0,1.0,1.0,0.39735985
1988.0,1.0,1.0,0.2775655
1990.0,1.0,0.0,0.67335033
1992.0,0.0,0.0,-0.201442
1996.0,0.0,0.0,-0.36173916
1946.0,1.0,1.0,0.24633148
1948.0,1.0,1.0,0.20869544
1950.0,1.0,1.0,0.38811895
1952.0,1.0,1.0,0.58184433
1954.0,1.0,1.0,0.4834647
1956.0,1.0,1.0,0.38076124
1958.0,1.0,1.0,0.53273
1962.0,1.0,1.0,0.01149869
1964.0,1.0,1.0,0.39211324
1966.0,1.0,1.0,0.18504897
1968.0,1.0,0.0,0.11243442
1970.0,0.0,0.0,-0.23517418
1972.0,0.0,0.0,-0.32389534
1974.0,0.0,0.0,-0.054977745
1978.0,0.0,0.0,-0.2857523
1982.0,0.0,0.0,-0.23583639
1984.0,0.0,0.0,-0.16302925
1990.0,0.0,0.0,-0.16387883
1996.0,0.0,0.0,-0.54853654
1946.0,1.0,1.0,0.24273434
1948.0,1.0,1.0,0.13289055
1950.0,1.0,1.0,0.16668913
1952.0,1.0,1.0,0.51512825
1954.0,1.0,1.0,0.3323846
1956.0,1.0,1.0,0.34519064
1960.0,1.0,1.0,0.52293706
1964.0,1.0,0.0,0.38773105
1966.0,0.0,0.0,-0.14488623
1968.0,0.0,0.0,-0.29883257
1970.0,0.0,0.0,-0.27494657
1972.0,0.0,0.0,-0.06614399
1974.0,1.0,1.0,0.15289286
1976.0,1.0,1.0,0.09001279
1978.0,1.0,0.0,0.033652663
1980.0,0.0,0.0,-0.005584955
1982.0,0.0,0.0,-0.011059225
1984.0,0.0,0.0,-0.12390718
1986.0,0.0,0.0,-0.23551667
1988.0,0.0,0.0,-0.24645421
1990.0,1.0,1.0,0.07088995
1992.0,1.0,1.0,0.14512274
1994.0,1.0,1.0,0.20097739
1996.0,1.0,1.0,0.38308647
1946.0,1.0,0.0,0.086910605
1948.0,1.0,1.0,0.048175454
1950.0,1.0,0.0,0.16733447
1952.0,0.0,0.0,-0.034109354
1954.0,1.0,1.0,0.012858659
1956.0,1.0,1.0,0.08195391
1958.0,1.0,1.0,0.53134656
1960.0,1.0,1.0,0.160339
1962.0,1.0,1.0,0.2240622
1964.0,1.0,0.0,0.16449061
1966.0,0.0,0.0,-0.074382514
1968.0,0.0,0.0,-0.19780302
1970.0,0.0,0.0,-0.218485
1972.0,0.0,0.0,-0.4556166
1974.0,0.0,0.0,-0.01791501
1976.0,0.0,0.0,-0.1469512
1978.0,0.0,0.0,-0.23751652
1980.0,0.0,0.0,-0.3873551
1982.0,1.0,1.0,0.007422954
1984.0,1.0,1.0,0.040293247
1988.0,1.0,1.0,0.2680129
1992.0,1.0,1.0,0.26174688
1994.0,1.0,1.0,0.17566526
1996.0,1.0,1.0,0.3430595
1952.0,0.0,0.0,-0.0048801005
1954.0,0.0,0.0,-0.083767146
1956.0,0.0,0.0,-0.13324869
1958.0,0.0,0.0,-0.05832249
1960.0,0.0,0.0,-0.10047412
1962.0,0.0,0.0,-0.10799432
1964.0,0.0,0.0,-0.0134164095
1966.0,0.0,0.0,-0.16668507
1968.0,0.0,0.0,-0.19633725
1970.0,0.0,0.0,-0.08890733
1972.0,0.0,0.0,-0.12515578
1974.0,1.0,1.0,0.08407956
1976.0,1.0,1.0,0.15875605
1978.0,1.0,0.0,0.06706405
1980.0,0.0,0.0,-0.022872537
1982.0,0.0,0.0,-0.06794533
1984.0,0.0,0.0,-0.25021097
1986.0,0.0,0.0,-0.20395434
1988.0,0.0,0.0,-0.3621882
1990.0,0.0,0.0,-0.27591112
1992.0,0.0,0.0,-0.30246568
1996.0,0.0,0.0,-0.46877754
1992.0,1.0,0.0,0.048451066
1994.0,0.0,0.0,-0.076048404
1996.0,0.0,0.0,-0.29614753
1964.0,0.0,0.0,-0.19823304
1966.0,0.0,0.0,-0.31510636
1968.0,0.0,0.0,-0.18676502
1970.0,0.0,0.0,-0.34380016
1972.0,0.0,0.0,-0.5870017
1974.0,0.0,0.0,-0.22526601
1976.0,0.0,0.0,-0.25038338
1978.0,0.0,0.0,-0.2787154
1982.0,0.0,0.0,-0.23319077
1984.0,0.0,0.0,-0.020026475
1988.0,0.0,0.0,-0.19299015
1992.0,0.0,0.0,-0.23408228
1994.0,0.0,0.0,-0.34624946
1996.0,0.0,0.0,-0.3060487
1964.0,0.0,0.0,-0.250778
1966.0,0.0,0.0,-0.09297493
1968.0,0.0,0.0,-0.21153465
1970.0,0.0,0.0,-0.35790595
1972.0,0.0,0.0,-0.13373327
1974.0,0.0,0.0,-0.32217848
1976.0,0.0,0.0,-0.15209424
1978.0,0.0,0.0,-0.08001676
1980.0,0.0,0.0,-0.2390641
1982.0,0.0,0.0,-0.008390158
1984.0,0.0,0.0,-0.21779227
1986.0,0.0,0.0,-0.33397353
1990.0,0.0,0.0,-0.025782347
1992.0,0.0,0.0,-0.01565218
1994.0,0.0,0.0,-0.47157407
1996.0,0.0,0.0,-0.2779801
1954.0,1.0,1.0,0.9999106
1968.0,1.0,1.0,0.82398784
1970.0,1.0,0.0,0.7826408
1972.0,1.0,1.0,0.5498591
1974.0,1.0,1.0,0.91767704
1976.0,1.0,1.0,0.9794347
1982.0,1.0,1.0,0.92517936
1984.0,1.0,1.0,0.9241419
1986.0,1.0,1.0,0.6113397
1988.0,1.0,0.0,0.92162347
1990.0,1.0,1.0,0.47458044
1992.0,1.0,1.0,0.22969449
1994.0,1.0,0.0,0.2719849
1996.0,0.0,0.0,-0.030913442
1946.0,1.0,1.0,0.7614827
1948.0,1.0,0.0,0.699646
1950.0,1.0,1.0,0.8742622
1956.0,1.0,1.0,0.4682344
1964.0,0.0,0.0,-0.1800715
1966.0,1.0,1.0,0.17341283
1968.0,1.0,1.0,0.70703
1970.0,1.0,1.0,0.6947135
1972.0,1.0,0.0,0.3959279
1974.0,1.0,1.0,0.99508435
1976.0,1.0,1.0,0.6076491
1980.0,1.0,1.0,0.9587996
1986.0,1.0,1.0,0.5499128
1988.0,1.0,1.0,0.923234
1992.0,1.0,1.0,0.39469907
1996.0,0.0,0.0,-0.016970575
1964.0,1.0,1.0,0.059744358
1968.0,1.0,1.0,0.33421767
1970.0,1.0,1.0,0.51830363
1972.0,1.0,1.0,0.49761632
1974.0,1.0,0.0,0.99987584
1978.0,1.0,1.0,0.93682885
1980.0,1.0,1.0,0.8825129
1982.0,1.0,1.0,0.6243902
1984.0,1.0,1.0,0.9176804
1986.0,1.0,1.0,0.578089
1988.0,1.0,0.0,0.2982017
1990.0,1.0,0.0,0.34281623
1992.0,1.0,1.0,0.33648884
1994.0,1.0,1.0,0.010078788
1996.0,1.0,1.0,0.13486028
1948.0,1.0,1.0,0.64697564
1964.0,0.0,0.0,-0.21127203
1966.0,0.0,0.0,-0.2688301
1968.0,0.0,0.0,-0.29767838
1970.0,0.0,0.0,-0.22417146
1972.0,0.0,0.0,-0.24163309
1974.0,0.0,0.0,-0.15649906
1976.0,0.0,0.0,-0.1398553
1978.0,0.0,0.0,-0.23413885
1980.0,0.0,0.0,-0.03980699
1982.0,1.0,1.0,0.068342745
1984.0,1.0,1.0,0.1976378
1986.0,1.0,1.0,0.45674458
1988.0,1.0,1.0,0.3358812
1990.0,1.0,0.0,0.8686092
1992.0,0.0,0.0,-0.0733417
1994.0,0.0,0.0,-0.581491
1996.0,0.0,0.0,-0.4364135
1946.0,1.0,0.0,0.45477116
1952.0,1.0,1.0,0.45095408
1954.0,1.0,1.0,0.57829034
1964.0,0.0,0.0,-0.19106245
1966.0,1.0,1.0,0.28718936
1968.0,1.0,1.0,0.54651654
1972.0,1.0,1.0,0.70828533
1974.0,1.0,1.0,0.8454044
1978.0,1.0,1.0,0.8985012
1980.0,1.0,1.0,0.46909434
1982.0,1.0,1.0,0.9366571
1984.0,1.0,0.0,0.93589485
1986.0,1.0,1.0,0.19540307
1988.0,1.0,1.0,0.36194098
1990.0,1.0,0.0,0.41069332
1992.0,1.0,1.0,0.5212755
1994.0,1.0,1.0,0.5387775
1996.0,1.0,1.0,0.4402657
1946.0,1.0,0.0,0.84766996
1948.0,1.0,1.0,0.7672694
1952.0,1.0,1.0,0.7468537
1954.0,1.0,1.0,0.83247674
1956.0,1.0,1.0,0.60132957
1960.0,1.0,0.0,0.58315086
1966.0,1.0,0.0,0.42597497
1968.0,1.0,1.0,0.61030877
1970.0,1.0,1.0,0.7641076
1946.0,1.0,1.0,0.88183534
1948.0,1.0,1.0,0.7418723
1956.0,1.0,1.0,0.3175152
1958.0,1.0,1.0,0.72673273
1960.0,1.0,0.0,0.34561992
1954.0,1.0,1.0,0.99989736
1968.0,1.0,0.0,0.37751016
1974.0,1.0,1.0,0.8119199
1976.0,1.0,0.0,0.3771255
1982.0,1.0,1.0,0.29629767
1984.0,1.0,1.0,0.94409287
1986.0,1.0,0.0,0.28439343
1990.0,1.0,0.0,0.28610718
1992.0,1.0,1.0,0.39658973
1994.0,1.0,0.0,0.06805205
1996.0,1.0,0.0,0.08445224
1974.0,1.0,0.0,0.17793068
1976.0,1.0,0.0,0.72766054
1978.0,0.0,0.0,-0.02468121
1980.0,0.0,0.0,-0.58021307
1982.0,0.0,0.0,-0.07714483
1984.0,1.0,1.0,0.05625367
1986.0,1.0,1.0,0.514705
1988.0,1.0,0.0,0.6691605
1990.0,1.0,1.0,0.2082971
1992.0,1.0,1.0,0.48327622
1994.0,1.0,0.0,0.14764223
1996.0,1.0,1.0,0.046916693
1948.0,1.0,1.0,0.37282336
1952.0,1.0,1.0,0.11922607
1954.0,1.0,1.0,0.9998667
1956.0,1.0,0.0,0.22706339
1962.0,1.0,1.0,0.38690385
1964.0,1.0,0.0,0.09487212
1966.0,0.0,0.0,-0.06286287
1968.0,0.0,0.0,-0.34247267
1970.0,0.0,0.0,-0.33400306
1972.0,0.0,0.0,-0.5457841
1974.0,0.0,0.0,-0.03651786
1978.0,0.0,0.0,-0.56887007
1982.0,0.0,0.0,-0.3193135
1986.0,0.0,0.0,-0.59606504
1988.0,0.0,0.0,-0.49381208
1990.0,0.0,0.0,-0.41003367
1992.0,0.0,0.0,-0.0301525
1994.0,0.0,0.0,-0.35431936
1996.0,0.0,0.0,-0.13853946
1948.0,1.0,1.0,0.755085
1954.0,1.0,1.0,0.9999224
1962.0,1.0,0.0,0.54916835
1966.0,1.0,0.0,0.29981825
1982.0,1.0,1.0,0.31146407
1984.0,1.0,1.0,0.9579401
1986.0,1.0,1.0,0.6201754
1988.0,1.0,1.0,0.38388383
1990.0,1.0,0.0,0.44748613
1992.0,0.0,0.0,-0.04673338
1994.0,0.0,0.0,-0.036123157
1996.0,0.0,0.0,-0.270057
1946.0,1.0,1.0,0.73948264
1948.0,1.0,1.0,0.73892295
1952.0,1.0,1.0,0.5931232
1954.0,1.0,1.0,0.9999421
1958.0,0.0,0.0,-0.020856142
1960.0,1.0,0.0,0.6539737
1946.0,1.0,1.0,0.6946484
1952.0,1.0,0.0,0.013654828
1954.0,0.0,0.0,-0.014976054
1956.0,0.0,0.0,-0.12701496
1958.0,0.0,0.0,-0.17567575
1960.0,0.0,0.0,-0.16852674
1962.0,1.0,1.0,0.6382116
1968.0,1.0,1.0,0.6931336
1970.0,1.0,0.0,0.6033968
1978.0,1.0,1.0,0.26523948
1980.0,1.0,1.0,0.22419393
1982.0,1.0,0.0,0.48928833
1986.0,1.0,1.0,0.27500308
1988.0,1.0,1.0,0.33765605
1990.0,1.0,1.0,0.044692725
1992.0,1.0,0.0,0.08131847
1994.0,0.0,0.0,-0.23206282
1996.0,0.0,0.0,-0.45145416
1948.0,1.0,1.0,0.82289624
1960.0,1.0,1.0,0.6495726
1964.0,1.0,1.0,0.45362484
1966.0,1.0,1.0,0.5251583
1978.0,1.0,0.0,0.6349993
1980.0,1.0,0.0,0.41188726
1982.0,1.0,0.0,0.23413947
1986.0,1.0,1.0,0.98871493
1988.0,1.0,0.0,0.9947705
1990.0,1.0,1.0,0.13865757
1992.0,1.0,1.0,0.46911788
1994.0,1.0,0.0,0.22657475
1996.0,1.0,1.0,0.1895571
1956.0,1.0,1.0,0.79147375
1962.0,1.0,1.0,0.15190735
1964.0,1.0,1.0,0.31447506
1968.0,1.0,0.0,0.5779207
1972.0,1.0,0.0,0.6406437
1980.0,1.0,1.0,0.54065347
1982.0,1.0,0.0,0.6822922
1990.0,1.0,0.0,0.45301577
1992.0,1.0,1.0,0.18577814
1994.0,1.0,1.0,0.15301275
1996.0,1.0,1.0,0.22391298
1946.0,1.0,1.0,0.43808782
1948.0,1.0,0.0,0.6204487
1950.0,1.0,1.0,0.64265645
1952.0,1.0,0.0,0.32074782
1956.0,1.0,1.0,0.21843183
1960.0,1.0,1.0,0.40988696
1962.0,1.0,1.0,0.28962612
1964.0,1.0,1.0,0.2784053
1968.0,1.0,1.0,0.056827635
1970.0,1.0,1.0,0.15545413
1972.0,1.0,1.0,0.11831346
1974.0,1.0,0.0,0.36366537
1978.0,1.0,1.0,0.4624425
1980.0,1.0,1.0,0.31531513
1982.0,1.0,1.0,0.33882725
1984.0,1.0,0.0,0.29568616
1988.0,0.0,0.0,-0.0031586587
1990.0,0.0,0.0,-0.11827794
1992.0,0.0,0.0,-0.13512993
1946.0,1.0,0.0,0.22598422
1948.0,1.0,1.0,0.41297412
1950.0,1.0,1.0,0.53064835
1956.0,1.0,1.0,0.02883622
1958.0,1.0,1.0,0.3394682
1962.0,1.0,1.0,0.30428946
1968.0,0.0,0.0,-0.23344219
1970.0,0.0,0.0,-0.51588833
1972.0,0.0,0.0,-0.110214055
1974.0,0.0,0.0,-0.07983783
1976.0,0.0,0.0,-0.17947757
1978.0,0.0,0.0,-0.021384716
1980.0,0.0,0.0,-0.115225434
1982.0,0.0,0.0,-0.17563307
1990.0,0.0,0.0,-0.19783649
1992.0,1.0,1.0,0.058220387
1994.0,1.0,1.0,0.14414093
1996.0,1.0,1.0,0.23362222
1946.0,1.0,1.0,0.42134133
1948.0,1.0,1.0,0.3330411
1952.0,1.0,1.0,0.21505424
1956.0,1.0,1.0,0.094815016
1958.0,1.0,1.0,0.43030217
1960.0,1.0,1.0,0.23968396
1962.0,1.0,1.0,0.283898
1964.0,1.0,1.0,0.3209497
1968.0,1.0,1.0,0.23967493
1970.0,1.0,1.0,0.4453449
1972.0,0.0,0.0,-0.51934576
1974.0,0.0,0.0,-0.516104
1976.0,0.0,0.0,-0.30380934
1978.0,0.0,0.0,-0.5750779
1982.0,1.0,1.0,0.22695327
1984.0,1.0,1.0,0.9723369
1986.0,1.0,0.0,0.40323552
1988.0,0.0,0.0,-0.06920457
1990.0,0.0,0.0,-0.18445146
1992.0,0.0,0.0,-0.30721533
1996.0,0.0,0.0,-0.34362304
1952.0,1.0,1.0,0.12554416
1954.0,1.0,1.0,0.10914719
1956.0,1.0,1.0,0.24822786
1960.0,1.0,1.0,0.22835565
1962.0,1.0,1.0,0.33616284
1966.0,1.0,1.0,0.263626
1968.0,1.0,1.0,0.099997014
1970.0,1.0,1.0,0.067189366
1972.0,1.0,0.0,0.35918212
1976.0,1.0,0.0,0.31431898
1980.0,1.0,1.0,0.43532956
1982.0,1.0,1.0,0.48453555
1984.0,1.0,0.0,0.17661533
1990.0,1.0,1.0,0.35114685
1992.0,0.0,0.0,-0.12963262
1994.0,0.0,0.0,-0.46784484
1996.0,0.0,0.0,-0.24118897
1966.0,0.0,0.0,-0.41636208
1970.0,0.0,0.0,-0.34321237
1972.0,1.0,1.0,0.15681744
1974.0,1.0,0.0,0.13488698
1976.0,1.0,0.0,0.16034439
1980.0,1.0,0.0,0.41017663
1984.0,0.0,0.0,-0.6051855
1988.0,0.0,0.0,-0.46018195
1992.0,0.0,0.0,-0.37095046
1996.0,0.0,0.0,-0.3495692
1962.0,1.0,1.0,0.5071051
1968.0,1.0,1.0,0.12317923
1970.0,1.0,1.0,0.4125042
1974.0,0.0,0.0,-0.5331656
1976.0,0.0,0.0,-0.5616822
1978.0,1.0,1.0,0.22984266
1980.0,1.0,1.0,0.40733194
1982.0,0.0,0.0,-0.023267597
1984.0,0.0,0.0,-0.571651
1986.0,0.0,0.0,-0.41665038
1990.0,0.0,0.0,-0.16209853
1992.0,0.0,0.0,-0.17859662
1996.0,0.0,0.0,-0.37321723
1962.0,1.0,1.0,0.41289222
1966.0,0.0,0.0,-0.22132325
1968.0,0.0,0.0,-0.097295314
1970.0,0.0,0.0,-0.08214402
1972.0,0.0,0.0,-0.24026167
1974.0,0.0,0.0,-0.4736115
1976.0,0.0,0.0,-0.3264617
1980.0,0.0,0.0,-0.5789114
1984.0,0.0,0.0,-0.23827887
1986.0,0.0,0.0,-0.42347908
1988.0,0.0,0.0,-0.46939218
1992.0,0.0,0.0,-0.13159993
1996.0,0.0,0.0,-0.33214214
1962.0,0.0,0.0,-0.038441896
1964.0,0.0,0.0,-0.2111542
1968.0,1.0,0.0,0.531592
1972.0,1.0,0.0,0.20434844
1976.0,1.0,0.0,0.8223195
1978.0,1.0,1.0,0.10573146
1980.0,1.0,1.0,0.18922985
1982.0,1.0,1.0,0.41196823
1984.0,1.0,1.0,0.2102578
1986.0,1.0,1.0,0.4542892
1988.0,1.0,0.0,0.21685338
1990.0,1.0,1.0,0.03872323
1992.0,1.0,1.0,0.12199378
1994.0,1.0,0.0,0.03150049
1996.0,1.0,1.0,0.15816715
1962.0,0.0,0.0,-0.2904185
1964.0,0.0,0.0,-0.21171567
1966.0,1.0,1.0,0.1388638
1968.0,1.0,1.0,0.14079535
1970.0,1.0,1.0,0.43428138
1972.0,0.0,0.0,-0.25655222
1974.0,0.0,0.0,-0.019085675
1976.0,0.0,0.0,-0.07795516
1978.0,1.0,0.0,0.23281142
1980.0,0.0,0.0,-0.09077105
1982.0,0.0,0.0,-0.05122313
1992.0,0.0,0.0,-0.04220295
1994.0,0.0,0.0,-0.29954088
1996.0,0.0,0.0,-0.23139977
1972.0,1.0,0.0,0.23276946
1976.0,1.0,0.0,0.56664765
1980.0,1.0,0.0,0.49806046
1982.0,0.0,0.0,-0.30228505
1986.0,0.0,0.0,-0.49943924
1988.0,0.0,0.0,-0.42315388
1992.0,0.0,0.0,-0.15697911
1996.0,0.0,0.0,-0.28755343
1972.0,1.0,1.0,0.3529073
1974.0,1.0,1.0,0.38103914
1976.0,1.0,1.0,0.45743525
1978.0,1.0,1.0,0.26258922
1980.0,1.0,1.0,0.49897924
1982.0,1.0,1.0,0.46026826
1984.0,1.0,1.0,0.10800648
1986.0,1.0,0.0,0.47514424
1988.0,1.0,1.0,0.09703827
1990.0,1.0,1.0,0.32079864
1996.0,0.0,0.0,-0.4698257
1972.0,1.0,1.0,0.13672519
1974.0,1.0,1.0,0.41053593
1976.0,1.0,1.0,0.4084641
1978.0,1.0,1.0,0.48345986
1980.0,1.0,1.0,0.30739236
1982.0,0.0,0.0,-0.1413059
1984.0,0.0,0.0,-0.3142872
1988.0,0.0,0.0,-0.32198405
1992.0,1.0,0.0,0.013544589
1994.0,0.0,0.0,-0.07592037
1996.0,0.0,0.0,-0.08519694
1982.0,1.0,1.0,0.35788402
1984.0,1.0,1.0,0.12743291
1986.0,1.0,1.0,0.39309764
1988.0,1.0,0.0,0.38808942
1992.0,0.0,0.0,-0.21691373
1994.0,0.0,0.0,-0.1613288
1996.0,0.0,0.0,-0.2800565
1990.0,1.0,0.0,0.5663442
1996.0,1.0,0.0,0.77509034
1982.0,1.0,1.0,0.42432347
1984.0,1.0,1.0,0.21062887
1986.0,1.0,0.0,0.47070062
1990.0,0.0,0.0,-0.20768559
1992.0,0.0,0.0,-0.33533466
1982.0,1.0,1.0,0.1770933
1984.0,1.0,1.0,0.2851554
1986.0,1.0,1.0,0.38107434
1988.0,1.0,1.0,0.4477787
1990.0,1.0,0.0,0.23958954
1992.0,1.0,1.0,0.26149523
1994.0,1.0,0.0,0.32145238
1996.0,1.0,0.0,0.31148064
1992.0,1.0,1.0,0.16549733
1994.0,1.0,1.0,0.22494495
1996.0,1.0,0.0,0.29987392
1992.0,0.0,0.0,-0.14883846
1994.0,0.0,0.0,-0.2671808
1996.0,0.0,0.0,-0.23726285
1992.0,1.0,0.0,0.27402648
1996.0,1.0,0.0,0.4692237
1946.0,1.0,1.0,0.99699616
1948.0,1.0,1.0,0.9998126
1950.0,1.0,1.0,0.9998654
1954.0,1.0,1.0,0.6741735
1956.0,1.0,1.0,0.5737654
1962.0,1.0,1.0,0.9561914
1964.0,1.0,1.0,0.445248
1966.0,1.0,1.0,0.16068557
1968.0,1.0,1.0,0.36367723
1974.0,1.0,1.0,0.72204185
1982.0,1.0,1.0,0.28143796
1984.0,1.0,1.0,0.63168585
1988.0,1.0,1.0,0.34007642
1990.0,1.0,0.0,0.4244518
1992.0,0.0,0.0,-0.15647045
1994.0,0.0,0.0,-0.5310255
1996.0,0.0,0.0,-0.36419702
1946.0,1.0,1.0,0.99981487
1956.0,1.0,1.0,0.99980617
1962.0,1.0,0.0,0.93408096
1964.0,1.0,1.0,0.9992032
1970.0,1.0,1.0,0.83552086
1980.0,1.0,1.0,0.47185552
1988.0,1.0,1.0,0.23377058
1990.0,1.0,0.0,0.46047935
1992.0,1.0,1.0,0.27394235
1994.0,1.0,1.0,0.32338178
1996.0,1.0,1.0,0.079333216
1950.0,1.0,1.0,0.9997523
1956.0,1.0,1.0,0.99992263
1962.0,1.0,0.0,0.99992
1964.0,0.0,0.0,-0.14899468
1966.0,1.0,1.0,0.23308009
1974.0,1.0,1.0,0.7541195
1976.0,1.0,1.0,0.7746922
1982.0,1.0,1.0,0.4192444
1984.0,1.0,1.0,0.6276132
1986.0,1.0,1.0,0.9948453
1990.0,1.0,0.0,0.2631533
1992.0,0.0,0.0,-0.0951924
1994.0,0.0,0.0,-0.3105538
1996.0,0.0,0.0,-0.22213134
1952.0,1.0,0.0,0.9995414
1958.0,1.0,1.0,0.9998827
1960.0,1.0,1.0,0.99996257
1964.0,1.0,0.0,0.13835669
1966.0,0.0,0.0,-0.0032685995
1968.0,0.0,0.0,-0.1504598
1970.0,0.0,0.0,-0.3031361
1972.0,0.0,0.0,-0.518258
1974.0,1.0,1.0,0.10158098
1976.0,1.0,1.0,0.36629882
1978.0,1.0,1.0,0.6182538
1980.0,1.0,0.0,0.3886751
1984.0,0.0,0.0,-0.062072396
1986.0,0.0,1.0,-0.0645515
1988.0,1.0,1.0,0.20577395
1990.0,1.0,0.0,0.048653454
1992.0,0.0,0.0,-0.01069057
1994.0,0.0,0.0,-0.15740642
1996.0,1.0,1.0,0.15522707
1946.0,1.0,1.0,0.23368955
1946.0,0.0,0.0,-0.23368955
1946.0,0.0,0.0,-0.6161388
1948.0,1.0,1.0,0.99382144
1950.0,1.0,1.0,0.9998581
1952.0,1.0,1.0,0.99955916
1954.0,1.0,1.0,0.28766033
1956.0,1.0,1.0,0.18404248
1960.0,1.0,0.0,0.993225
1962.0,1.0,1.0,0.11111519
1964.0,1.0,0.0,0.08063325
1966.0,0.0,0.0,-0.20257342
1968.0,0.0,0.0,-0.112853765
1970.0,0.0,1.0,-0.147122
1972.0,1.0,1.0,0.05698037
1974.0,1.0,1.0,0.43288
1976.0,1.0,0.0,0.333611
1978.0,1.0,1.0,0.50961053
1980.0,1.0,0.0,0.48079193
1986.0,1.0,1.0,0.50623226
1988.0,1.0,1.0,0.5639579
1990.0,1.0,1.0,0.5118257
1992.0,1.0,1.0,0.44267508
1994.0,1.0,1.0,0.38259688
1946.0,1.0,1.0,0.99977887
1950.0,1.0,1.0,0.9999107
1966.0,1.0,1.0,0.35823038
1974.0,1.0,1.0,0.02908063
1976.0,1.0,0.0,0.03422883
1978.0,0.0,0.0,-0.088143855
1980.0,0.0,0.0,-0.18112576
1982.0,0.0,0.0,-0.10542315
1984.0,0.0,0.0,-0.38285637
1986.0,0.0,0.0,-0.19089296
1988.0,0.0,0.0,-0.1783222
1990.0,0.0,0.0,-0.0062209964
1992.0,0.0,0.0,-0.15480602
1994.0,0.0,0.0,-0.28330433
1996.0,0.0,0.0,-0.15606225
1946.0,1.0,1.0,0.999208
1950.0,1.0,1.0,0.99991524
1952.0,1.0,1.0,0.9978316
1954.0,1.0,1.0,0.99994314
1956.0,1.0,0.0,0.9926778
1958.0,1.0,0.0,0.99985623
1960.0,1.0,1.0,0.48330888
1962.0,1.0,1.0,0.4481794
1964.0,1.0,1.0,0.09448862
1966.0,1.0,1.0,0.2993257
1970.0,1.0,1.0,0.4501226
1972.0,1.0,0.0,0.16551495
1974.0,1.0,1.0,0.0056892633
1976.0,1.0,1.0,0.10186669
1978.0,1.0,1.0,0.3304515
1980.0,1.0,1.0,0.36236143
1982.0,1.0,0.0,0.22247815
1984.0,1.0,1.0,0.10442087
1986.0,1.0,1.0,0.32761165
1988.0,1.0,1.0,0.29561925
1990.0,1.0,1.0,0.20218313
1992.0,1.0,0.0,0.1464777
1994.0,0.0,0.0,-0.03852293
1996.0,0.0,0.0,-0.15607873
1952.0,1.0,0.0,0.99700546
1956.0,1.0,1.0,0.9998602
1964.0,1.0,0.0,0.9995979
1966.0,1.0,1.0,0.54027057
1972.0,1.0,1.0,0.24763498
1976.0,1.0,1.0,0.3949486
1980.0,1.0,0.0,0.4918288
1986.0,1.0,1.0,0.72791636
1990.0,1.0,1.0,0.37493026
1992.0,1.0,0.0,0.11429334
1994.0,0.0,0.0,-0.25302973
1996.0,0.0,0.0,-0.051160693
1950.0,1.0,0.0,0.99985677
1960.0,1.0,1.0,0.9999305
1964.0,1.0,1.0,0.21040684
1970.0,1.0,1.0,0.43436316
1974.0,1.0,0.0,0.49694052
1976.0,1.0,1.0,0.58164513
1978.0,1.0,1.0,0.5386418
1980.0,1.0,1.0,0.36038184
1982.0,1.0,1.0,0.5391027
1984.0,1.0,1.0,0.34961426
1988.0,1.0,1.0,0.25758243
1990.0,1.0,0.0,0.1165055
1992.0,1.0,1.0,0.18385068
1994.0,1.0,1.0,0.15782699
1996.0,0.0,0.0,-0.31093898
1946.0,1.0,1.0,0.9992684
1946.0,0.0,0.0,-0.9992684
1966.0,1.0,1.0,0.31429335
1974.0,1.0,0.0,0.36728454
1980.0,1.0,1.0,0.6043998
1986.0,1.0,1.0,0.34528422
1988.0,1.0,0.0,0.27959624
1990.0,1.0,0.0,0.16572106
1992.0,1.0,0.0,0.0762687
1994.0,0.0,0.0,-0.30488622
1996.0,0.0,0.0,-0.046916008
1992.0,1.0,1.0,0.46199563
1994.0,1.0,1.0,0.31190822
1996.0,0.0,0.0,-0.28612065
1946.0,1.0,1.0,0.8363073
1952.0,1.0,1.0,0.32791865
1954.0,1.0,1.0,0.6462251
1958.0,1.0,1.0,0.9999522
1960.0,1.0,1.0,0.6429429
1970.0,1.0,1.0,0.7469362
1976.0,1.0,0.0,0.03809035
1988.0,0.0,0.0,-0.7216069
1946.0,1.0,1.0,0.81307316
1956.0,1.0,1.0,0.2903136
1958.0,1.0,1.0,0.8361366
1960.0,1.0,1.0,0.5605669
1962.0,1.0,1.0,0.34468055
1964.0,1.0,1.0,0.10099363
1966.0,1.0,1.0,0.3725696
1968.0,1.0,1.0,0.024527222
1970.0,1.0,1.0,0.42929915
1974.0,1.0,1.0,0.6717258
1976.0,1.0,0.0,0.8512502
1986.0,1.0,1.0,0.8340657
1988.0,1.0,0.0,0.78938353
1990.0,0.0,0.0,-0.050842285
1948.0,1.0,1.0,0.32855284
1960.0,1.0,1.0,0.6719712
1964.0,1.0,1.0,0.24574924
1966.0,1.0,0.0,0.19350576
1972.0,0.0,0.0,-0.08030486
1974.0,0.0,0.0,-0.17015138
1976.0,0.0,0.0,-0.46624747
1988.0,0.0,0.0,-0.7868471
1956.0,1.0,1.0,0.3612975
1960.0,1.0,0.0,0.48314467
1988.0,0.0,0.0,-0.63711345
1992.0,1.0,0.0,0.47799885
1992.0,0.0,0.0,-0.47799885
1976.0,1.0,0.0,0.05099514
1986.0,1.0,0.0,0.4550801
1988.0,1.0,0.0,0.5116965
1992.0,0.0,0.0,-0.26037443
1996.0,0.0,0.0,-0.16553032
1960.0,1.0,1.0,0.71192837
1964.0,1.0,0.0,0.25852922
1966.0,1.0,1.0,0.5315304
1968.0,1.0,1.0,0.5904788
1976.0,0.0,0.0,-0.30438194
1986.0,0.0,0.0,-0.060102046
1968.0,1.0,1.0,0.69891834
1974.0,1.0,1.0,0.7856531
1976.0,1.0,0.0,0.66696537
1986.0,1.0,0.0,0.14053413
1996.0,1.0,0.0,0.062440038
1996.0,0.0,0.0,-0.062440038
1962.0,1.0,0.0,0.27994022
1964.0,1.0,1.0,0.09043205
1972.0,1.0,1.0,0.51678807
1976.0,1.0,0.0,0.884302
1986.0,0.0,0.0,-0.027176857
1988.0,0.0,0.0,-0.13513827
1950.0,1.0,0.0,0.849856
1960.0,1.0,1.0,0.8726555
1966.0,1.0,1.0,0.4742536
1974.0,1.0,1.0,0.7635561
1978.0,1.0,1.0,0.35546887
1980.0,1.0,1.0,0.25958407
1982.0,1.0,1.0,0.41765356
1984.0,1.0,1.0,0.7671385
1986.0,1.0,1.0,0.3284223
1988.0,1.0,1.0,0.56342065
1990.0,1.0,1.0,0.29736474
1992.0,1.0,0.0,0.1891934
1994.0,0.0,0.0,-0.2611531
1996.0,0.0,0.0,-0.37015623
1966.0,1.0,1.0,0.66931295
1970.0,1.0,1.0,0.72927856
1972.0,1.0,1.0,0.27273855
1974.0,1.0,1.0,0.38413122
1976.0,1.0,1.0,0.27263728
1978.0,1.0,1.0,0.23496914
1980.0,1.0,0.0,0.39158574
1982.0,0.0,0.0,-0.0197061
1984.0,0.0,0.0,-0.017750263
1986.0,1.0,1.0,0.034134537
1988.0,1.0,1.0,0.30279157
1990.0,1.0,1.0,0.68211615
1992.0,1.0,0.0,0.52753866
1994.0,1.0,1.0,0.14794937
1996.0,1.0,1.0,0.216596
1950.0,1.0,1.0,0.8500992
1952.0,1.0,1.0,0.74311864
1960.0,1.0,0.0,0.85382104
1966.0,1.0,0.0,0.64852476
1970.0,1.0,0.0,0.2731373
1976.0,1.0,1.0,0.8788872
1978.0,1.0,1.0,0.8472564
1982.0,1.0,1.0,0.86153483
1988.0,1.0,1.0,0.77636206
1992.0,1.0,1.0,0.6239792
1994.0,1.0,0.0,0.35236487
1996.0,0.0,0.0,-0.2486659
1948.0,1.0,1.0,0.96757174
1950.0,1.0,1.0,0.9160712
1962.0,1.0,0.0,0.6593486
1964.0,0.0,0.0,-0.11399877
1966.0,1.0,1.0,0.3267919
1968.0,1.0,1.0,0.40093017
1972.0,0.0,0.0,-0.038953424
1974.0,0.0,0.0,-0.41406488
1976.0,0.0,0.0,-0.54436016
1978.0,0.0,0.0,-0.2526867
1980.0,0.0,0.0,-0.09566265
1982.0,1.0,1.0,0.06884387
1984.0,1.0,1.0,0.10630283
1986.0,1.0,0.0,0.4302094
1988.0,1.0,1.0,0.108180046
1990.0,1.0,1.0,0.6119677
1992.0,1.0,1.0,0.4483407
1994.0,1.0,1.0,0.36931956
1996.0,0.0,0.0,-0.24832436
1950.0,1.0,0.0,0.9510597
1952.0,1.0,1.0,0.8820839
1966.0,1.0,1.0,0.40044606
1970.0,1.0,0.0,0.8077843
1972.0,0.0,0.0,-0.11183098
1974.0,0.0,0.0,-0.58613497
1976.0,0.0,0.0,-0.36424014
1980.0,0.0,0.0,-0.47839868
1982.0,0.0,0.0,-0.5709926
1984.0,0.0,0.0,-0.69325185
1986.0,0.0,0.0,-0.6468812
1988.0,0.0,1.0,-0.099610925
1990.0,1.0,1.0,0.62741375
1992.0,1.0,1.0,0.2781721
1994.0,1.0,1.0,0.20207962
1996.0,1.0,1.0,0.1820339
1950.0,1.0,1.0,0.75785935
1950.0,1.0,1.0,0.92872477
1946.0,1.0,1.0,0.784305
1948.0,1.0,1.0,0.8540617
1950.0,1.0,1.0,0.85522246
1954.0,1.0,1.0,0.8491157
1956.0,1.0,1.0,0.77211595
1960.0,1.0,1.0,0.7309383
1964.0,1.0,0.0,0.65110326
1966.0,1.0,1.0,0.22691727
1968.0,1.0,1.0,0.32445657
1970.0,1.0,1.0,0.42898068
1972.0,1.0,1.0,0.37666333
1974.0,1.0,1.0,0.54922986
1976.0,1.0,1.0,0.5333805
1978.0,1.0,1.0,0.6021768
1982.0,1.0,1.0,0.6352931
1984.0,1.0,1.0,0.34247518
1986.0,1.0,1.0,0.39081457
1988.0,1.0,1.0,0.3038776
1990.0,1.0,0.0,0.2957064
1992.0,1.0,1.0,0.35565215
1994.0,1.0,1.0,0.22137642
1996.0,1.0,1.0,0.32778072
1948.0,1.0,1.0,0.92243505
1952.0,1.0,1.0,0.8955492
1960.0,1.0,1.0,0.7551937
1966.0,1.0,1.0,0.29894075
1972.0,1.0,1.0,0.43232977
1978.0,1.0,1.0,0.58015513
1980.0,1.0,0.0,0.4684235
1982.0,1.0,1.0,0.22747609
1984.0,1.0,1.0,0.3542557
1986.0,1.0,1.0,0.49129736
1990.0,1.0,0.0,0.49483573
1992.0,1.0,0.0,0.093586475
1994.0,0.0,0.0,-0.120888114
1996.0,1.0,1.0,0.06863809
1946.0,1.0,1.0,0.33417484
1948.0,1.0,1.0,0.5762994
1952.0,1.0,1.0,0.52295756
1954.0,1.0,1.0,0.5456469
1956.0,1.0,1.0,0.5763732
1958.0,1.0,0.0,0.5819137
1960.0,1.0,1.0,0.42465946
1964.0,1.0,1.0,0.34840927
1968.0,1.0,1.0,0.07947466
1970.0,1.0,1.0,0.20268273
1976.0,1.0,1.0,0.3749844
1978.0,1.0,1.0,0.42168614
1980.0,1.0,1.0,0.36593294
1982.0,1.0,1.0,0.27555245
1984.0,1.0,0.0,0.28211364
1986.0,1.0,1.0,0.28910053
1990.0,1.0,0.0,0.18599641
1992.0,1.0,0.0,0.1121625
1994.0,0.0,0.0,-0.054198146
1996.0,0.0,0.0,-0.26128042
1946.0,1.0,1.0,0.31364703
1948.0,1.0,1.0,0.56627196
1950.0,1.0,1.0,0.45523408
1952.0,1.0,1.0,0.50664556
1958.0,1.0,1.0,0.5113456
1960.0,1.0,1.0,0.33228585
1962.0,1.0,1.0,0.16258574
1964.0,1.0,0.0,0.03583184
1966.0,0.0,0.0,-0.13052467
1968.0,1.0,1.0,0.029073238
1970.0,1.0,0.0,0.04703316
1972.0,1.0,1.0,0.0068992376
1974.0,1.0,1.0,0.3004308
1976.0,1.0,1.0,0.21204352
1978.0,1.0,1.0,0.8872466
1980.0,1.0,1.0,0.06789756
1982.0,1.0,0.0,0.03950557
1984.0,0.0,0.0,-0.012824625
1986.0,1.0,1.0,0.11314845
1988.0,1.0,1.0,0.16014743
1990.0,1.0,1.0,0.16135752
1992.0,1.0,0.0,0.30919033
1994.0,0.0,1.0,-0.007872701
1996.0,1.0,1.0,0.10633117
1946.0,1.0,0.0,0.25802517
1948.0,1.0,1.0,0.46688074
1952.0,1.0,1.0,0.96411896
1954.0,1.0,0.0,0.32489836
1956.0,1.0,1.0,0.19356251
1958.0,1.0,1.0,0.43285272
1960.0,1.0,1.0,0.15269816
1962.0,1.0,1.0,0.18356916
1964.0,1.0,0.0,0.03194201
1966.0,1.0,1.0,0.061154395
1968.0,0.0,0.0,-0.048099875
1970.0,0.0,0.0,-0.16251266
1972.0,0.0,0.0,-0.2966788
1974.0,1.0,1.0,0.04388243
1976.0,1.0,1.0,0.0859665
1978.0,1.0,1.0,0.08363858
1980.0,1.0,1.0,0.021730185
1982.0,1.0,1.0,0.21094388
1984.0,1.0,1.0,0.0149332285
1986.0,1.0,1.0,0.08235061
1988.0,1.0,1.0,0.05225274
1990.0,1.0,1.0,0.18210852
1992.0,1.0,0.0,0.07040894
1994.0,0.0,0.0,-0.14565182
1996.0,0.0,0.0,-0.26636878
1946.0,1.0,1.0,0.2678163
1948.0,1.0,1.0,0.46607566
1950.0,1.0,1.0,0.5071417
1952.0,1.0,1.0,0.3904636
1954.0,1.0,1.0,0.48496202
1960.0,1.0,1.0,0.19262981
1962.0,1.0,1.0,0.19755593
1964.0,1.0,1.0,0.22745141
1966.0,1.0,0.0,0.03237903
1968.0,1.0,1.0,0.07284927
1970.0,1.0,0.0,0.3729057
1972.0,1.0,0.0,0.8781333
1974.0,1.0,1.0,0.27715066
1976.0,1.0,1.0,0.94344735
1978.0,1.0,0.0,0.36803997
1980.0,0.0,0.0,-0.021102548
1982.0,1.0,0.0,0.0819
1984.0,0.0,0.0,-0.013082832
1986.0,0.0,0.0,-0.0005464256
1988.0,0.0,0.0,-0.24941301
1990.0,0.0,0.0,-0.3317968
1992.0,0.0,0.0,-0.41570807
1996.0,0.0,0.0,-0.480461
1946.0,1.0,0.0,0.4782734
1948.0,1.0,1.0,0.6902574
1950.0,1.0,1.0,0.68016255
1952.0,1.0,1.0,0.9693098
1954.0,1.0,0.0,0.62497187
1956.0,1.0,1.0,0.67967033
1958.0,1.0,1.0,0.779294
1960.0,1.0,1.0,0.5305954
1962.0,1.0,1.0,0.5404941
1970.0,1.0,0.0,0.4401803
1972.0,1.0,1.0,0.21721774
1976.0,1.0,1.0,0.6260369
1978.0,1.0,1.0,0.39756906
1980.0,1.0,1.0,0.37485445
1982.0,1.0,1.0,0.43004537
1984.0,1.0,1.0,0.18315339
1986.0,1.0,1.0,0.28409255
1988.0,1.0,1.0,0.3450774
1990.0,1.0,1.0,0.31297752
1992.0,1.0,1.0,0.15866244
1994.0,1.0,0.0,0.031443626
1996.0,1.0,1.0,0.070575446
1946.0,1.0,1.0,0.08356723
1948.0,1.0,1.0,0.25401723
1950.0,1.0,1.0,0.19185078
1952.0,1.0,1.0,0.19708517
1954.0,1.0,0.0,0.18277419
1956.0,1.0,1.0,0.18978807
1958.0,1.0,1.0,0.2680942
1960.0,1.0,0.0,0.1266315
1962.0,0.0,0.0,-0.119148284
1964.0,0.0,0.0,-0.08600083
1966.0,0.0,0.0,-0.4301622
1968.0,0.0,0.0,-0.023221374
1970.0,0.0,0.0,-0.122354954
1972.0,0.0,0.0,-0.20447972
1974.0,1.0,1.0,0.13961387
1976.0,1.0,1.0,0.33228534
1978.0,1.0,1.0,0.17949772
1980.0,1.0,1.0,0.17061543
1982.0,1.0,1.0,0.1542685
1984.0,1.0,1.0,0.017222136
1986.0,1.0,1.0,0.15738383
1988.0,1.0,1.0,0.02984786
1990.0,1.0,1.0,0.099402934
1992.0,1.0,1.0,0.2114085
1994.0,1.0,1.0,0.04754761
1996.0,1.0,0.0,0.11477837
1946.0,1.0,1.0,0.09790826
1948.0,1.0,1.0,0.19144511
1950.0,1.0,0.0,0.22291195
1952.0,1.0,1.0,0.029725552
1954.0,1.0,1.0,0.04387507
1956.0,1.0,1.0,0.07721111
1958.0,1.0,1.0,0.32981312
1960.0,1.0,0.0,0.062095135
1962.0,0.0,0.0,-0.00952664
1964.0,0.0,0.0,-0.10365152
1966.0,0.0,0.0,-0.26672974
1970.0,0.0,0.0,-0.33273867
1972.0,0.0,0.0,-0.17714444
1974.0,0.0,0.0,-0.102740794
1976.0,0.0,0.0,-0.074453115
1978.0,0.0,0.0,-0.37589854
1980.0,0.0,0.0,-0.17173636
1982.0,0.0,0.0,-0.15107372
1984.0,0.0,0.0,-0.0014689863
1986.0,0.0,0.0,-0.026259303
1988.0,0.0,0.0,-0.31881833
1990.0,0.0,0.0,-0.24036136
1992.0,0.0,0.0,-0.34643105
1994.0,0.0,0.0,-0.2997562
1996.0,0.0,0.0,-0.27567646
1946.0,1.0,1.0,0.076963454
1948.0,1.0,1.0,0.19508386
1950.0,1.0,0.0,0.04674208
1952.0,0.0,0.0,-0.1482062
1954.0,0.0,0.0,-0.14973429
1956.0,0.0,0.0,-0.25323632
1958.0,0.0,0.0,-0.03843081
1960.0,0.0,0.0,-0.17104983
1962.0,1.0,1.0,0.10186398
1964.0,1.0,1.0,0.1729263
1966.0,1.0,0.0,0.12250963
1968.0,0.0,0.0,-0.096910805
1970.0,0.0,0.0,-0.141215
1972.0,0.0,0.0,-0.45090893
1976.0,0.0,0.0,-0.19567609
1980.0,0.0,0.0,-0.39415452
1984.0,0.0,0.0,-0.46737325
1986.0,0.0,0.0,-0.14983866
1988.0,0.0,0.0,-0.22063348
1990.0,0.0,0.0,-0.23641858
1992.0,0.0,0.0,-0.29697567
1994.0,0.0,0.0,-0.43039635
1996.0,0.0,0.0,-0.41254738
1946.0,1.0,1.0,0.16940966
1948.0,1.0,0.0,0.29850864
1950.0,1.0,1.0,0.37863278
1952.0,1.0,1.0,0.25981352
1954.0,1.0,0.0,0.34953293
1960.0,1.0,1.0,0.22113743
1962.0,1.0,1.0,0.10427177
1964.0,1.0,1.0,0.21063462
1966.0,1.0,1.0,0.05554831
1968.0,1.0,1.0,0.12574604
1970.0,1.0,1.0,0.34050158
1972.0,1.0,0.0,0.19178438
1976.0,1.0,1.0,0.027683645
1978.0,1.0,0.0,0.06814256
1980.0,0.0,0.0,-0.07013735
1982.0,1.0,0.0,0.0077464283
1984.0,0.0,1.0,-0.019530773
1986.0,1.0,1.0,0.013872594
1988.0,1.0,0.0,0.007100314
1990.0,0.0,0.0,-0.013278097
1992.0,0.0,0.0,-0.09302533
1994.0,0.0,0.0,-0.20221293
1996.0,0.0,0.0,-0.18244931
1946.0,1.0,1.0,0.2098974
1948.0,1.0,1.0,0.26160112
1950.0,1.0,0.0,0.2738
1952.0,1.0,1.0,0.13802719
1954.0,1.0,1.0,0.23094466
1956.0,1.0,0.0,0.08927131
1958.0,1.0,0.0,0.25061512
1960.0,1.0,1.0,0.0408549
1992.0,1.0,1.0,0.4305844
1994.0,1.0,1.0,0.31650457
1996.0,1.0,1.0,0.44778925
1946.0,1.0,1.0,0.9905205
1948.0,1.0,1.0,0.7823907
1950.0,1.0,1.0,0.9991119
1952.0,1.0,1.0,0.999672
1954.0,1.0,1.0,0.95496315
1956.0,1.0,1.0,0.9999036
1958.0,1.0,1.0,0.9997046
1960.0,1.0,0.0,0.99970317
1964.0,1.0,1.0,0.9996915
1972.0,1.0,1.0,0.08980143
1974.0,1.0,1.0,0.4685689
1976.0,1.0,1.0,0.377756
1978.0,1.0,0.0,0.21189582
1980.0,0.0,0.0,-0.033043295
1982.0,0.0,0.0,-0.09359938
1984.0,0.0,0.0,-0.23469007
1986.0,0.0,0.0,-0.040848374
1988.0,0.0,0.0,-0.27552536
1990.0,0.0,0.0,-0.31025818
1992.0,0.0,0.0,-0.33628982
1994.0,0.0,0.0,-0.3394253
1946.0,1.0,0.0,0.9730563
1948.0,1.0,0.0,0.9289124
1950.0,1.0,1.0,0.99938464
1952.0,1.0,1.0,0.9997394
1954.0,1.0,1.0,0.953688
1956.0,1.0,1.0,0.9999189
1958.0,1.0,1.0,0.99985373
1960.0,1.0,0.0,0.99987346
1962.0,1.0,1.0,0.056710243
1964.0,1.0,1.0,0.9632748
1966.0,0.0,0.0,-0.28683257
1968.0,0.0,0.0,-0.15166318
1970.0,0.0,0.0,-0.06720835
1974.0,0.0,0.0,-0.13065818
1976.0,0.0,0.0,-0.1574308
1978.0,0.0,0.0,-0.14639899
1980.0,0.0,0.0,-0.114409715
1982.0,0.0,0.0,-0.17021206
1984.0,0.0,0.0,-0.2537135
1986.0,0.0,0.0,-0.07196799
1988.0,0.0,0.0,-0.061011463
1990.0,1.0,1.0,0.7805151
1946.0,1.0,0.0,0.99858356
1948.0,1.0,0.0,0.9567523
1950.0,1.0,1.0,0.999139
1952.0,1.0,1.0,0.8776454
1954.0,1.0,1.0,0.9863928
1956.0,1.0,1.0,0.8605316
1958.0,1.0,1.0,0.9974843
1960.0,1.0,1.0,0.999752
1962.0,1.0,1.0,0.9995948
1964.0,1.0,1.0,0.9996967
1966.0,1.0,1.0,0.1551001
1968.0,1.0,1.0,0.34483653
1970.0,1.0,1.0,0.5047405
1972.0,1.0,0.0,0.50482905
1974.0,1.0,1.0,0.23634568
1978.0,1.0,1.0,0.6391362
1980.0,1.0,1.0,0.20349434
1982.0,1.0,1.0,0.80749714
1984.0,1.0,1.0,0.17860758
1986.0,1.0,1.0,0.36862049
1988.0,1.0,1.0,0.08141109
1990.0,1.0,1.0,0.16116178
1992.0,1.0,0.0,0.22311953
1994.0,0.0,0.0,-0.20119953
1996.0,0.0,0.0,-0.21557051
1946.0,1.0,1.0,0.9922986
1948.0,1.0,1.0,0.8974844
1950.0,1.0,1.0,0.9988723
1954.0,1.0,1.0,0.9845245
1956.0,1.0,1.0,0.7023529
1968.0,1.0,1.0,0.2234329
1972.0,1.0,1.0,0.3215593
1974.0,1.0,1.0,0.26503405
1976.0,1.0,0.0,0.4710194
1978.0,0.0,0.0,-0.059794635
1982.0,0.0,0.0,-0.26686993
1984.0,0.0,0.0,-0.2877746
1986.0,1.0,1.0,0.041165262
1988.0,1.0,1.0,0.04300487
1990.0,1.0,0.0,0.22953513
1992.0,0.0,0.0,-0.028722405
1994.0,0.0,0.0,-0.4712727
1996.0,0.0,0.0,-0.43142942
1948.0,1.0,1.0,0.9428266
1950.0,1.0,1.0,0.99981225
1952.0,1.0,1.0,0.8784903
1954.0,1.0,0.0,0.99992573
1960.0,1.0,1.0,0.9975477
1962.0,1.0,0.0,0.87883896
1964.0,1.0,1.0,0.33423555
1966.0,1.0,1.0,0.983578
1968.0,1.0,1.0,0.52901644
1970.0,1.0,1.0,0.32907254
1972.0,1.0,0.0,0.2177161
1974.0,1.0,1.0,0.23624992
1976.0,1.0,1.0,0.030965418
1978.0,1.0,1.0,0.6548724
1980.0,1.0,0.0,0.7500198
1982.0,1.0,0.0,0.3525981
1984.0,1.0,1.0,0.8753763
1988.0,1.0,1.0,0.39679518
1992.0,1.0,1.0,0.22507203
1994.0,1.0,1.0,0.042784482
1996.0,1.0,1.0,0.08824724
1946.0,1.0,1.0,0.9448146
1948.0,1.0,1.0,0.9427984
1950.0,1.0,1.0,0.9994393
1952.0,1.0,1.0,0.9997097
1954.0,1.0,1.0,0.9778356
1956.0,1.0,1.0,0.9998994
1960.0,1.0,1.0,0.9998594
1962.0,1.0,1.0,0.99989134
1964.0,1.0,1.0,0.30021718
1966.0,1.0,1.0,0.23481202
1968.0,1.0,1.0,0.18422657
1970.0,1.0,0.0,0.29228354
1972.0,0.0,1.0,-0.087316304
1974.0,1.0,1.0,0.03907165
1976.0,1.0,1.0,0.114163846
1980.0,0.0,0.0,-0.035559684
1982.0,1.0,1.0,0.049725324
1984.0,1.0,1.0,0.2113755
1986.0,1.0,1.0,0.51075864
1988.0,1.0,1.0,0.521569
1992.0,1.0,1.0,0.30573174
1994.0,1.0,1.0,0.276297
1996.0,1.0,1.0,0.39385393
1962.0,1.0,1.0,0.34668112
1964.0,1.0,1.0,0.49148798
1970.0,1.0,1.0,0.56960356
1974.0,1.0,0.0,0.37208688
1976.0,1.0,1.0,0.674322
1978.0,1.0,1.0,0.5614779
1982.0,1.0,1.0,0.94969165
1988.0,1.0,1.0,0.24481142
1990.0,1.0,1.0,0.22084889
1994.0,1.0,0.0,0.14431044
1996.0,1.0,1.0,0.048159838
1946.0,1.0,1.0,0.9233891
1948.0,1.0,1.0,0.8652667
1952.0,1.0,1.0,0.5803938
1960.0,1.0,1.0,0.3979249
1962.0,1.0,1.0,0.37582088
1964.0,1.0,1.0,0.25378755
1972.0,1.0,1.0,0.47625875
1976.0,1.0,1.0,0.90075374
1978.0,1.0,1.0,0.40182066
1980.0,1.0,1.0,0.3973115
1982.0,1.0,1.0,0.88527524
1984.0,1.0,0.0,0.18518636
1986.0,1.0,1.0,0.16293827
1988.0,1.0,1.0,0.7534454
1990.0,1.0,1.0,0.11130524
1992.0,1.0,1.0,0.12546906
1994.0,1.0,0.0,0.1407075
1996.0,1.0,1.0,0.06635493
1948.0,1.0,1.0,0.7735776
1950.0,1.0,0.0,0.82287884
1956.0,1.0,1.0,0.6699431
1962.0,1.0,1.0,0.04083684
1964.0,1.0,0.0,0.18649122
1966.0,1.0,0.0,0.06841886
1968.0,0.0,0.0,-0.1871399
1970.0,0.0,0.0,-0.21181563
1972.0,0.0,0.0,-0.46678436
1974.0,0.0,0.0,-0.29421476
1976.0,0.0,0.0,-0.48084164
1980.0,0.0,0.0,-0.61242795
1982.0,0.0,0.0,-0.55300015
1984.0,0.0,0.0,-0.6598588
1988.0,0.0,0.0,-0.63644266
1946.0,1.0,1.0,0.8745787
1962.0,1.0,1.0,0.4401002
1964.0,1.0,1.0,0.6275114
1972.0,1.0,1.0,0.40467763
1974.0,1.0,1.0,0.49898946
1976.0,1.0,1.0,0.25442913
1978.0,1.0,0.0,0.22918728
1980.0,1.0,0.0,0.04510379
1982.0,1.0,1.0,0.4856074
1984.0,1.0,1.0,0.1593051
1986.0,1.0,1.0,0.4331683
1988.0,1.0,1.0,0.34327292
1990.0,1.0,1.0,0.9927503
1992.0,1.0,1.0,0.20030138
1994.0,1.0,1.0,0.18962163
1996.0,1.0,1.0,0.29472867
1946.0,1.0,1.0,0.51556706
1948.0,1.0,1.0,0.968613
1954.0,0.0,0.0,-0.058200687
1956.0,0.0,0.0,-0.11231223
1958.0,0.0,0.0,-0.05160618
1960.0,0.0,1.0,-0.14641538
1962.0,0.0,0.0,-0.12597728
1964.0,1.0,1.0,0.14913544
1966.0,1.0,1.0,0.21992674
1968.0,1.0,1.0,0.22840682
1970.0,1.0,0.0,0.19444418
1972.0,0.0,0.0,-0.11395717
1974.0,0.0,0.0,-0.041291475
1976.0,1.0,1.0,0.09394279
1978.0,1.0,1.0,0.0120691955
1980.0,1.0,0.0,0.02194032
1982.0,1.0,1.0,0.31159818
1986.0,1.0,1.0,0.17802536
1988.0,1.0,1.0,0.2260521
1990.0,1.0,1.0,0.21850851
1992.0,1.0,1.0,0.21602821
1994.0,1.0,0.0,0.027148604
1948.0,1.0,1.0,0.9964826
1950.0,1.0,1.0,0.9615803
1964.0,1.0,1.0,0.64342535
1972.0,1.0,1.0,0.45201182
1974.0,1.0,1.0,0.66046727
1976.0,1.0,0.0,0.32519633
1978.0,1.0,1.0,0.30203712
1980.0,1.0,1.0,0.41754806
1982.0,1.0,0.0,0.8907821
1984.0,0.0,0.0,-0.1320943
1986.0,0.0,0.0,-0.1160171
1988.0,0.0,0.0,-0.35282862
1990.0,0.0,0.0,-0.33330673
1992.0,0.0,0.0,-0.43792787
1994.0,0.0,0.0,-0.5360476
1958.0,1.0,1.0,0.9343941
1962.0,1.0,1.0,0.7642578
1964.0,1.0,1.0,0.6728349
1966.0,0.0,0.0,-0.14647245
1970.0,0.0,0.0,-0.29615068
1974.0,0.0,0.0,-0.58320117
1978.0,0.0,0.0,-0.7023814
1980.0,0.0,0.0,-0.6568408
1982.0,0.0,0.0,-0.7102141
1984.0,0.0,0.0,-0.7333902
1986.0,0.0,0.0,-0.75499845
1988.0,0.0,0.0,-0.582749
1946.0,1.0,1.0,0.8167442
1948.0,1.0,1.0,0.709381
1950.0,1.0,1.0,0.5568892
1954.0,1.0,1.0,0.24644253
1956.0,1.0,1.0,0.22483775
1958.0,1.0,1.0,0.7635596
1960.0,1.0,1.0,0.46705735
1962.0,1.0,1.0,0.42934784
1964.0,1.0,0.0,0.53535485
1966.0,1.0,1.0,0.8462018
1968.0,1.0,1.0,0.4110509
1972.0,1.0,1.0,0.29904234
1974.0,1.0,1.0,0.4442449
1976.0,1.0,0.0,0.21441042
1978.0,1.0,0.0,0.23019564
1980.0,0.0,0.0,-0.03505543
1982.0,0.0,0.0,-0.14110383
1984.0,0.0,0.0,-0.29102302
1986.0,0.0,0.0,-0.36802784
1992.0,0.0,0.0,-0.54065335
1960.0,1.0,1.0,0.8856045
1962.0,1.0,1.0,0.32539845
1964.0,1.0,0.0,0.5055407
1968.0,1.0,1.0,0.2114073
1970.0,1.0,1.0,0.2898278
1972.0,1.0,1.0,0.3243619
1974.0,1.0,1.0,0.23816642
1978.0,1.0,1.0,0.26560768
1982.0,1.0,1.0,0.37249032
1984.0,1.0,1.0,0.17696044
1986.0,1.0,1.0,0.23045024
1990.0,1.0,1.0,0.15477076
1992.0,1.0,0.0,0.10128254
1994.0,0.0,0.0,-0.0619272
1996.0,0.0,1.0,-0.025524408
1960.0,1.0,1.0,0.96168756
1962.0,1.0,0.0,0.2659092
1964.0,1.0,1.0,0.51544416
1966.0,1.0,1.0,0.49695775
1968.0,1.0,1.0,0.24168798
1972.0,1.0,1.0,0.82343805
1974.0,1.0,1.0,0.60843885
1976.0,1.0,1.0,0.53642344
1978.0,1.0,1.0,0.52642155
1980.0,1.0,1.0,0.20345739
1982.0,1.0,1.0,0.8362999
1984.0,1.0,1.0,0.9963809
1986.0,1.0,1.0,0.44640508
1988.0,1.0,1.0,0.86896265
1990.0,1.0,1.0,0.3355386
1992.0,1.0,0.0,0.42041054
1994.0,1.0,1.0,0.16514015
1996.0,1.0,1.0,0.14835462
1948.0,1.0,1.0,0.92464876
1964.0,1.0,1.0,0.6304134
1966.0,1.0,0.0,0.8980651
1968.0,1.0,1.0,0.93063486
1974.0,1.0,1.0,0.64407873
1976.0,1.0,0.0,0.14807963
1978.0,1.0,1.0,0.0328013
1982.0,1.0,1.0,0.9270083
1988.0,1.0,0.0,0.9071622
1990.0,1.0,1.0,0.069098115
1992.0,1.0,1.0,0.348061
1994.0,1.0,1.0,0.18365332
1996.0,1.0,1.0,0.14460453
1946.0,1.0,1.0,0.7535033
1948.0,1.0,1.0,0.78219724
1950.0,1.0,1.0,0.612998
1954.0,1.0,1.0,0.9766867
1962.0,1.0,1.0,0.21252143
1964.0,1.0,1.0,0.36985573
1974.0,1.0,1.0,0.57386243
1976.0,1.0,1.0,0.5204344
1978.0,1.0,0.0,0.36997938
1980.0,1.0,1.0,0.20617327
1982.0,1.0,1.0,0.38445887
1984.0,1.0,1.0,0.9999436
1986.0,1.0,1.0,0.37432668
1988.0,1.0,0.0,0.98707277
1990.0,1.0,1.0,0.4262061
1992.0,1.0,1.0,0.25539705
1994.0,1.0,0.0,0.37349555
1996.0,0.0,0.0,-0.16738737
1962.0,1.0,1.0,0.34259275
1964.0,1.0,1.0,0.5036514
1966.0,1.0,1.0,0.1414431
1968.0,1.0,1.0,0.11550331
1970.0,1.0,0.0,0.29784667
1972.0,0.0,0.0,-0.09667912
1974.0,1.0,1.0,0.15449262
1976.0,1.0,1.0,0.18913862
1978.0,1.0,1.0,0.49724504
1980.0,1.0,1.0,0.1000011
1982.0,1.0,0.0,0.2834561
1984.0,0.0,0.0,-0.060270905
1986.0,0.0,0.0,-0.2985247
1988.0,1.0,1.0,0.04929316
1990.0,1.0,1.0,0.12957337
1992.0,1.0,0.0,0.20663643
1994.0,0.0,0.0,-0.108397454
1996.0,0.0,0.0,-0.34575266
1948.0,1.0,1.0,0.78109825
1954.0,1.0,0.0,0.87669396
1956.0,1.0,1.0,0.7456902
1962.0,1.0,1.0,0.40705344
1964.0,1.0,1.0,0.5507308
1976.0,1.0,0.0,0.22838748
1978.0,1.0,0.0,0.44890007
1980.0,1.0,1.0,0.13537994
1982.0,1.0,0.0,0.22025537
1984.0,0.0,0.0,-0.026080161
1986.0,0.0,1.0,-0.04650688
1988.0,1.0,1.0,0.07338351
1990.0,1.0,1.0,0.08611551
1992.0,1.0,1.0,0.4082616
1994.0,1.0,0.0,0.11216509
1996.0,0.0,0.0,-0.034547925
1964.0,1.0,1.0,0.38721383
1970.0,1.0,1.0,0.5234182
1976.0,1.0,0.0,0.48734117
1978.0,1.0,0.0,0.32406294
1980.0,1.0,1.0,0.40045872
1982.0,1.0,1.0,0.91355217
1988.0,1.0,1.0,0.87710035
1992.0,1.0,1.0,0.2085514
1994.0,1.0,0.0,0.1955426
1996.0,1.0,1.0,0.2556604
1948.0,1.0,1.0,0.9894036
1956.0,1.0,1.0,0.29141036
1960.0,1.0,0.0,0.35735887
1962.0,0.0,0.0,-0.07659066
1964.0,1.0,1.0,0.113387704
1968.0,1.0,1.0,0.47035918
1970.0,1.0,1.0,0.6541333
1976.0,1.0,1.0,0.15579498
1978.0,1.0,1.0,0.40018198
1980.0,1.0,0.0,0.69275284
1982.0,1.0,1.0,0.09746423
1984.0,1.0,1.0,0.14880717
1986.0,1.0,1.0,0.31383827
1990.0,1.0,1.0,0.91260016
1992.0,1.0,1.0,0.03779909
1994.0,1.0,0.0,0.1422315
1996.0,1.0,1.0,0.43032777
1960.0,1.0,1.0,0.55270493
1964.0,1.0,1.0,0.528443
1978.0,1.0,1.0,0.36245215
1982.0,1.0,1.0,0.941916
1992.0,1.0,1.0,0.32135943
1994.0,1.0,1.0,0.07319176
1996.0,1.0,1.0,0.042742223
1946.0,1.0,1.0,0.48229563
1948.0,1.0,0.0,0.7731806
1950.0,1.0,1.0,0.049197763
1954.0,1.0,1.0,0.2979125
1962.0,1.0,1.0,0.17614055
1964.0,1.0,0.0,0.099733025
1966.0,0.0,0.0,-0.18922544
1968.0,0.0,0.0,-0.30448663
1972.0,1.0,1.0,0.62378424
1974.0,1.0,1.0,0.70756114
1976.0,1.0,0.0,0.715097
1978.0,1.0,1.0,0.9350308
1980.0,1.0,1.0,0.619972
1982.0,1.0,1.0,0.6790551
1984.0,1.0,1.0,0.5988515
1986.0,1.0,1.0,0.80392766
1988.0,1.0,0.0,0.85763896
1990.0,1.0,1.0,0.9925256
1992.0,1.0,0.0,0.32136717
1994.0,1.0,0.0,0.49083108
1946.0,1.0,1.0,0.89159083
1948.0,1.0,1.0,0.91113865
1950.0,1.0,1.0,0.87761974
1960.0,1.0,1.0,0.71332777
1962.0,1.0,1.0,0.34173015
1964.0,1.0,1.0,0.5524211
1976.0,1.0,0.0,0.092710346
1978.0,1.0,1.0,0.0647769
1980.0,1.0,1.0,0.87015593
1982.0,1.0,0.0,0.642357
1984.0,0.0,0.0,-0.16263029
1986.0,0.0,0.0,-0.23971343
1988.0,0.0,0.0,-0.35410777
1992.0,0.0,0.0,-0.5479554
1996.0,0.0,0.0,-0.6074703
1948.0,1.0,1.0,0.5050013
1964.0,1.0,1.0,0.2927748
1966.0,1.0,1.0,0.7934985
1968.0,1.0,1.0,0.6296692
1972.0,1.0,1.0,0.9382192
1980.0,1.0,1.0,0.64652723
1982.0,1.0,1.0,0.85928404
1988.0,1.0,1.0,0.4317706
1994.0,1.0,1.0,0.25043425
1996.0,1.0,0.0,0.29314566
1962.0,1.0,1.0,0.52259994
1964.0,1.0,1.0,0.5625949
1968.0,1.0,1.0,0.21676192
1970.0,1.0,1.0,0.22713768
1972.0,1.0,0.0,0.13581726
1974.0,1.0,1.0,0.04077682
1976.0,1.0,0.0,0.44310033
1978.0,0.0,0.0,-0.14093223
1980.0,0.0,0.0,-0.5374965
1982.0,0.0,0.0,-0.499769
1984.0,0.0,0.0,-0.61895704
1986.0,0.0,0.0,-0.22085923
1990.0,0.0,0.0,-0.4969325
1992.0,0.0,0.0,-0.48422652
1996.0,0.0,0.0,-0.5402459
1958.0,1.0,0.0,0.28746858
1960.0,1.0,1.0,0.19137314
1962.0,1.0,1.0,0.07093334
1964.0,1.0,1.0,0.16200292
1968.0,1.0,1.0,0.24708804
1970.0,1.0,1.0,0.11290419
1972.0,1.0,1.0,0.41152987
1974.0,1.0,0.0,0.41184607
1976.0,1.0,0.0,0.0013900101
1978.0,0.0,0.0,-0.011102289
1980.0,0.0,1.0,-0.027254313
1984.0,0.0,0.0,-0.30628264
1986.0,0.0,0.0,-0.43533763
1988.0,0.0,0.0,-0.3606851
1990.0,0.0,0.0,-0.42474797
1992.0,0.0,0.0,-0.37796572
1994.0,0.0,0.0,-0.49941152
1966.0,1.0,1.0,0.9273075
1978.0,1.0,1.0,0.7942263
1980.0,1.0,1.0,0.39707747
1982.0,1.0,0.0,0.110416114
1986.0,1.0,1.0,0.81363463
1988.0,1.0,1.0,0.3096159
1990.0,1.0,0.0,0.2698288
1992.0,0.0,0.0,-0.20716932
1994.0,0.0,0.0,-0.25199294
1996.0,0.0,0.0,-0.25473788
1972.0,1.0,1.0,0.3016361
1974.0,1.0,1.0,0.5562653
1976.0,1.0,0.0,0.27327192
1978.0,1.0,1.0,0.081183195
1980.0,1.0,1.0,0.22581151
1982.0,1.0,1.0,0.19182
1984.0,1.0,1.0,0.18939283
1986.0,1.0,1.0,0.3444971
1988.0,1.0,1.0,0.85213625
1992.0,1.0,1.0,0.19591773
1994.0,1.0,0.0,0.05652377
1982.0,1.0,1.0,0.22529596
1984.0,1.0,1.0,0.28086782
1988.0,1.0,1.0,0.43673128
1992.0,1.0,0.0,0.14576799
1994.0,1.0,1.0,0.07287669
1996.0,1.0,1.0,0.3323679
1982.0,1.0,0.0,0.0024708807
1984.0,0.0,0.0,-0.025051206
1986.0,0.0,0.0,-0.36204195
1988.0,0.0,0.0,-0.38534567
1990.0,0.0,0.0,-0.40805852
1992.0,0.0,0.0,-0.46227232
1994.0,0.0,0.0,-0.53972834
1982.0,1.0,1.0,0.30174732
1984.0,1.0,1.0,0.2728183
1992.0,1.0,1.0,0.12859276
1994.0,1.0,1.0,0.18753293
1996.0,1.0,1.0,0.30800796
1992.0,1.0,1.0,0.7421062
1994.0,1.0,1.0,0.4331401
1996.0,1.0,0.0,0.51977277
1992.0,1.0,1.0,0.29851127
1994.0,1.0,0.0,0.46874478
1992.0,1.0,1.0,0.46420828
1994.0,1.0,0.0,0.46969488
1954.0,1.0,1.0,0.76075494
1956.0,1.0,0.0,0.9700171
1962.0,1.0,1.0,0.1226553
1964.0,1.0,1.0,0.34180158
1946.0,1.0,1.0,0.33103806
1952.0,1.0,1.0,0.3159875
1958.0,1.0,1.0,0.7003528
1966.0,1.0,1.0,0.41127583
1972.0,1.0,0.0,0.3117092
1974.0,1.0,1.0,0.5945504
1976.0,1.0,1.0,0.64008963
1988.0,1.0,1.0,0.90103245
1990.0,1.0,0.0,0.7377039
1992.0,1.0,0.0,0.21374205
1994.0,0.0,0.0,-0.019349843
1996.0,0.0,0.0,-0.071047306
1946.0,1.0,0.0,0.13249135
1948.0,1.0,1.0,0.26777604
1952.0,1.0,0.0,0.088232785
1956.0,1.0,1.0,0.04590535
1958.0,1.0,1.0,0.5217272
1964.0,1.0,1.0,0.36885774
1966.0,1.0,1.0,0.17846605
1968.0,1.0,1.0,0.1280874
1972.0,1.0,1.0,0.23060331
1974.0,1.0,1.0,0.59654695
1976.0,1.0,1.0,0.20712519
1980.0,1.0,1.0,0.3133483
1982.0,1.0,1.0,0.47682178
1984.0,1.0,1.0,0.24269745
1988.0,1.0,1.0,0.21222162
1990.0,1.0,1.0,0.32081485
1992.0,1.0,0.0,0.2285335
1994.0,0.0,0.0,-0.19595516
1996.0,0.0,0.0,-0.16186848
1946.0,0.0,0.0,-0.16244435
1948.0,0.0,0.0,-0.06634247
1950.0,0.0,0.0,-0.11066985
1952.0,0.0,0.0,-0.08350715
1954.0,0.0,0.0,-0.003991008
1956.0,0.0,0.0,-0.13579968
1958.0,1.0,1.0,0.04324439
1960.0,1.0,0.0,0.0050417185
1962.0,0.0,0.0,-0.0163064
1964.0,1.0,0.0,0.07634437
1966.0,0.0,0.0,-0.1802654
1968.0,0.0,0.0,-0.11896503
1970.0,1.0,1.0,0.002043426
1972.0,1.0,1.0,0.251849
1974.0,1.0,1.0,0.43104863
1976.0,1.0,1.0,0.15970129
1978.0,1.0,1.0,0.34395388
1980.0,1.0,1.0,0.29090586
1982.0,1.0,1.0,0.32924256
1984.0,1.0,1.0,0.36021063
1986.0,1.0,1.0,0.4688029
1988.0,1.0,1.0,0.3939103
1990.0,1.0,1.0,0.2112507
1992.0,1.0,0.0,0.0547702
1994.0,1.0,0.0,0.0027870238
1996.0,0.0,0.0,-0.005155772
1946.0,1.0,1.0,0.061070174
1948.0,1.0,1.0,0.18898174
1952.0,1.0,1.0,0.11729935
1956.0,1.0,1.0,0.12576795
1962.0,1.0,1.0,0.05765879
1964.0,1.0,0.0,0.23311976
1966.0,0.0,0.0,-0.07992992
1968.0,0.0,0.0,-0.299329
1970.0,0.0,0.0,-0.331831
1972.0,0.0,0.0,-0.47639015
1974.0,0.0,0.0,-0.034899205
1976.0,0.0,0.0,-0.11738548
1978.0,0.0,0.0,-0.31681144
1980.0,0.0,0.0,-0.3396143
1982.0,0.0,0.0,-0.089007854
1984.0,0.0,0.0,-0.07304564
1986.0,0.0,0.0,-0.11176005
1988.0,0.0,0.0,-0.48441258
1990.0,0.0,0.0,-0.38661793
1992.0,0.0,0.0,-0.23284066
1994.0,0.0,0.0,-0.48291567
1996.0,0.0,0.0,-0.3677467
1946.0,1.0,1.0,0.023295403
1948.0,1.0,1.0,0.3243959
1950.0,1.0,1.0,0.2659078
1952.0,1.0,1.0,0.10865155
1954.0,1.0,1.0,0.22010374
1956.0,1.0,1.0,0.118439525
1958.0,1.0,1.0,0.43847582
1960.0,1.0,0.0,0.10838854
1964.0,0.0,0.0,-0.06276238
1966.0,0.0,0.0,-0.5071225
1968.0,0.0,0.0,-0.47027895
1970.0,0.0,0.0,-0.60886955
1972.0,0.0,0.0,-0.4709252
1974.0,0.0,0.0,-0.3882532
1976.0,0.0,0.0,-0.33947238
1978.0,0.0,0.0,-0.5834979
1980.0,0.0,0.0,-0.3495425
1982.0,0.0,0.0,-0.30343664
1984.0,0.0,0.0,-0.5176269
1992.0,0.0,0.0,-0.09238681
1994.0,0.0,0.0,-0.5884913
1946.0,1.0,0.0,0.09940922
1948.0,1.0,1.0,0.21427286
1952.0,1.0,1.0,0.12521029
1954.0,1.0,1.0,0.21817195
1956.0,1.0,1.0,0.054294616
1958.0,1.0,1.0,0.89474714
1960.0,1.0,1.0,0.093216896
1964.0,1.0,1.0,0.41192666
1966.0,1.0,1.0,0.30091226
1968.0,1.0,1.0,0.14125463
1970.0,1.0,0.0,0.29799542
1972.0,1.0,1.0,0.05620581
1974.0,1.0,1.0,0.48012948
1976.0,1.0,0.0,0.8798839
1978.0,0.0,0.0,-0.0452694
1980.0,0.0,0.0,-0.1837633
1982.0,0.0,0.0,-0.15646574
1984.0,0.0,0.0,-0.4340177
1986.0,0.0,0.0,-0.48513517
1988.0,0.0,0.0,-0.47957096
1992.0,1.0,1.0,0.21392477
1994.0,1.0,1.0,0.1767422
1996.0,1.0,0.0,0.113901764
1946.0,0.0,0.0,-0.1869893
1948.0,1.0,1.0,0.20945358
1950.0,1.0,1.0,0.122294515
1952.0,1.0,1.0,0.16331613
1954.0,1.0,1.0,0.20741001
1956.0,1.0,1.0,0.048026353
1958.0,1.0,1.0,0.31591332
1960.0,1.0,1.0,0.12248954
1962.0,1.0,1.0,0.14192167
1964.0,1.0,1.0,0.39356577
1966.0,1.0,1.0,0.37849638
1968.0,1.0,1.0,0.23928487
1970.0,1.0,1.0,0.505407
1972.0,1.0,1.0,0.23871842
1974.0,1.0,1.0,0.51207495
1976.0,1.0,1.0,0.46455303
1978.0,1.0,1.0,0.5294868
1982.0,1.0,1.0,0.5873685
1984.0,1.0,1.0,0.47301117
1986.0,1.0,1.0,0.59220934
1988.0,1.0,1.0,0.17431304
1990.0,1.0,0.0,0.01617968
1946.0,1.0,1.0,0.05164084
1948.0,1.0,1.0,0.20387337
1950.0,1.0,0.0,0.21009076
1952.0,0.0,0.0,-0.37697566
1954.0,0.0,0.0,-0.27145308
1956.0,0.0,0.0,-0.4336207
1958.0,0.0,0.0,-0.36084172
1960.0,0.0,0.0,-0.43606332
1946.0,0.0,0.0,-0.018688083
1948.0,0.0,0.0,-0.047175795
1950.0,0.0,0.0,-0.14071631
1952.0,0.0,0.0,-0.2198743
1954.0,0.0,0.0,-0.11098492
1956.0,0.0,0.0,-0.11435354
1958.0,1.0,1.0,0.011229634
1960.0,1.0,0.0,0.07254183
1962.0,0.0,0.0,-0.063495845
1964.0,0.0,0.0,-0.06185606
1966.0,0.0,0.0,-0.4278569
1968.0,0.0,0.0,-0.47180715
1970.0,0.0,0.0,-0.5190006
1972.0,0.0,0.0,-0.40980688
1974.0,0.0,0.0,-0.059747577
1976.0,0.0,0.0,-0.08134064
1978.0,0.0,0.0,-0.270074
1980.0,1.0,1.0,0.034941703
1982.0,1.0,1.0,0.3859352
1984.0,1.0,1.0,0.16798559
1986.0,1.0,1.0,0.33629063
1988.0,1.0,0.0,0.00807485
1990.0,0.0,0.0,-0.13680819
1992.0,0.0,0.0,-0.031405807
1994.0,0.0,0.0,-0.3540437
1996.0,0.0,0.0,-0.23117757
1946.0,1.0,0.0,0.048881978
1948.0,1.0,0.0,0.12765366
1950.0,0.0,0.0,-0.015137732
1952.0,0.0,0.0,-0.22888184
1954.0,0.0,0.0,-0.122277975
1956.0,0.0,0.0,-0.1628573
1958.0,1.0,1.0,0.21901941
1960.0,1.0,0.0,0.1724042
1962.0,1.0,1.0,0.038356304
1964.0,1.0,1.0,0.3179803
1966.0,1.0,1.0,0.38537237
1968.0,1.0,1.0,0.18117535
1970.0,1.0,0.0,0.36928284
1972.0,1.0,0.0,0.31593633
1974.0,1.0,1.0,0.5422267
1976.0,1.0,1.0,0.5294774
1978.0,1.0,1.0,0.3280759
1980.0,1.0,1.0,0.1472002
1982.0,1.0,0.0,0.05212781
1984.0,0.0,0.0,-0.027389705
1986.0,0.0,0.0,-0.1730566
1988.0,0.0,0.0,-0.42901346
1990.0,0.0,0.0,-0.48725054
1992.0,0.0,0.0,-0.302183
1994.0,0.0,0.0,-0.25512767
1996.0,0.0,0.0,-0.23650178
1946.0,1.0,0.0,0.27778944
1948.0,1.0,1.0,0.40685403
1950.0,1.0,1.0,0.31409827
1952.0,1.0,1.0,0.4182936
1954.0,1.0,1.0,0.94307053
1956.0,1.0,1.0,0.39498755
1958.0,1.0,1.0,0.6796292
1960.0,1.0,1.0,0.6059005
1968.0,1.0,1.0,0.62492776
1972.0,1.0,1.0,0.39428616
1974.0,1.0,0.0,0.67680895
1976.0,1.0,1.0,0.4918898
1980.0,1.0,1.0,0.5225911
1982.0,1.0,1.0,0.48403585
1984.0,1.0,0.0,0.37742308
1986.0,1.0,1.0,0.58215976
1988.0,1.0,1.0,0.45798638
1990.0,1.0,1.0,0.3945061
1992.0,1.0,1.0,0.47018087
1994.0,1.0,1.0,0.41942084
1996.0,1.0,1.0,0.34624395
1946.0,1.0,1.0,0.14474452
1948.0,1.0,1.0,0.2631802
1950.0,1.0,1.0,0.15498528
1952.0,1.0,1.0,0.09316555
1954.0,1.0,1.0,0.14450324
1956.0,1.0,1.0,0.07666299
1958.0,1.0,1.0,0.432256
1960.0,1.0,1.0,0.30937326
1962.0,1.0,1.0,0.4464146
1964.0,1.0,1.0,0.55511475
1966.0,1.0,1.0,0.4856907
1968.0,1.0,0.0,0.31188357
1970.0,1.0,1.0,0.4009461
1972.0,0.0,0.0,-0.18761829
1974.0,0.0,0.0,-0.16290954
1976.0,0.0,0.0,-0.15333942
1978.0,0.0,0.0,-0.24088773
1980.0,0.0,0.0,-0.43721786
1982.0,0.0,0.0,-0.22393253
1984.0,0.0,0.0,-0.3248641
1986.0,1.0,1.0,0.003299594
1988.0,1.0,1.0,0.36607334
1990.0,1.0,0.0,0.17707479
1992.0,1.0,1.0,0.5038557
1994.0,1.0,1.0,0.5006082
1996.0,1.0,1.0,0.7038263
1946.0,1.0,1.0,0.16383025
1948.0,1.0,1.0,0.19382569
1950.0,1.0,0.0,0.14993152
1952.0,0.0,1.0,-0.0076526105
1954.0,1.0,1.0,0.07442394
1956.0,1.0,1.0,0.13622108
1958.0,1.0,1.0,0.502725
1960.0,1.0,1.0,0.24376178
1962.0,1.0,0.0,0.18951812
1964.0,1.0,1.0,0.21938622
1966.0,1.0,0.0,0.077124
1968.0,0.0,0.0,-0.054473996
1970.0,0.0,0.0,-0.22823453
1972.0,0.0,0.0,-0.25839305
1974.0,1.0,1.0,0.05122304
1976.0,1.0,1.0,0.1540406
1978.0,1.0,1.0,0.5439615
1980.0,1.0,0.0,0.60990834
1982.0,1.0,1.0,0.5916754
1984.0,1.0,1.0,0.44350877
1986.0,1.0,1.0,0.6386826
1988.0,1.0,1.0,0.57257605
1990.0,1.0,1.0,0.6132914
1992.0,1.0,1.0,0.09105
1994.0,1.0,1.0,0.17621645
1996.0,1.0,1.0,0.13835207
1946.0,0.0,0.0,-0.16136232
1948.0,0.0,0.0,-0.10680473
1950.0,0.0,0.0,-0.23779178
1952.0,0.0,0.0,-0.15614137
1954.0,0.0,0.0,-0.02878496
1956.0,0.0,1.0,-0.08490589
1958.0,1.0,0.0,0.028008074
1960.0,0.0,0.0,-0.040644526
1962.0,0.0,0.0,-0.21853057
1964.0,0.0,0.0,-0.08954322
1966.0,0.0,0.0,-0.41886523
1968.0,0.0,1.0,-0.059987754
1970.0,1.0,1.0,0.032198578
1972.0,1.0,1.0,0.29614234
1974.0,1.0,1.0,0.4741845
1976.0,1.0,0.0,0.4167393
1978.0,1.0,1.0,0.79330826
1980.0,1.0,1.0,0.39800203
1982.0,1.0,1.0,0.48779336
1984.0,1.0,1.0,0.30260977
1986.0,1.0,1.0,0.44450292
1988.0,1.0,1.0,0.50716054
1990.0,1.0,0.0,0.30692533
1992.0,0.0,0.0,-0.08343831
1994.0,0.0,0.0,-0.31896684
1996.0,0.0,0.0,-0.13664696
1952.0,1.0,1.0,0.027233362
1954.0,1.0,1.0,0.090794235
1956.0,1.0,1.0,0.18050241
1958.0,1.0,1.0,0.47096202
1960.0,1.0,1.0,0.29064655
1962.0,1.0,1.0,0.4002392
1964.0,1.0,1.0,0.5898851
1966.0,1.0,1.0,0.5196645
1968.0,1.0,0.0,0.5924082
1970.0,1.0,1.0,0.17312253
1972.0,1.0,1.0,0.60093665
1976.0,1.0,1.0,0.88786983
1978.0,1.0,1.0,0.7739415
1980.0,1.0,1.0,0.7694845
1982.0,1.0,1.0,0.75865555
1984.0,1.0,0.0,0.9999857
1986.0,1.0,1.0,0.7336703
1990.0,1.0,1.0,0.69981474
1992.0,1.0,1.0,0.706089
1994.0,1.0,0.0,0.63020587
1996.0,1.0,1.0,0.6693561
1966.0,0.0,0.0,-0.08790517
1968.0,0.0,0.0,-0.2178652
1970.0,0.0,0.0,-0.26768017
1972.0,0.0,0.0,-0.27805138
1974.0,0.0,0.0,-0.3184329
1976.0,0.0,0.0,-0.04599583
1978.0,1.0,1.0,0.025329113
1980.0,1.0,1.0,0.18659785
1982.0,1.0,1.0,0.42685047
1984.0,1.0,0.0,0.43694243
1986.0,0.0,0.0,-0.05742511
1988.0,0.0,0.0,-0.25496826
1990.0,0.0,0.0,-0.5128472
1992.0,0.0,0.0,-0.45052227
1994.0,0.0,0.0,-0.40561172
1996.0,0.0,0.0,-0.22635236
1962.0,1.0,1.0,0.113811344
1964.0,1.0,0.0,0.38794768
1946.0,0.0,0.0,-0.09055114
1948.0,1.0,0.0,0.06508076
1950.0,0.0,0.0,-0.05762601
1952.0,0.0,0.0,-0.17284837
1954.0,0.0,0.0,-0.17659914
1956.0,0.0,0.0,-0.1431357
1958.0,0.0,0.0,-0.024854302
1960.0,0.0,0.0,-0.2764676
1962.0,0.0,0.0,-0.37206256
1964.0,0.0,0.0,-0.2704446
1966.0,0.0,0.0,-0.39314958
1968.0,0.0,0.0,-0.18633786
1970.0,0.0,1.0,-0.11396551
1972.0,1.0,1.0,0.10623723
1974.0,1.0,1.0,0.3577963
1976.0,1.0,1.0,0.08859411
1978.0,1.0,1.0,0.19857249
1980.0,1.0,1.0,0.16738668
1982.0,1.0,1.0,0.082752705
1984.0,1.0,0.0,0.049616426
1986.0,0.0,0.0,-0.119802564
1988.0,0.0,0.0,-0.05269158
1990.0,0.0,0.0,-0.1191144
1992.0,0.0,0.0,-0.055758744
1994.0,0.0,0.0,-0.25364378
1996.0,0.0,0.0,-0.40597034
1946.0,1.0,1.0,0.2622703
1948.0,1.0,1.0,0.4120928
1950.0,1.0,0.0,0.3234128
1952.0,1.0,1.0,0.20424163
1954.0,1.0,1.0,0.29400775
1956.0,1.0,1.0,0.2048898
1958.0,1.0,1.0,0.58118296
1960.0,1.0,1.0,0.13915062
1962.0,1.0,1.0,0.13299382
1964.0,1.0,1.0,0.22824812
1966.0,1.0,1.0,0.07230544
1968.0,1.0,1.0,0.09781054
1970.0,1.0,0.0,0.41538334
1972.0,1.0,0.0,0.42288586
1974.0,1.0,1.0,0.1811193
1976.0,1.0,0.0,0.07937577
1978.0,1.0,1.0,0.09612191
1980.0,1.0,1.0,0.07961288
1982.0,1.0,1.0,0.45136288
1984.0,1.0,1.0,0.4811437
1986.0,1.0,1.0,0.46532512
1988.0,1.0,1.0,0.29737487
1990.0,1.0,1.0,0.22604641
1992.0,1.0,0.0,0.14465165
1994.0,0.0,0.0,-0.041256905
1996.0,0.0,0.0,-0.10945535
1946.0,1.0,1.0,0.69978476
1948.0,1.0,1.0,0.6777197
1950.0,1.0,1.0,0.6560141
1952.0,1.0,1.0,0.55845404
1954.0,1.0,1.0,0.66609716
1956.0,1.0,1.0,0.5358131
1958.0,1.0,1.0,0.8177599
1960.0,1.0,1.0,0.49827185
1964.0,1.0,1.0,0.58055687
1966.0,1.0,1.0,0.5444696
1968.0,1.0,1.0,0.36780646
1972.0,1.0,0.0,0.8670876
1976.0,1.0,0.0,0.6476797
1982.0,1.0,1.0,0.6441337
1984.0,1.0,1.0,0.5552424
1986.0,1.0,0.0,0.56259894
1990.0,1.0,1.0,0.6077579
1992.0,1.0,1.0,0.5018275
1994.0,1.0,0.0,0.4754268
1996.0,0.0,0.0,-0.062028706
1946.0,1.0,0.0,0.28753805
1948.0,1.0,1.0,0.44112766
1950.0,1.0,1.0,0.3621689
1952.0,1.0,1.0,0.18017057
1956.0,1.0,1.0,0.22226715
1958.0,1.0,1.0,0.48107982
1960.0,1.0,1.0,0.21469808
1966.0,1.0,1.0,0.0049812794
1968.0,1.0,1.0,0.07244137
1970.0,1.0,1.0,0.28829047
1972.0,1.0,0.0,0.42556345
1976.0,1.0,1.0,0.529458
1978.0,1.0,0.0,0.20660067
1980.0,1.0,0.0,0.019961
1982.0,1.0,1.0,0.3077434
1984.0,1.0,1.0,0.28251153
1986.0,1.0,0.0,0.5236323
1990.0,1.0,1.0,0.47149387
1992.0,1.0,0.0,0.054617733
1994.0,0.0,0.0,-0.083744645
1996.0,0.0,0.0,-0.17787379
1946.0,1.0,1.0,0.04041639
1948.0,1.0,0.0,0.3488066
1950.0,1.0,1.0,0.17652664
1952.0,1.0,1.0,0.24849069
1954.0,1.0,1.0,0.32076678
1956.0,1.0,1.0,0.27480546
1958.0,1.0,1.0,0.6468564
1960.0,1.0,1.0,0.33101025
1962.0,1.0,1.0,0.37774828
1964.0,1.0,1.0,0.4161974
1966.0,1.0,1.0,0.39245915
1968.0,1.0,1.0,0.4728464
1970.0,1.0,1.0,0.46246243
1972.0,1.0,1.0,0.2079258
1974.0,1.0,0.0,0.033746004
1976.0,0.0,0.0,-0.024714112
1978.0,0.0,0.0,-0.59793806
1980.0,0.0,0.0,-0.4045748
1982.0,0.0,0.0,-0.38398466
1984.0,0.0,0.0,-0.53757143
1986.0,0.0,0.0,-0.41237423
1988.0,0.0,0.0,-0.44342235
1990.0,0.0,0.0,-0.39176896
1996.0,0.0,0.0,-0.42655936
1946.0,1.0,1.0,0.31295335
1948.0,1.0,1.0,0.47349787
1950.0,1.0,0.0,0.3412993
1952.0,1.0,1.0,0.2662797
1954.0,1.0,0.0,0.38641462
1956.0,1.0,1.0,0.3781438
1958.0,1.0,0.0,0.33428
1960.0,1.0,1.0,0.007952213
1962.0,1.0,0.0,0.071312785
1964.0,1.0,0.0,0.13319895
1966.0,0.0,0.0,-0.027127862
1968.0,0.0,0.0,-0.1064589
1970.0,0.0,0.0,-0.2836078
1972.0,0.0,0.0,-0.4538437
1974.0,1.0,1.0,0.088237375
1976.0,1.0,1.0,0.42146814
1978.0,1.0,1.0,0.48358572
1980.0,1.0,1.0,0.29369795
1982.0,1.0,1.0,0.5082667
1984.0,1.0,0.0,0.17857769
1988.0,1.0,1.0,0.4618441
1990.0,1.0,1.0,0.5998256
1992.0,1.0,0.0,0.3554592
1994.0,0.0,0.0,-0.4040562
1996.0,0.0,0.0,-0.27762392
1946.0,1.0,0.0,0.5735891
1948.0,1.0,0.0,0.58739114
1950.0,1.0,0.0,0.34231853
1946.0,0.0,0.0,-0.09577128
1948.0,1.0,0.0,0.16045633
1950.0,0.0,0.0,-0.08324137
1948.0,0.0,0.0,-0.6947311
1950.0,0.0,0.0,-0.20990667
1952.0,0.0,0.0,-0.31839713
1954.0,0.0,0.0,-0.24920955
1956.0,0.0,0.0,-0.44293264
1958.0,0.0,0.0,-0.17374063
1960.0,0.0,0.0,-0.5081781
1962.0,0.0,0.0,-0.10059327
1964.0,0.0,0.0,-0.43466353
1968.0,0.0,0.0,-0.7047726
1970.0,0.0,0.0,-0.3574206
1972.0,0.0,0.0,-0.5883212
1974.0,0.0,0.0,-0.2848289
1976.0,0.0,0.0,-0.16756848
1978.0,0.0,0.0,-0.2901839
1982.0,0.0,0.0,-0.5123247
1986.0,0.0,0.0,-0.37755966
1988.0,0.0,0.0,-0.6044297
1992.0,0.0,0.0,-0.39370432
1994.0,0.0,0.0,-0.48335147
1996.0,0.0,0.0,-0.3248478
1950.0,0.0,0.0,-0.043768764
1952.0,0.0,0.0,-0.37899303
1954.0,0.0,0.0,-0.1608791
1958.0,0.0,0.0,-0.35547942
1962.0,0.0,0.0,-0.41118923
1964.0,0.0,0.0,-0.093535185
1966.0,0.0,0.0,-0.57709205
1968.0,0.0,0.0,-0.67595327
1970.0,0.0,0.0,-0.47564277
1974.0,0.0,0.0,-0.41754028
1976.0,0.0,0.0,-0.25605634
1978.0,0.0,0.0,-0.6369097
1980.0,0.0,0.0,-0.5211104
1984.0,0.0,0.0,-0.5468533
1986.0,0.0,0.0,-0.52424026
1988.0,0.0,0.0,-0.12468743
1992.0,0.0,0.0,-0.46490225
1996.0,0.0,0.0,-0.42109776
1946.0,1.0,0.0,0.81527925
1948.0,1.0,1.0,0.360821
1952.0,1.0,1.0,0.4004464
1954.0,1.0,1.0,0.1835241
1956.0,1.0,1.0,0.074863285
1962.0,0.0,0.0,-0.021534085
1964.0,0.0,0.0,-0.09211576
1966.0,0.0,0.0,-0.28442022
1968.0,0.0,0.0,-0.14053226
1970.0,0.0,0.0,-0.05735746
1972.0,0.0,0.0,-0.13399845
1974.0,1.0,1.0,0.052360594
1976.0,1.0,1.0,0.36365616
1978.0,1.0,0.0,0.77778137
1980.0,1.0,0.0,0.22170982
1982.0,1.0,0.0,0.2551567
1984.0,1.0,1.0,0.0487608
1986.0,1.0,1.0,0.07871017
1988.0,1.0,1.0,0.14786148
1990.0,1.0,1.0,0.1367378
1992.0,1.0,0.0,0.013531625
1994.0,0.0,0.0,-0.066382855
1996.0,0.0,0.0,-0.13748014
1946.0,1.0,1.0,0.34973887
1948.0,1.0,1.0,0.2858642
1956.0,1.0,1.0,0.96766174
1958.0,1.0,1.0,0.9999474
1960.0,1.0,1.0,0.9999506
1962.0,1.0,1.0,0.758682
1966.0,1.0,1.0,0.8001785
1968.0,1.0,1.0,0.51732683
1970.0,1.0,1.0,0.6524465
1972.0,1.0,1.0,0.6219156
1974.0,1.0,0.0,0.99858826
1976.0,1.0,1.0,0.8806963
1980.0,1.0,1.0,0.5857023
1982.0,1.0,1.0,0.32259157
1984.0,1.0,1.0,0.5032637
1990.0,1.0,1.0,0.37802827
1992.0,1.0,0.0,0.31483972
1994.0,0.0,0.0,-0.146209
1996.0,0.0,0.0,-0.16713652
1952.0,1.0,1.0,0.3496709
1954.0,1.0,0.0,0.81516623
1956.0,1.0,1.0,0.49014446
1958.0,1.0,1.0,0.8884506
1962.0,1.0,1.0,0.22236842
1964.0,1.0,1.0,0.1953977
1966.0,1.0,1.0,0.25996992
1968.0,1.0,1.0,0.06551844
1970.0,1.0,1.0,0.4110593
1972.0,1.0,1.0,0.25750682
1974.0,1.0,0.0,0.99675155
1976.0,1.0,0.0,0.84878266
1980.0,1.0,1.0,0.30763796
1982.0,1.0,1.0,0.6030452
1986.0,1.0,0.0,0.1796067
1990.0,1.0,1.0,0.54755795
1992.0,1.0,1.0,0.4042054
1994.0,1.0,1.0,0.21508974
1996.0,1.0,1.0,0.4854038
1946.0,1.0,1.0,0.54150116
1948.0,1.0,1.0,0.64395005
1950.0,1.0,1.0,0.31885007
1952.0,1.0,0.0,0.99992967
1954.0,1.0,1.0,0.98761624
1958.0,1.0,1.0,0.9439407
1960.0,1.0,1.0,0.9999641
1962.0,1.0,0.0,0.63515306
1964.0,1.0,1.0,0.56458104
1966.0,1.0,1.0,0.59253275
1968.0,1.0,1.0,0.1871134
1970.0,1.0,0.0,0.63370943
1974.0,0.0,0.0,-0.13335988
1976.0,0.0,0.0,-0.28915405
1978.0,0.0,0.0,-0.4927336
1984.0,1.0,1.0,0.2563003
1986.0,1.0,1.0,0.53650665
1988.0,1.0,1.0,0.52954197
1990.0,1.0,1.0,0.37589112
1992.0,1.0,1.0,0.15953451
1994.0,1.0,1.0,0.012098461
1996.0,1.0,1.0,0.12851867
1946.0,1.0,0.0,0.99982846
1948.0,1.0,1.0,0.9999287
1950.0,1.0,0.0,0.99985206
1962.0,1.0,1.0,0.9999192
1964.0,1.0,0.0,0.16718304
1966.0,1.0,1.0,0.022060543
1968.0,1.0,1.0,0.3223212
1970.0,1.0,0.0,0.48446167
1972.0,1.0,1.0,0.40941703
1978.0,1.0,1.0,0.4580555
1980.0,1.0,1.0,0.54607046
1982.0,0.0,0.0,-0.010096192
1986.0,0.0,0.0,-0.44611454
1988.0,0.0,0.0,-0.60243034
1990.0,0.0,0.0,-0.24025616
1992.0,0.0,0.0,-0.26146007
1994.0,0.0,0.0,-0.21560967
1996.0,0.0,0.0,-0.3211911
1946.0,1.0,1.0,0.99974775
1948.0,1.0,1.0,0.38300502
1950.0,1.0,1.0,0.99985325
1952.0,1.0,1.0,0.99985665
1962.0,1.0,1.0,0.9452531
1964.0,1.0,1.0,0.8774096
1966.0,1.0,0.0,0.50362253
1972.0,0.0,0.0,-0.11249155
1974.0,1.0,1.0,0.0054665506
1976.0,1.0,1.0,0.22213653
1978.0,1.0,1.0,0.40630633
1982.0,1.0,1.0,0.49746558
1986.0,1.0,0.0,0.60800374
1988.0,1.0,1.0,0.2487588
1992.0,1.0,1.0,0.77864057
1994.0,1.0,1.0,0.27603504
1996.0,1.0,1.0,0.37410975
1948.0,1.0,1.0,0.82125366
1952.0,1.0,1.0,0.7132421
1954.0,1.0,1.0,0.67007303
1956.0,1.0,1.0,0.434945
1962.0,1.0,0.0,0.011079848
1964.0,1.0,0.0,0.052725136
1966.0,0.0,0.0,-0.0432328
1968.0,0.0,0.0,-0.22559538
1970.0,0.0,0.0,-0.25076166
1982.0,1.0,1.0,0.3681277
1984.0,1.0,1.0,0.43092465
1986.0,1.0,1.0,0.67305267
1988.0,1.0,1.0,0.63150346
1990.0,1.0,1.0,0.27378052
1992.0,1.0,1.0,0.29458633
1994.0,1.0,1.0,0.15594006
1996.0,1.0,1.0,0.2384089
1946.0,1.0,1.0,0.999946
1948.0,1.0,1.0,0.86151904
1990.0,1.0,0.0,0.58626616
1972.0,1.0,0.0,0.35512584
1992.0,1.0,1.0,0.748435
1994.0,1.0,1.0,0.81540704
1996.0,1.0,1.0,0.8269872
1946.0,0.0,1.0,-0.061828256
1948.0,1.0,0.0,0.14514601
1950.0,1.0,0.0,0.03472981
1952.0,1.0,1.0,0.05865109
1954.0,1.0,0.0,0.054204077
1956.0,0.0,0.0,-0.0058873594
1958.0,0.0,0.0,-0.09178898
1960.0,0.0,0.0,-0.20619941
1962.0,0.0,0.0,-0.19785857
1964.0,0.0,0.0,-0.22855186
1966.0,0.0,0.0,-0.41829446
1968.0,1.0,1.0,0.07729554
1970.0,1.0,1.0,0.23055923
1972.0,1.0,1.0,0.38521507
1974.0,1.0,1.0,0.19346416
1976.0,1.0,1.0,0.16070232
1978.0,1.0,1.0,0.2682797
1980.0,1.0,0.0,0.2725314
1982.0,1.0,1.0,0.06323612
1984.0,1.0,1.0,0.08850992
1988.0,1.0,1.0,0.49081182
1990.0,1.0,1.0,0.34276447
1994.0,1.0,1.0,0.40599728
1946.0,0.0,0.0,-0.02719739
1948.0,1.0,1.0,0.0934414
1950.0,1.0,1.0,0.086983055
1952.0,1.0,1.0,0.029519051
1954.0,1.0,1.0,0.09963477
1956.0,1.0,1.0,0.047385126
1958.0,1.0,1.0,0.25299087
1960.0,1.0,1.0,0.20539129
1962.0,1.0,1.0,0.17463699
1964.0,1.0,1.0,0.29893267
1966.0,1.0,1.0,0.20679298
1968.0,1.0,1.0,0.23058414
1970.0,1.0,1.0,0.25346434
1972.0,1.0,1.0,0.4002347
1974.0,1.0,1.0,0.28746656
1976.0,1.0,1.0,0.47144988
1978.0,1.0,0.0,0.10647452
1980.0,0.0,0.0,-0.11899641
1982.0,1.0,1.0,0.28030762
1984.0,1.0,1.0,0.11941588
1986.0,1.0,1.0,0.38942218
1990.0,1.0,0.0,0.10946417
1992.0,1.0,1.0,0.41797233
1994.0,1.0,1.0,0.27424744
1996.0,1.0,1.0,0.37773255
1946.0,0.0,1.0,-0.0305624
1948.0,1.0,1.0,0.14207318
1950.0,1.0,1.0,0.08818483
1952.0,1.0,1.0,0.06742847
1954.0,1.0,1.0,0.17724052
1956.0,1.0,1.0,0.02992642
1958.0,1.0,1.0,0.19856784
1960.0,1.0,0.0,0.19553912
1962.0,1.0,1.0,0.23453388
1964.0,1.0,1.0,0.30790257
1966.0,1.0,1.0,0.23240569
1968.0,1.0,1.0,0.2097173
1970.0,1.0,1.0,0.30746982
1972.0,0.0,0.0,-0.2739966
1974.0,1.0,1.0,0.3706684
1978.0,1.0,0.0,0.18393302
1980.0,0.0,0.0,-0.05347982
1982.0,1.0,1.0,0.16256413
1984.0,1.0,1.0,0.3588167
1986.0,1.0,1.0,0.29825798
1988.0,1.0,1.0,0.48688066
1992.0,1.0,1.0,0.3127741
1994.0,1.0,1.0,0.277676
1946.0,0.0,1.0,-0.052942276
1948.0,1.0,1.0,0.061424404
1950.0,1.0,0.0,0.032900453
1952.0,0.0,1.0,-0.0668191
1954.0,1.0,0.0,0.004480332
1956.0,0.0,0.0,-0.05640936
1958.0,1.0,1.0,0.029665083
1960.0,1.0,1.0,0.06333384
1962.0,1.0,1.0,0.15630233
1964.0,1.0,1.0,0.22422984
1966.0,1.0,1.0,0.19438687
1968.0,1.0,1.0,0.28455994
1970.0,1.0,0.0,0.34785423
1972.0,1.0,0.0,0.2205627
1976.0,1.0,1.0,0.090138555
1980.0,1.0,1.0,0.5310354
1982.0,1.0,1.0,0.6104841
1984.0,1.0,1.0,0.33320308
1986.0,1.0,1.0,0.42501867
1988.0,1.0,1.0,0.22602573
1990.0,1.0,1.0,0.039040774
1946.0,1.0,1.0,0.13700795
1948.0,1.0,1.0,0.30168012
1950.0,1.0,0.0,0.3149811
1952.0,1.0,1.0,0.27547038
1954.0,1.0,1.0,0.34892288
1956.0,1.0,1.0,0.21357533
1958.0,1.0,1.0,0.9967176
1960.0,1.0,1.0,0.38961783
1962.0,1.0,0.0,0.46163544
1964.0,1.0,1.0,0.3994776
1966.0,1.0,1.0,0.27163947
1968.0,1.0,1.0,0.3230399
1970.0,1.0,0.0,0.40884355
1946.0,1.0,0.0,0.05894494
1948.0,1.0,1.0,0.25004068
1950.0,1.0,0.0,0.2321358
1952.0,1.0,1.0,0.11158791
1954.0,1.0,1.0,0.2546494
1956.0,1.0,0.0,0.14798462
1958.0,1.0,1.0,0.32154176
1960.0,1.0,1.0,0.23576534
1948.0,1.0,1.0,0.17420104
1950.0,1.0,0.0,0.21160674
1952.0,0.0,0.0,-0.08031902
1954.0,0.0,0.0,-0.06256926
1956.0,0.0,0.0,-0.09869754
1958.0,0.0,0.0,-0.18492934
1960.0,0.0,0.0,-0.1845994
1962.0,0.0,0.0,-0.17345324
1964.0,0.0,0.0,-0.10558823
1966.0,0.0,0.0,-0.34290418
1968.0,0.0,0.0,-0.43236205
1970.0,0.0,0.0,-0.36981368
1972.0,0.0,0.0,-0.14643788
1974.0,0.0,0.0,-0.08762735
1976.0,0.0,0.0,-0.16650707
1978.0,0.0,0.0,-0.41938648
1980.0,0.0,0.0,-0.51873064
1982.0,0.0,0.0,-0.35388643
1984.0,0.0,0.0,-0.5615089
1986.0,0.0,0.0,-0.42685103
1988.0,0.0,0.0,-0.44234005
1992.0,1.0,0.0,0.06712222
1994.0,0.0,0.0,-0.16986513
1996.0,0.0,0.0,-0.20364556
1948.0,1.0,1.0,0.2779992
1950.0,1.0,1.0,0.38190103
1952.0,1.0,0.0,0.13749942
1954.0,1.0,1.0,0.24161136
1956.0,1.0,1.0,0.20126402
1958.0,1.0,1.0,0.217989
1960.0,1.0,0.0,0.114993334
1962.0,1.0,1.0,0.16518709
1964.0,1.0,1.0,0.1746118
1966.0,1.0,1.0,0.19161043
1968.0,1.0,1.0,0.40585148
1970.0,1.0,1.0,0.39146867
1972.0,1.0,1.0,0.26935577
1974.0,1.0,1.0,0.23907992
1976.0,1.0,1.0,0.18826872
1978.0,1.0,1.0,0.07106203
1980.0,1.0,1.0,0.17790392
1982.0,1.0,1.0,0.43464127
1984.0,1.0,1.0,0.7545518
1986.0,1.0,1.0,0.5001281
1988.0,1.0,1.0,0.46684384
1990.0,1.0,0.0,0.31815562
1992.0,1.0,1.0,0.35986692
1994.0,1.0,1.0,0.2965972
1996.0,1.0,1.0,0.34255084
1962.0,1.0,1.0,0.11980042
1964.0,1.0,0.0,0.029696614
1966.0,0.0,0.0,-0.13875493
1968.0,0.0,0.0,-0.26718044
1970.0,0.0,0.0,-0.24156955
1972.0,0.0,0.0,-0.26047385
1974.0,0.0,0.0,-0.021962404
1976.0,1.0,1.0,0.051783174
1978.0,1.0,1.0,0.6990347
1980.0,1.0,1.0,0.34392825
1982.0,0.0,0.0,-0.26622537
1984.0,0.0,0.0,-0.45316222
1988.0,0.0,0.0,-0.402779
1990.0,0.0,0.0,-0.13173786
1992.0,0.0,0.0,-0.27108392
1994.0,0.0,0.0,-0.40252247
1996.0,0.0,0.0,-0.33030427
1972.0,0.0,0.0,-0.05905533
1974.0,0.0,0.0,-0.10668895
1976.0,0.0,0.0,-0.0037527978
1978.0,0.0,0.0,-0.301996
1980.0,0.0,0.0,-0.25270748
1982.0,0.0,0.0,-0.35360843
1986.0,0.0,0.0,-0.29150096
1990.0,0.0,0.0,-0.22681391
1992.0,0.0,0.0,-0.32475972
1994.0,0.0,0.0,-0.24215326
1996.0,0.0,0.0,-0.33561727
1982.0,1.0,0.0,0.0144302845
1984.0,0.0,0.0,-0.027217954
1986.0,0.0,0.0,-0.29702163
1988.0,0.0,0.0,-0.35595706
1990.0,0.0,0.0,-0.2950978
1992.0,0.0,0.0,-0.36799932
1994.0,0.0,0.0,-0.3898972
1996.0,0.0,0.0,-0.42833596
1992.0,1.0,0.0,0.115956694
1994.0,0.0,0.0,-0.13127589
1996.0,0.0,0.0,-0.00969106
1946.0,1.0,1.0,0.040956825
1948.0,1.0,0.0,0.29672384
1950.0,1.0,1.0,0.019566506
1952.0,1.0,1.0,0.022042423
1954.0,1.0,1.0,0.11508173
1956.0,1.0,1.0,0.15554476
1958.0,1.0,1.0,0.33318874
1960.0,1.0,1.0,0.20018554
1962.0,1.0,1.0,0.11999619
1964.0,1.0,1.0,0.3562105
1966.0,1.0,1.0,0.12063837
1968.0,1.0,0.0,0.042743593
1970.0,0.0,0.0,-0.063198894
1972.0,1.0,0.0,0.04100865
1974.0,1.0,0.0,0.17644402
1976.0,1.0,1.0,0.07051805
1978.0,1.0,1.0,0.24435121
1980.0,1.0,1.0,0.22024027
1982.0,1.0,1.0,0.22817695
1984.0,1.0,1.0,0.25680202
1986.0,1.0,1.0,0.3673651
1988.0,1.0,1.0,0.39859748
1990.0,1.0,1.0,0.27426383
1992.0,1.0,1.0,0.37677062
1994.0,1.0,0.0,0.20080462
1996.0,1.0,1.0,0.16726229
1946.0,0.0,0.0,-0.3285092
1948.0,0.0,0.0,-0.038202316
1950.0,0.0,0.0,-0.1553615
1952.0,0.0,0.0,-0.2627845
1954.0,0.0,0.0,-0.10615575
1956.0,0.0,1.0,-0.06765938
1958.0,1.0,0.0,0.08439422
1960.0,0.0,0.0,-0.15221664
1962.0,0.0,0.0,-0.23698518
1964.0,1.0,0.0,0.01289165
1966.0,0.0,0.0,-0.04584098
1968.0,0.0,0.0,-0.25709918
1970.0,0.0,0.0,-0.26787207
1972.0,0.0,0.0,-0.32875296
1974.0,1.0,1.0,0.038825482
1976.0,1.0,1.0,0.009988666
1978.0,1.0,1.0,0.057857007
1980.0,1.0,1.0,0.15348426
1982.0,1.0,1.0,0.25426817
1984.0,1.0,0.0,0.07669422
1986.0,1.0,1.0,0.029291272
1988.0,1.0,1.0,0.2547029
1990.0,1.0,1.0,0.21341527
1992.0,1.0,1.0,0.28124893
1994.0,1.0,1.0,0.13508448
1996.0,1.0,0.0,0.18777168
1946.0,0.0,0.0,-0.09143555
1948.0,1.0,0.0,0.01403141
1950.0,0.0,0.0,-0.032657266
1952.0,0.0,0.0,-0.15476549
1954.0,0.0,0.0,-0.06013453
1956.0,0.0,0.0,-0.0046919584
1958.0,0.0,0.0,-0.004283428
1960.0,0.0,0.0,-0.040971756
1962.0,0.0,0.0,-0.09311035
1964.0,1.0,1.0,0.023121
1966.0,1.0,1.0,0.034288675
1968.0,1.0,1.0,0.04243812
1970.0,1.0,1.0,0.30326512
1972.0,1.0,1.0,0.32674757
1974.0,1.0,1.0,0.35893276
1976.0,1.0,0.0,0.040180624
1978.0,1.0,1.0,0.0025876462
1980.0,1.0,1.0,0.11166963
1982.0,1.0,0.0,0.086610466
1984.0,0.0,0.0,-0.15167415
1986.0,1.0,1.0,0.03722921
1988.0,1.0,1.0,0.5608758
1990.0,1.0,0.0,0.4201891
1992.0,0.0,0.0,-0.109989196
1994.0,0.0,0.0,-0.3924384
1996.0,0.0,0.0,-0.37740734
1946.0,0.0,0.0,-0.17493495
1948.0,1.0,1.0,0.037204236
1950.0,1.0,1.0,0.14603576
1952.0,1.0,1.0,0.0003656149
1954.0,1.0,1.0,0.06981531
1956.0,1.0,1.0,0.23515251
1958.0,1.0,1.0,0.27220953
1960.0,1.0,1.0,0.37074637
1962.0,1.0,1.0,0.17290244
1964.0,1.0,1.0,0.26029226
1966.0,1.0,1.0,0.17213312
1968.0,1.0,1.0,0.093853265
1970.0,1.0,0.0,0.101688415
1972.0,0.0,0.0,-0.020645171
1974.0,0.0,0.0,-0.04095736
1976.0,0.0,0.0,-0.1846506
1978.0,0.0,0.0,-0.22499141
1980.0,0.0,0.0,-0.38915738
1982.0,0.0,0.0,-0.39524126
1984.0,0.0,0.0,-0.4370757
1986.0,0.0,0.0,-0.3959025
1988.0,0.0,0.0,-0.46151185
1990.0,0.0,0.0,-0.08101991
1992.0,0.0,0.0,-0.15682617
1994.0,0.0,0.0,-0.4459945
1996.0,0.0,0.0,-0.18099537
1972.0,0.0,0.0,-0.25878343
1974.0,0.0,0.0,-0.19241646
1976.0,0.0,0.0,-0.3286176
1978.0,0.0,0.0,-0.25373256
1980.0,0.0,0.0,-0.47086972
1982.0,0.0,0.0,-0.19092694
1984.0,0.0,0.0,-0.57176745
1986.0,0.0,0.0,-0.39544234
1988.0,0.0,0.0,-0.5026145
1990.0,0.0,0.0,-0.36387086
1992.0,0.0,0.0,-0.4541462
1996.0,0.0,0.0,-0.43870613
1982.0,0.0,0.0,-0.26591963
1986.0,0.0,0.0,-0.31473672
1988.0,0.0,0.0,-0.27396607
1990.0,0.0,0.0,-0.2900112
1992.0,0.0,0.0,-0.21856996
1994.0,0.0,0.0,-0.41853815
1996.0,0.0,0.0,-0.24472976
1946.0,0.0,1.0,-0.011065215
1948.0,1.0,0.0,0.060119957
1950.0,0.0,1.0,-0.009449333
1952.0,1.0,1.0,0.0054290295
1954.0,1.0,1.0,0.097489834
1956.0,1.0,1.0,0.10258007
1958.0,1.0,1.0,0.24833524
1960.0,1.0,0.0,0.20781553
1962.0,1.0,1.0,0.060531706
1964.0,1.0,0.0,0.034369797
1966.0,0.0,0.0,-0.03653869
1968.0,0.0,0.0,-0.18883774
1970.0,0.0,0.0,-0.16338229
1972.0,0.0,0.0,-0.11190799
1974.0,0.0,0.0,-0.16539547
1976.0,0.0,0.0,-0.092145085
1978.0,0.0,0.0,-0.19846252
1980.0,0.0,0.0,-0.07422936
1982.0,0.0,0.0,-0.07399869
1984.0,0.0,0.0,-0.3724861
1986.0,0.0,0.0,-0.3324561
1988.0,0.0,0.0,-0.31570575
1990.0,1.0,1.0,0.06012714
1992.0,1.0,0.0,0.20594749
1994.0,0.0,0.0,-0.108665675
1996.0,0.0,0.0,-0.024341136
1946.0,0.0,0.0,-0.21407127
1948.0,0.0,0.0,-0.022063255
1950.0,0.0,0.0,-0.14255977
1952.0,0.0,0.0,-0.32332942
1954.0,0.0,0.0,-0.21666852
1956.0,0.0,0.0,-0.19952407
1958.0,0.0,0.0,-0.10043636
1960.0,1.0,1.0,0.023039699
1962.0,1.0,0.0,0.056871414
1964.0,0.0,0.0,-0.04444444
1966.0,0.0,0.0,-0.40647137
1968.0,0.0,0.0,-0.08711648
1970.0,0.0,0.0,-0.3423929
1972.0,0.0,0.0,-0.42149305
1974.0,0.0,0.0,-0.11313525
1976.0,0.0,0.0,-0.011645794
1978.0,0.0,0.0,-0.14613423
1980.0,0.0,0.0,-0.17631102
1982.0,0.0,1.0,-0.045270175
1984.0,1.0,1.0,0.00083991885
1986.0,1.0,1.0,0.08707926
1988.0,1.0,1.0,0.29586148
1990.0,1.0,0.0,0.27240154
1992.0,0.0,0.0,-0.25366914
1994.0,0.0,0.0,-0.49943873
1996.0,0.0,0.0,-0.39267954
1946.0,1.0,1.0,0.15125763
1948.0,1.0,1.0,0.3625546
1950.0,1.0,0.0,0.21542737
1952.0,1.0,1.0,0.01439634
1954.0,1.0,1.0,0.119577795
1956.0,1.0,1.0,0.24103892
1958.0,1.0,0.0,0.3898295
1960.0,1.0,1.0,0.0653055
1962.0,1.0,1.0,0.055527598
1964.0,1.0,1.0,0.077993155
1966.0,1.0,0.0,0.016645461
1968.0,1.0,0.0,0.07231331
1970.0,0.0,0.0,-0.009508997
1972.0,0.0,0.0,-0.07479659
1974.0,1.0,1.0,0.09582412
1976.0,1.0,0.0,0.32893482
1978.0,1.0,1.0,0.14604723
1980.0,1.0,1.0,0.2285403
1982.0,1.0,1.0,0.22484812
1984.0,1.0,1.0,0.33705515
1986.0,1.0,1.0,0.23333606
1988.0,1.0,1.0,0.21548057
1990.0,1.0,1.0,0.22266603
1946.0,0.0,0.0,-0.09045419
1948.0,0.0,0.0,-0.020135999
1950.0,0.0,0.0,-0.09271827
1952.0,0.0,0.0,-0.24074188
1954.0,0.0,1.0,-0.012312621
1956.0,1.0,1.0,0.017493635
1958.0,1.0,0.0,0.21966818
1960.0,0.0,0.0,-0.018012285
1962.0,0.0,0.0,-0.10875797
1964.0,0.0,0.0,-0.08207989
1966.0,0.0,0.0,-0.20350215
1968.0,0.0,0.0,-0.35697186
1970.0,1.0,1.0,0.28177682
1972.0,1.0,1.0,0.52103436
1974.0,1.0,0.0,0.26007104
1976.0,0.0,0.0,-0.09911767
1978.0,0.0,0.0,-0.1372349
1980.0,0.0,0.0,-0.18127143
1982.0,0.0,0.0,-0.09502676
1984.0,0.0,0.0,-0.31845728
1986.0,0.0,0.0,-0.06934127
1988.0,0.0,0.0,-0.11049712
1990.0,0.0,0.0,-0.25922394
1992.0,1.0,1.0,0.035025477
1994.0,1.0,0.0,0.06434214
1996.0,0.0,0.0,-0.09262264
1982.0,1.0,1.0,0.15083289
1984.0,1.0,0.0,0.1367704
1986.0,1.0,1.0,0.10049251
1988.0,1.0,1.0,0.30284894
1990.0,1.0,1.0,0.27038416
1992.0,1.0,0.0,0.19893178
1994.0,0.0,0.0,-0.009436995
1996.0,0.0,0.0,-0.06599921
1982.0,0.0,0.0,-0.14168829
1984.0,0.0,0.0,-0.45426318
1986.0,0.0,0.0,-0.16825739
1988.0,0.0,0.0,-0.16649652
1990.0,0.0,0.0,-0.25071204
1992.0,0.0,0.0,-0.045758903
1994.0,0.0,0.0,-0.34301484
1996.0,0.0,0.0,-0.232936
1946.0,0.0,0.0,-0.1768136
1948.0,1.0,1.0,0.012963146
1950.0,1.0,0.0,0.055662394
1952.0,0.0,0.0,-0.009566337
1954.0,0.0,1.0,-0.0901995
1956.0,1.0,1.0,0.084304094
1958.0,1.0,1.0,0.3374065
1960.0,1.0,1.0,0.1508658
1962.0,1.0,1.0,0.43298614
1964.0,1.0,1.0,0.26586962
1966.0,1.0,1.0,0.35263202
1968.0,1.0,1.0,0.44287646
1970.0,1.0,0.0,0.6491358
1972.0,0.0,0.0,-0.0430229
1974.0,1.0,1.0,0.19339034
1976.0,1.0,1.0,0.6498051
1978.0,1.0,1.0,0.48144203
1980.0,1.0,0.0,0.4318938
1968.0,0.0,0.0,-0.062094003
1970.0,0.0,0.0,-0.1679033
1972.0,0.0,0.0,-0.113637
1974.0,0.0,0.0,-0.18918398
1976.0,0.0,0.0,-0.44685784
1978.0,0.0,0.0,-0.25055602
1980.0,0.0,1.0,-0.02028659
1982.0,0.0,0.0,-0.04876998
1984.0,0.0,0.0,-0.30957374
1986.0,0.0,0.0,-0.41790462
1988.0,0.0,0.0,-0.032855302
1990.0,0.0,0.0,-0.40430197
1992.0,0.0,0.0,-0.2527777
1994.0,0.0,0.0,-0.47858444
1996.0,0.0,0.0,-0.19502485
1968.0,0.0,0.0,-0.014043063
1970.0,1.0,1.0,0.027122349
1972.0,1.0,1.0,0.4434558
1974.0,1.0,1.0,0.3486729
1976.0,1.0,1.0,0.40657052
1982.0,0.0,0.0,-0.16791645
1984.0,0.0,0.0,-0.48659885
1986.0,0.0,0.0,-0.25755998
1992.0,0.0,0.0,-0.1290574
1994.0,0.0,0.0,-0.31403854
1996.0,0.0,0.0,-0.11867818
1982.0,1.0,1.0,0.29097512
1984.0,1.0,1.0,0.230732
1986.0,1.0,1.0,0.42593363
1988.0,1.0,1.0,0.46218666
1990.0,1.0,1.0,0.48918387
1992.0,1.0,1.0,0.37472352
1994.0,1.0,1.0,0.29523528
1996.0,1.0,0.0,0.36710548
1960.0,1.0,1.0,0.16295278
1962.0,1.0,1.0,0.2877065
1964.0,1.0,1.0,0.23528704
1966.0,1.0,0.0,0.118228465
1960.0,1.0,1.0,0.17549026
1962.0,1.0,0.0,0.0505853
1964.0,1.0,1.0,0.031544566
1966.0,1.0,0.0,0.009732842
1946.0,1.0,1.0,0.0011597872
1948.0,1.0,1.0,0.18084523
1950.0,1.0,0.0,0.021626145
1952.0,0.0,0.0,-0.21074319
1954.0,0.0,0.0,-0.067325145
1956.0,0.0,0.0,-0.21846434
1958.0,0.0,1.0,-0.07792282
1960.0,1.0,0.0,0.000515908
1962.0,0.0,0.0,-0.017608881
1964.0,0.0,0.0,-0.11946607
1966.0,0.0,0.0,-0.32991135
1968.0,0.0,0.0,-0.36240053
1970.0,1.0,0.0,0.033448398
1972.0,1.0,1.0,0.13398239
1974.0,1.0,1.0,0.3110748
1976.0,1.0,1.0,0.18348902
1978.0,1.0,0.0,0.048460394
1980.0,0.0,0.0,-0.041953802
1982.0,0.0,0.0,-0.25594345
1984.0,0.0,0.0,-0.430123
1986.0,0.0,0.0,-0.031199217
1988.0,0.0,0.0,-0.19608533
1990.0,0.0,0.0,-0.08354026
1992.0,0.0,0.0,-0.37236905
1994.0,0.0,0.0,-0.29080424
1996.0,0.0,0.0,-0.38338512
1946.0,0.0,0.0,-0.05424297
1948.0,1.0,1.0,0.14911774
1950.0,1.0,0.0,0.06810379
1952.0,0.0,0.0,-0.050963163
1954.0,0.0,0.0,-0.14327416
1956.0,0.0,0.0,-0.15272114
1958.0,1.0,1.0,0.022297949
1960.0,1.0,0.0,0.016368479
1962.0,0.0,0.0,-0.078234315
1964.0,1.0,0.0,0.1507765
1966.0,0.0,0.0,-0.22502494
1968.0,1.0,1.0,0.232993
1970.0,0.0,0.0,-0.056519657
1972.0,1.0,0.0,0.10523921
1974.0,1.0,0.0,0.025643677
1976.0,0.0,0.0,-0.13264683
1978.0,0.0,0.0,-0.2694783
1980.0,0.0,0.0,-0.36771277
1982.0,0.0,0.0,-0.07673156
1984.0,0.0,0.0,-0.0023200214
1986.0,1.0,1.0,0.11445588
1988.0,1.0,1.0,0.16339368
1990.0,1.0,0.0,0.17784423
1992.0,1.0,0.0,0.037281275
1994.0,0.0,0.0,-0.099665046
1996.0,0.0,0.0,-0.12560466
1984.0,0.0,0.0,-0.49502605
1986.0,0.0,0.0,-0.3383997
1988.0,0.0,0.0,-0.35962483
1990.0,1.0,1.0,0.21898496
1992.0,1.0,1.0,0.2226918
1994.0,1.0,0.0,0.19121343
1996.0,0.0,0.0,-0.038716525
1986.0,0.0,0.0,-0.3894372
1988.0,0.0,0.0,-0.34800255
1990.0,0.0,0.0,-0.10186958
1946.0,0.0,0.0,-0.12039065
1948.0,0.0,0.0,-0.03049329
1950.0,0.0,0.0,-0.089793056
1952.0,0.0,0.0,-0.202036
1954.0,0.0,0.0,-0.123663455
1956.0,0.0,0.0,-0.16380858
1958.0,0.0,0.0,-0.07164073
1960.0,0.0,0.0,-0.045789868
1962.0,0.0,0.0,-0.22755292
1964.0,1.0,0.0,0.015886456
1966.0,0.0,0.0,-0.04601994
1968.0,0.0,0.0,-0.25474203
1970.0,1.0,1.0,0.005227685
1972.0,1.0,1.0,0.033937335
1974.0,1.0,1.0,0.09402597
1976.0,1.0,0.0,0.12888825
1978.0,0.0,0.0,-0.17261958
1980.0,0.0,0.0,-0.37138107
1982.0,0.0,0.0,-0.42187512
1984.0,0.0,0.0,-0.49161804
1992.0,0.0,0.0,-0.18511805
1994.0,0.0,0.0,-0.119288266
1996.0,0.0,0.0,-0.14420211
1950.0,0.0,0.0,-0.079502344
1954.0,0.0,0.0,-0.18169379
1956.0,0.0,1.0,-0.07121304
1958.0,1.0,1.0,0.098379254
1960.0,1.0,1.0,0.03264773
1962.0,1.0,0.0,0.015147477
1964.0,0.0,0.0,-0.18170354
1966.0,0.0,0.0,-0.30239403
1968.0,0.0,0.0,-0.53959966
1970.0,0.0,0.0,-0.26700422
1972.0,0.0,0.0,-0.2805458
1974.0,1.0,1.0,0.7156986
1976.0,1.0,1.0,0.47894165
1978.0,1.0,0.0,0.1870482
1980.0,0.0,0.0,-0.13867748
1982.0,1.0,1.0,0.026396394
1984.0,1.0,1.0,0.18810675
1986.0,1.0,1.0,0.40895885
1988.0,1.0,0.0,0.3447752
1990.0,0.0,0.0,-0.014392346
1992.0,1.0,0.0,0.025516927
1994.0,0.0,0.0,-0.06557253
1996.0,0.0,0.0,-0.06177318
1958.0,1.0,1.0,0.21906221
1960.0,1.0,1.0,0.25386953
1962.0,1.0,1.0,0.29253173
1964.0,1.0,1.0,0.29258156
1966.0,1.0,1.0,0.4185659
1968.0,1.0,1.0,0.23184535
1970.0,1.0,1.0,0.5869189
1972.0,1.0,1.0,0.39709163
1974.0,0.0,0.0,-0.10335258
1976.0,0.0,0.0,-0.1498917
1978.0,0.0,0.0,-0.06691638
1980.0,0.0,0.0,-0.121941775
1982.0,0.0,0.0,-0.17375827
1984.0,0.0,0.0,-0.38904548
1986.0,0.0,0.0,-0.18658912
1988.0,0.0,0.0,-0.20275778
1990.0,0.0,0.0,-0.32464984
1992.0,0.0,0.0,-0.3721098
1994.0,0.0,0.0,-0.3812017
1996.0,0.0,0.0,-0.27068806
1952.0,1.0,1.0,0.030259848
1954.0,1.0,1.0,0.30625927
1956.0,1.0,1.0,0.37169215
1962.0,1.0,1.0,0.49655512
1964.0,1.0,1.0,0.4861759
1966.0,1.0,1.0,0.34923717
1968.0,1.0,1.0,0.14203665
1970.0,1.0,1.0,0.24984148
1972.0,1.0,1.0,0.3981862
1974.0,1.0,1.0,0.44669107
1976.0,1.0,0.0,0.45713925
1978.0,1.0,1.0,0.06871286
1980.0,1.0,1.0,0.4401422
1982.0,1.0,1.0,0.82164496
1986.0,1.0,1.0,0.5189353
1988.0,1.0,1.0,0.42353916
1990.0,1.0,1.0,0.2555822
1992.0,1.0,1.0,0.10916898
1994.0,1.0,1.0,0.03652954
1996.0,1.0,0.0,0.12415159
1946.0,1.0,1.0,0.05700195
1948.0,1.0,1.0,0.03341219
1950.0,1.0,0.0,0.34379324
1952.0,0.0,0.0,-0.1000016
1954.0,0.0,0.0,-0.24555075
1956.0,0.0,0.0,-0.23852086
1958.0,0.0,0.0,-0.19940138
1960.0,0.0,0.0,-0.30616415
1962.0,1.0,1.0,0.1301907
1964.0,1.0,1.0,0.4384848
1966.0,1.0,1.0,0.18905485
1968.0,1.0,1.0,0.14134589
1970.0,1.0,1.0,0.35924816
1972.0,1.0,1.0,0.34880233
1976.0,1.0,0.0,0.004009396
1978.0,1.0,1.0,0.10745314
1980.0,1.0,1.0,0.35560217
1982.0,1.0,1.0,0.27721092
1984.0,1.0,1.0,0.24695995
1986.0,1.0,1.0,0.40319195
1988.0,1.0,1.0,0.9859123
1990.0,1.0,1.0,0.15372479
1992.0,0.0,0.0,-0.04117182
1994.0,0.0,0.0,-0.26417658
1996.0,0.0,0.0,-0.24362826
1960.0,1.0,1.0,0.67463064
1962.0,1.0,0.0,0.6090466
1966.0,1.0,1.0,0.42518988
1968.0,1.0,1.0,0.49068454
1970.0,1.0,1.0,0.41611102
1972.0,1.0,1.0,0.6373428
1974.0,1.0,1.0,0.2187098
1976.0,1.0,1.0,0.23688257
1978.0,1.0,1.0,0.33686316
1980.0,1.0,0.0,0.05803734
1982.0,1.0,1.0,0.174577
1984.0,1.0,1.0,0.48530048
1986.0,1.0,0.0,0.53089195
1988.0,1.0,1.0,0.5712929
1990.0,1.0,1.0,0.54356897
1992.0,1.0,1.0,0.43179095
1994.0,1.0,1.0,0.3950634
1996.0,1.0,1.0,0.4429418
1952.0,1.0,0.0,0.011594921
1954.0,0.0,0.0,-0.018013954
1956.0,0.0,0.0,-0.074697256
1958.0,0.0,0.0,-0.019119024
1960.0,0.0,0.0,-0.17449403
1962.0,0.0,0.0,-0.17388773
1964.0,0.0,0.0,-0.27292767
1966.0,0.0,0.0,-0.53168416
1968.0,0.0,0.0,-0.46740103
1970.0,0.0,0.0,-0.06719145
1972.0,0.0,0.0,-0.041592717
1974.0,1.0,1.0,0.49454316
1976.0,1.0,1.0,0.39058632
1978.0,1.0,1.0,0.40316275
1980.0,1.0,0.0,0.43743035
1982.0,1.0,1.0,0.07742417
1984.0,1.0,1.0,0.3826915
1986.0,1.0,1.0,0.4770811
1988.0,1.0,1.0,0.4670354
1990.0,1.0,0.0,0.3614334
1992.0,1.0,1.0,0.31942198
1994.0,1.0,1.0,0.20563248
1996.0,1.0,1.0,0.2784475
1946.0,0.0,0.0,-0.12347484
1950.0,0.0,0.0,-0.105136305
1954.0,0.0,0.0,-0.060186952
1956.0,0.0,0.0,-0.055615425
1958.0,1.0,1.0,0.018833995
1960.0,1.0,1.0,0.14095294
1962.0,1.0,1.0,0.29041192
1964.0,1.0,1.0,0.32263267
1966.0,1.0,1.0,0.2882723
1968.0,1.0,0.0,0.33233556
1970.0,1.0,1.0,0.16020453
1972.0,1.0,1.0,0.17760843
1974.0,1.0,1.0,0.11199033
1976.0,1.0,1.0,0.5141909
1978.0,1.0,1.0,0.29701787
1980.0,1.0,1.0,0.3188191
1982.0,1.0,1.0,0.37058493
1984.0,1.0,1.0,0.3342773
1986.0,1.0,1.0,0.33124638
1988.0,1.0,1.0,0.36834562
1990.0,1.0,1.0,0.2101284
1992.0,1.0,1.0,0.45186302
1994.0,1.0,1.0,0.42260852
1996.0,1.0,1.0,0.49522567
1954.0,1.0,1.0,0.30791664
1956.0,1.0,1.0,0.3119662
1960.0,1.0,1.0,0.24025235
1962.0,1.0,1.0,0.4498745
1964.0,1.0,1.0,0.4050015
1966.0,1.0,1.0,0.30878785
1968.0,1.0,1.0,0.28035197
1970.0,1.0,0.0,0.37993026
1972.0,1.0,1.0,0.05790612
1974.0,1.0,1.0,0.17075658
1976.0,1.0,1.0,0.27393255
1978.0,1.0,1.0,0.14726114
1980.0,1.0,1.0,0.16272229
1982.0,1.0,1.0,0.11896551
1984.0,1.0,1.0,0.20653951
1986.0,1.0,1.0,0.22145021
1988.0,1.0,1.0,0.35355392
1990.0,1.0,1.0,0.22593999
1992.0,1.0,1.0,0.71433544
1994.0,1.0,1.0,0.6369388
1996.0,1.0,1.0,0.7195458
1946.0,0.0,0.0,-0.07415295
1948.0,1.0,0.0,0.04411745
1950.0,0.0,0.0,-0.039763093
1952.0,0.0,0.0,-0.07725456
1954.0,0.0,0.0,-0.09013453
1956.0,0.0,0.0,-0.2056638
1958.0,0.0,0.0,-0.17584169
1960.0,0.0,0.0,-0.18475124
1962.0,1.0,0.0,0.3190192
1964.0,1.0,1.0,0.39522907
1966.0,1.0,1.0,0.2630001
1968.0,1.0,1.0,0.13105327
1970.0,1.0,1.0,0.40600553
1972.0,1.0,1.0,0.47130626
1974.0,1.0,1.0,0.4117
1976.0,1.0,1.0,0.4367088
1978.0,1.0,1.0,0.34876448
1980.0,1.0,1.0,0.14205462
1982.0,1.0,1.0,0.213202
1984.0,1.0,1.0,0.4357835
1986.0,1.0,1.0,0.39431167
1988.0,1.0,1.0,0.45918807
1990.0,1.0,1.0,0.16852808
1992.0,1.0,1.0,0.48396105
1994.0,1.0,1.0,0.4963522
1996.0,1.0,0.0,0.58556587
1950.0,0.0,0.0,-0.07138598
1952.0,0.0,0.0,-0.20104131
1954.0,0.0,0.0,-0.22413313
1956.0,0.0,0.0,-0.2132231
1958.0,0.0,0.0,-0.091085404
1960.0,0.0,0.0,-0.1786072
1962.0,0.0,0.0,-0.21410808
1964.0,0.0,0.0,-0.26241398
1966.0,0.0,0.0,-0.38195285
1968.0,0.0,0.0,-0.36396444
1970.0,0.0,0.0,-0.25261477
1972.0,0.0,0.0,-0.29239666
1974.0,1.0,1.0,0.53988063
1976.0,1.0,1.0,0.47544116
1978.0,1.0,1.0,0.3425498
1980.0,1.0,1.0,0.3418195
1982.0,1.0,1.0,0.2900447
1984.0,1.0,1.0,0.28148276
1986.0,1.0,1.0,0.43837613
1988.0,1.0,1.0,0.72412753
1990.0,1.0,1.0,0.2535882
1992.0,0.0,0.0,-0.039477468
1994.0,0.0,0.0,-0.20659491
1996.0,1.0,1.0,0.01445356
1946.0,0.0,0.0,-0.062181562
1950.0,0.0,0.0,-0.041463405
1954.0,0.0,0.0,-0.051179618
1956.0,1.0,1.0,0.061482757
1958.0,1.0,1.0,0.3868896
1960.0,1.0,1.0,0.30834916
1962.0,0.0,0.0,-0.24659812
1964.0,0.0,0.0,-0.09574112
1966.0,0.0,0.0,-0.18858871
1968.0,0.0,0.0,-0.5984181
1970.0,0.0,0.0,-0.5647543
1972.0,1.0,1.0,0.23590094
1974.0,1.0,1.0,0.5455271
1976.0,1.0,1.0,0.2564389
1978.0,1.0,0.0,0.2493158
1980.0,1.0,1.0,0.030933112
1982.0,1.0,1.0,0.17336205
1984.0,1.0,1.0,0.41674915
1986.0,1.0,1.0,0.48165727
1988.0,1.0,1.0,0.4654954
1990.0,1.0,1.0,0.3715433
1992.0,0.0,0.0,-0.019718885
1994.0,0.0,0.0,-0.27224147
1996.0,0.0,0.0,-0.23159543
1946.0,0.0,0.0,-0.13320121
1950.0,0.0,0.0,-0.20182613
1954.0,1.0,1.0,0.075816005
1956.0,1.0,1.0,0.45992577
1958.0,1.0,1.0,0.62242854
1962.0,0.0,0.0,-0.22640648
1964.0,0.0,0.0,-0.23856208
1966.0,0.0,0.0,-0.54543567
1968.0,0.0,0.0,-0.9012804
1970.0,0.0,0.0,-0.2970374
1972.0,0.0,0.0,-0.1093809
1974.0,0.0,0.0,-0.38186908
1976.0,0.0,0.0,-0.3495227
1978.0,0.0,0.0,-0.5154137
1980.0,0.0,0.0,-0.53649986
1982.0,0.0,0.0,-0.29470873
1984.0,0.0,0.0,-0.25631496
1986.0,0.0,0.0,-0.22287926
1988.0,0.0,0.0,-0.05630657
1990.0,0.0,0.0,-0.27169442
1992.0,1.0,1.0,0.45500794
1994.0,1.0,1.0,0.34833407
1996.0,1.0,1.0,0.4798901
1946.0,0.0,0.0,-0.03620276
1952.0,0.0,0.0,-0.019101113
1954.0,0.0,0.0,-0.049222797
1956.0,0.0,0.0,-0.19156125
1958.0,0.0,0.0,-0.14037824
1960.0,0.0,0.0,-0.30033073
1962.0,0.0,0.0,-0.2988528
1964.0,0.0,0.0,-0.1478354
1966.0,0.0,0.0,-0.34960476
1968.0,0.0,0.0,-0.31697908
1970.0,0.0,0.0,-0.17387617
1972.0,0.0,0.0,-0.47798663
1972.0,0.0,0.0,-0.7378989
1974.0,1.0,1.0,0.101869464
1976.0,1.0,1.0,0.35615537
1978.0,1.0,0.0,0.17964658
1980.0,1.0,0.0,0.23365045
1982.0,1.0,1.0,0.34489545
1984.0,1.0,1.0,0.322762
1986.0,1.0,1.0,0.39457428
1988.0,1.0,1.0,0.37302002
1990.0,1.0,1.0,0.22376317
1992.0,1.0,1.0,0.28631347
1994.0,1.0,1.0,0.34378856
1996.0,1.0,1.0,0.34763214
1946.0,1.0,1.0,0.08757746
1948.0,1.0,0.0,0.32801834
1950.0,1.0,1.0,0.12541425
1952.0,1.0,1.0,0.020155579
1954.0,1.0,0.0,0.30246654
1956.0,1.0,0.0,0.25973192
1960.0,1.0,1.0,0.12935176
1962.0,0.0,0.0,-0.25837788
1964.0,0.0,0.0,-0.2976801
1966.0,1.0,1.0,0.12874845
1968.0,1.0,1.0,0.45013556
1970.0,1.0,1.0,0.49098566
1972.0,1.0,0.0,0.5513321
1974.0,1.0,1.0,0.46783686
1976.0,1.0,0.0,0.45076168
1978.0,0.0,0.0,-0.107718945
1980.0,0.0,0.0,-0.24524549
1982.0,0.0,0.0,-0.2685174
1984.0,0.0,0.0,-0.494347
1986.0,0.0,0.0,-0.45480868
1988.0,0.0,0.0,-0.25191975
1990.0,0.0,0.0,-0.029330999
1992.0,1.0,1.0,0.17619509
1994.0,1.0,1.0,0.21205091
1996.0,1.0,1.0,0.33619735
1954.0,0.0,0.0,-0.13827729
1956.0,0.0,0.0,-0.1578728
1958.0,0.0,0.0,-0.040920377
1960.0,0.0,0.0,-0.02636242
1962.0,1.0,1.0,0.39983317
1964.0,1.0,1.0,0.41791284
1966.0,1.0,1.0,0.14086106
1968.0,1.0,1.0,0.076836795
1970.0,1.0,1.0,0.2750061
1974.0,1.0,1.0,0.4402685
1976.0,1.0,0.0,0.44407678
1978.0,1.0,1.0,0.20218018
1980.0,1.0,1.0,0.46632025
1982.0,1.0,1.0,0.29674992
1984.0,1.0,1.0,0.32770628
1986.0,1.0,1.0,0.43867955
1988.0,1.0,0.0,0.41572216
1990.0,1.0,1.0,0.32369995
1992.0,1.0,1.0,0.32381743
1994.0,1.0,0.0,0.19808981
1996.0,0.0,0.0,-0.23665306
1946.0,0.0,0.0,-0.22260264
1950.0,0.0,0.0,-0.18509662
1952.0,0.0,0.0,-0.1946944
1954.0,0.0,0.0,-0.21646127
1956.0,0.0,0.0,-0.21530065
1958.0,0.0,0.0,-0.15618765
1960.0,0.0,0.0,-0.107892305
1962.0,1.0,1.0,0.4374287
1964.0,1.0,1.0,0.33529556
1966.0,1.0,1.0,0.42767486
1968.0,1.0,1.0,0.27097964
1970.0,1.0,1.0,0.35807067
1972.0,1.0,1.0,0.58251977
1974.0,0.0,0.0,-0.014105856
1976.0,1.0,1.0,0.06839374
1978.0,1.0,1.0,0.2274152
1980.0,1.0,1.0,0.4648822
1982.0,1.0,1.0,0.7073463
1984.0,1.0,1.0,0.4306304
1986.0,1.0,1.0,0.5918421
1988.0,1.0,1.0,0.5715747
1990.0,1.0,1.0,0.52127045
1992.0,1.0,0.0,0.300358
1994.0,1.0,1.0,0.2993307
1996.0,1.0,1.0,0.3548919
1952.0,1.0,1.0,0.105074435
1954.0,1.0,1.0,0.2018551
1956.0,1.0,1.0,0.29883966
1958.0,1.0,1.0,0.5062691
1960.0,1.0,1.0,0.354308
1962.0,1.0,1.0,0.34311593
1964.0,1.0,1.0,0.35344732
1966.0,1.0,0.0,0.2160503
1968.0,1.0,1.0,0.025589883
1970.0,1.0,1.0,0.26730242
1972.0,0.0,0.0,-0.18607885
1974.0,1.0,1.0,0.037848204
1976.0,1.0,0.0,0.31376764
1978.0,0.0,0.0,-0.08989751
1980.0,0.0,0.0,-0.41204444
1982.0,0.0,0.0,-0.080109
1984.0,0.0,0.0,-0.4497383
1986.0,0.0,0.0,-0.2041446
1988.0,0.0,0.0,-0.42933735
1990.0,1.0,1.0,0.09086946
1992.0,1.0,0.0,0.48305103
1994.0,1.0,1.0,0.076809436
1996.0,1.0,1.0,0.21100003
1946.0,0.0,1.0,-0.05600366
1948.0,1.0,1.0,0.06274679
1950.0,1.0,1.0,0.009709835
1952.0,0.0,0.0,-0.11038399
1954.0,0.0,0.0,-0.10035434
1956.0,0.0,0.0,-0.18502
1958.0,0.0,0.0,-0.2007831
1960.0,0.0,0.0,-0.399362
1962.0,1.0,1.0,0.17754188
1964.0,1.0,0.0,0.3342793
1966.0,0.0,0.0,-0.1176168
1968.0,0.0,0.0,-0.31732246
1970.0,0.0,0.0,-0.27648592
1972.0,0.0,0.0,-0.3272885
1974.0,0.0,0.0,-0.05387783
1976.0,0.0,0.0,-0.2840389
1978.0,0.0,0.0,-0.18513036
1980.0,0.0,0.0,-0.42054877
1982.0,1.0,1.0,0.21226597
1984.0,1.0,1.0,0.3456082
1986.0,1.0,1.0,0.42541102
1988.0,1.0,1.0,0.39878383
1992.0,1.0,1.0,0.6932689
1994.0,1.0,1.0,0.3384297
1996.0,1.0,1.0,0.33899003
1948.0,1.0,1.0,0.42288044
1954.0,1.0,1.0,0.49609277
1956.0,1.0,1.0,0.4761355
1958.0,1.0,1.0,0.66870034
1960.0,1.0,1.0,0.56454265
1962.0,1.0,1.0,0.23121843
1964.0,1.0,1.0,0.30856955
1966.0,1.0,1.0,0.24516809
1968.0,1.0,1.0,0.28804806
1970.0,1.0,1.0,0.4078549
1972.0,1.0,0.0,0.39372027
1974.0,0.0,0.0,-0.12543583
1976.0,0.0,0.0,-0.28757071
1978.0,0.0,0.0,-0.4746406
1980.0,0.0,0.0,-0.6004704
1982.0,0.0,0.0,-0.25207603
1984.0,0.0,0.0,-0.36423343
1986.0,0.0,0.0,-0.45127186
1988.0,0.0,0.0,-0.017291397
1990.0,0.0,0.0,-0.10163641
1992.0,1.0,0.0,0.004774004
1994.0,0.0,0.0,-0.17138958
1996.0,0.0,0.0,-0.38254863
1946.0,0.0,0.0,-0.18699276
1954.0,0.0,0.0,-0.423534
1956.0,0.0,0.0,-0.4159625
1958.0,0.0,0.0,-0.3190383
1960.0,0.0,0.0,-0.40180716
1962.0,0.0,0.0,-0.41279712
1964.0,0.0,0.0,-0.35764202
1966.0,0.0,0.0,-0.46784642
1968.0,0.0,0.0,-0.40313244
1970.0,0.0,0.0,-0.39392534
1972.0,0.0,0.0,-0.14762771
1974.0,0.0,0.0,-0.22449231
1976.0,0.0,0.0,-0.34490296
1978.0,0.0,0.0,-0.3276154
1980.0,0.0,0.0,-0.6184335
1982.0,0.0,0.0,-0.36195406
1984.0,0.0,0.0,-0.41779768
1986.0,0.0,0.0,-0.45226124
1988.0,0.0,0.0,-0.4399099
1990.0,0.0,0.0,-0.25333336
1992.0,1.0,1.0,0.29706335
1994.0,1.0,1.0,0.13393262
1996.0,1.0,1.0,0.17376086
1946.0,1.0,1.0,0.054287523
1948.0,1.0,1.0,0.1256294
1950.0,1.0,1.0,0.14861381
1952.0,0.0,0.0,-0.072178364
1954.0,0.0,0.0,-0.17436633
1956.0,0.0,0.0,-0.25267157
1958.0,0.0,0.0,-0.037073255
1960.0,0.0,0.0,-0.1686989
1962.0,1.0,1.0,0.6920402
1964.0,1.0,1.0,0.8065728
1966.0,1.0,1.0,0.6961719
1968.0,1.0,1.0,0.83137655
1970.0,1.0,1.0,0.8905581
1972.0,1.0,1.0,0.65853834
1974.0,1.0,1.0,0.4702405
1976.0,1.0,1.0,0.37713656
1978.0,1.0,0.0,0.23643044
1980.0,0.0,0.0,-0.004890412
1982.0,0.0,0.0,-0.47758174
1984.0,0.0,0.0,-0.46430773
1986.0,0.0,0.0,-0.40184683
1988.0,0.0,0.0,-0.40230554
1990.0,0.0,0.0,-0.24384168
1992.0,0.0,0.0,-0.30487803
1994.0,0.0,0.0,-0.40490982
1996.0,0.0,0.0,-0.3935193
1946.0,0.0,0.0,-0.24109581
1952.0,0.0,0.0,-0.20989096
1954.0,0.0,0.0,-0.16324529
1956.0,0.0,0.0,-0.19678292
1958.0,0.0,0.0,-0.10726404
1960.0,1.0,1.0,0.022403032
1962.0,1.0,1.0,0.07270929
1964.0,1.0,1.0,0.010779828
1966.0,1.0,1.0,0.06914571
1968.0,1.0,1.0,0.15492573
1970.0,1.0,1.0,0.19920468
1972.0,1.0,1.0,0.3835697
1974.0,0.0,0.0,-0.11583248
1976.0,0.0,0.0,-0.25217116
1978.0,0.0,0.0,-0.29270387
1980.0,0.0,0.0,-0.32015875
1982.0,0.0,0.0,-0.50100386
1986.0,0.0,0.0,-0.5076997
1988.0,0.0,0.0,-0.43555412
1990.0,0.0,0.0,-0.25979254
1992.0,0.0,0.0,-0.17578116
1994.0,0.0,1.0,-0.0074781775
1996.0,1.0,0.0,0.04223013
1946.0,0.0,0.0,-0.12580588
1948.0,1.0,1.0,0.12591666
1950.0,1.0,0.0,0.020261765
1954.0,1.0,1.0,0.43630648
1960.0,1.0,1.0,0.4844246
1962.0,1.0,0.0,0.28346062
1964.0,0.0,0.0,-0.10889602
1966.0,0.0,0.0,-0.3479608
1968.0,0.0,0.0,-0.30133703
1970.0,0.0,0.0,-0.26679385
1972.0,0.0,0.0,-0.22856516
1974.0,1.0,0.0,0.42860818
1976.0,1.0,1.0,0.20356777
1978.0,1.0,1.0,0.31287083
1980.0,1.0,1.0,0.3173659
1982.0,1.0,1.0,0.19109154
1984.0,1.0,1.0,0.24708286
1986.0,1.0,1.0,0.33948925
1988.0,1.0,1.0,0.30347946
1990.0,1.0,1.0,0.27543342
1992.0,0.0,0.0,-0.12817872
1994.0,0.0,0.0,-0.38704547
1996.0,0.0,0.0,-0.24482852
1954.0,0.0,0.0,-0.13770291
1956.0,0.0,0.0,-0.23877123
1958.0,0.0,0.0,-0.12712002
1960.0,0.0,0.0,-0.19465646
1962.0,0.0,0.0,-0.4068221
1964.0,0.0,0.0,-0.35876858
1966.0,0.0,0.0,-0.5253339
1968.0,0.0,0.0,-0.45672047
1970.0,0.0,0.0,-0.32661855
1972.0,0.0,0.0,-0.4028133
1974.0,1.0,1.0,0.31006715
1976.0,1.0,1.0,0.35561478
1978.0,1.0,1.0,0.3007417
1980.0,1.0,1.0,0.36682773
1982.0,1.0,1.0,0.34087852
1984.0,1.0,1.0,0.30161384
1986.0,1.0,1.0,0.80427
1988.0,1.0,1.0,0.48495847
1990.0,1.0,1.0,0.4327798
1992.0,1.0,1.0,0.16416931
1994.0,1.0,0.0,0.018304259
1996.0,1.0,1.0,0.058478534
1952.0,0.0,0.0,-0.28652835
1954.0,0.0,0.0,-0.30367887
1956.0,0.0,0.0,-0.27688733
1958.0,1.0,0.0,0.0022381544
1960.0,0.0,0.0,-0.071166635
1962.0,1.0,1.0,0.07229307
1964.0,1.0,0.0,0.10892928
1966.0,0.0,0.0,-0.05100414
1968.0,0.0,0.0,-0.37342322
1970.0,0.0,0.0,-0.28212088
1972.0,0.0,0.0,-0.3301816
1976.0,1.0,1.0,0.49896434
1978.0,1.0,1.0,0.3477367
1980.0,1.0,1.0,0.37603715
1982.0,1.0,1.0,0.7099776
1984.0,1.0,1.0,0.47580576
1986.0,1.0,1.0,0.5476563
1988.0,1.0,1.0,0.7672714
1990.0,1.0,0.0,0.45256633
1992.0,0.0,0.0,-0.18918684
1994.0,0.0,0.0,-0.3345435
1996.0,0.0,0.0,-0.2922432
1954.0,1.0,1.0,0.20195603
1956.0,1.0,1.0,0.37671396
1958.0,1.0,1.0,0.44460496
1960.0,1.0,1.0,0.4675336
1962.0,1.0,1.0,0.36595523
1964.0,1.0,0.0,0.40787852
1966.0,1.0,1.0,0.2464732
1968.0,1.0,1.0,0.3408531
1970.0,1.0,1.0,0.45467156
1972.0,1.0,1.0,0.40777797
1974.0,0.0,0.0,-0.17839336
1976.0,0.0,0.0,-0.31171963
1980.0,0.0,0.0,-0.46571112
1982.0,1.0,1.0,0.19155729
1984.0,1.0,1.0,0.25587285
1986.0,1.0,1.0,0.30134726
1988.0,1.0,1.0,0.40683186
1990.0,1.0,1.0,0.26245195
1992.0,1.0,1.0,0.30894566
1994.0,1.0,1.0,0.30318365
1996.0,1.0,1.0,0.37256008
1952.0,1.0,1.0,0.10058811
1954.0,1.0,1.0,0.29504967
1958.0,1.0,1.0,0.44535318
1960.0,1.0,1.0,0.3357713
1962.0,1.0,0.0,0.04233682
1964.0,0.0,0.0,-0.034555286
1966.0,0.0,0.0,-0.30697754
1968.0,0.0,0.0,-0.44324216
1970.0,0.0,0.0,-0.3622048
1972.0,0.0,0.0,-0.14866751
1974.0,0.0,0.0,-0.3139815
1976.0,0.0,0.0,-0.0936735
1978.0,0.0,0.0,-0.020037413
1980.0,0.0,0.0,-0.045263708
1982.0,1.0,1.0,0.22428206
1984.0,1.0,1.0,0.13176459
1986.0,1.0,1.0,0.294213
1988.0,1.0,1.0,0.37900016
1990.0,1.0,0.0,0.2095927
1992.0,0.0,0.0,-0.10221797
1994.0,0.0,0.0,-0.10837421
1996.0,0.0,0.0,-0.07000473
1952.0,0.0,0.0,-0.26034012
1954.0,0.0,0.0,-0.3246115
1956.0,0.0,0.0,-0.29037377
1958.0,0.0,0.0,-0.16394886
1960.0,0.0,0.0,-0.21800268
1962.0,0.0,0.0,-0.27975294
1964.0,0.0,0.0,-0.31156468
1966.0,0.0,0.0,-0.4459374
1968.0,0.0,0.0,-0.4451153
1970.0,0.0,0.0,-0.43353203
1972.0,0.0,0.0,-0.23172921
1972.0,0.0,0.0,-0.60684234
1974.0,1.0,1.0,0.6029906
1976.0,1.0,0.0,0.60391843
1980.0,1.0,1.0,0.62304085
1982.0,1.0,1.0,0.602324
1984.0,1.0,1.0,0.5321468
1986.0,1.0,1.0,0.550375
1988.0,1.0,1.0,0.5622675
1990.0,1.0,1.0,0.50457114
1992.0,0.0,0.0,-0.21887273
1994.0,0.0,0.0,-0.3662081
1996.0,0.0,0.0,-0.23732242
1954.0,0.0,0.0,-0.15900055
1956.0,1.0,1.0,0.030924559
1958.0,1.0,1.0,0.24772525
1960.0,1.0,0.0,0.14101815
1962.0,1.0,1.0,0.11305663
1964.0,1.0,1.0,0.17119786
1966.0,1.0,1.0,0.022456646
1968.0,1.0,0.0,0.045378357
1970.0,1.0,1.0,0.25180817
1972.0,1.0,1.0,0.29234177
1976.0,1.0,1.0,0.7418376
1978.0,1.0,1.0,0.6999192
1980.0,1.0,1.0,0.75068545
1982.0,1.0,1.0,0.5959078
1984.0,1.0,1.0,0.73269725
1986.0,1.0,1.0,0.7001028
1988.0,1.0,0.0,0.6917397
1990.0,1.0,1.0,0.60762
1992.0,1.0,1.0,0.35631487
1994.0,1.0,1.0,0.39717194
1996.0,1.0,1.0,0.43023127
1952.0,0.0,0.0,-0.19161475
1954.0,0.0,0.0,-0.20833623
1956.0,0.0,0.0,-0.33498237
1958.0,0.0,0.0,-0.106681585
1960.0,0.0,0.0,-0.18611455
1962.0,1.0,1.0,0.13024107
1964.0,1.0,1.0,0.32601786
1966.0,1.0,1.0,0.32818666
1968.0,1.0,1.0,0.34792164
1970.0,1.0,1.0,0.38308302
1972.0,1.0,1.0,0.39773655
1974.0,1.0,1.0,0.4844506
1976.0,1.0,1.0,0.48767865
1978.0,1.0,1.0,0.42834654
1980.0,1.0,0.0,0.4865236
1982.0,1.0,1.0,0.07718292
1984.0,1.0,1.0,0.084273696
1986.0,1.0,1.0,0.27019003
1988.0,1.0,1.0,0.23556909
1990.0,1.0,1.0,0.21185148
1992.0,1.0,1.0,0.3443257
1994.0,1.0,1.0,0.37940532
1996.0,1.0,1.0,0.53610873
1962.0,1.0,1.0,0.044125766
1964.0,1.0,1.0,0.2800529
1966.0,1.0,1.0,0.26720014
1968.0,1.0,1.0,0.19769037
1970.0,1.0,1.0,0.4635199
1972.0,1.0,1.0,0.098597735
1974.0,1.0,1.0,0.4360656
1978.0,1.0,0.0,0.3551371
1980.0,1.0,1.0,0.28824675
1982.0,1.0,1.0,0.44818428
1984.0,1.0,1.0,0.41424248
1986.0,1.0,1.0,0.42626593
1988.0,1.0,1.0,0.46020973
1990.0,1.0,0.0,0.3429221
1992.0,1.0,1.0,0.2513897
1994.0,1.0,1.0,0.1827021
1996.0,1.0,1.0,0.39516994
1962.0,0.0,0.0,-0.41504714
1964.0,0.0,0.0,-0.37863886
1966.0,0.0,0.0,-0.60205126
1968.0,0.0,0.0,-0.4979201
1970.0,0.0,0.0,-0.44989058
1972.0,0.0,0.0,-0.33952743
1974.0,1.0,1.0,0.7848543
1976.0,1.0,1.0,0.4444863
1978.0,1.0,1.0,0.4899381
1980.0,1.0,1.0,0.35127738
1982.0,1.0,1.0,0.18356287
1984.0,1.0,1.0,0.24032879
1986.0,1.0,1.0,0.39033958
1988.0,1.0,1.0,0.3732499
1990.0,1.0,0.0,0.23049748
1992.0,1.0,1.0,0.8000694
1994.0,1.0,1.0,0.6003436
1996.0,1.0,1.0,0.6996375
1962.0,1.0,0.0,0.1805886
1964.0,1.0,0.0,0.03465548
1966.0,0.0,0.0,-0.06961855
1968.0,0.0,0.0,-0.34271455
1970.0,0.0,0.0,-0.44343114
1972.0,0.0,0.0,-0.5003594
1974.0,0.0,0.0,-0.10302311
1976.0,0.0,0.0,-0.101561755
1978.0,0.0,0.0,-0.11960754
1980.0,0.0,0.0,-0.41708526
1982.0,0.0,0.0,-0.32984045
1984.0,0.0,0.0,-0.4468241
1986.0,0.0,0.0,-0.44891235
1988.0,0.0,0.0,-0.42901227
1990.0,0.0,0.0,-0.3226688
1992.0,1.0,1.0,0.32655233
1994.0,1.0,1.0,0.6292763
1996.0,1.0,1.0,0.68013763
1962.0,1.0,1.0,0.118839234
1964.0,1.0,1.0,0.16504228
1966.0,1.0,1.0,0.115813494
1968.0,1.0,1.0,0.017299563
1970.0,1.0,1.0,0.10444409
1972.0,1.0,0.0,0.38189742
1974.0,1.0,1.0,0.035122067
1976.0,1.0,0.0,0.014262706
1978.0,0.0,0.0,-0.10052678
1980.0,0.0,0.0,-0.4770437
1982.0,1.0,1.0,0.14487776
1984.0,1.0,1.0,0.196479
1986.0,1.0,1.0,0.2066544
1988.0,1.0,1.0,0.2822607
1990.0,1.0,1.0,0.21405041
1992.0,1.0,1.0,0.2727212
1994.0,1.0,1.0,0.27566677
1996.0,1.0,0.0,0.41807285
1962.0,0.0,0.0,-0.37073365
1964.0,0.0,0.0,-0.300272
1966.0,0.0,0.0,-0.46138635
1968.0,0.0,0.0,-0.47416183
1970.0,0.0,0.0,-0.3677789
1972.0,1.0,1.0,0.49584162
1974.0,1.0,1.0,0.005972147
1976.0,1.0,1.0,0.06519237
1978.0,1.0,0.0,0.08026609
1980.0,0.0,0.0,-0.064077616
1982.0,0.0,0.0,-0.3659854
1986.0,0.0,0.0,-0.5370537
1988.0,0.0,0.0,-0.4276358
1990.0,0.0,0.0,-0.2765118
1992.0,1.0,1.0,0.6854368
1994.0,1.0,1.0,0.5625491
1996.0,1.0,1.0,0.7341457
1962.0,0.0,0.0,-0.23599279
1964.0,0.0,0.0,-0.18114138
1966.0,0.0,0.0,-0.45776987
1968.0,0.0,0.0,-0.43221804
1970.0,0.0,0.0,-0.47315946
1972.0,0.0,0.0,-0.09249359
1974.0,1.0,1.0,0.30362162
1976.0,1.0,1.0,0.28099164
1978.0,1.0,1.0,0.25832713
1980.0,1.0,0.0,0.0911791
1982.0,1.0,0.0,0.08647549
1984.0,1.0,1.0,0.13119957
1986.0,1.0,1.0,0.14225972
1988.0,1.0,1.0,0.11521122
1990.0,1.0,1.0,0.05421853
1992.0,1.0,1.0,0.061854422
1994.0,1.0,1.0,0.0041469336
1996.0,1.0,0.0,0.08560139
1962.0,1.0,1.0,0.027043581
1964.0,1.0,1.0,0.16497615
1966.0,1.0,0.0,0.22343883
1968.0,1.0,0.0,0.29313883
1970.0,1.0,1.0,0.47581905
1972.0,1.0,1.0,0.48482767
1974.0,0.0,0.0,-0.3028509
1976.0,0.0,0.0,-0.45005238
1978.0,0.0,0.0,-0.26567504
1980.0,0.0,0.0,-0.46475598
1982.0,0.0,0.0,-0.20551294
1984.0,0.0,0.0,-0.27154323
1986.0,0.0,0.0,-0.2736807
1988.0,0.0,0.0,-0.311965
1990.0,0.0,0.0,-0.04958591
1992.0,1.0,1.0,0.7145151
1994.0,1.0,0.0,0.5523782
1996.0,1.0,0.0,0.69995904
1962.0,0.0,0.0,-0.118763536
1964.0,1.0,1.0,0.056330413
1966.0,1.0,1.0,0.09021354
1968.0,1.0,0.0,0.27206242
1970.0,0.0,0.0,-0.010219514
1972.0,1.0,1.0,0.1252816
1974.0,1.0,1.0,0.12753338
1976.0,1.0,1.0,0.27230632
1978.0,1.0,1.0,0.17219207
1980.0,1.0,1.0,0.15488678
1982.0,1.0,0.0,0.08949441
1984.0,0.0,0.0,-0.08178285
1986.0,0.0,0.0,-0.12896773
1988.0,0.0,0.0,-0.23947367
1990.0,0.0,0.0,-0.16179717
1992.0,0.0,0.0,-0.052458346
1994.0,0.0,0.0,-0.21650562
1996.0,0.0,0.0,-0.09847593
1972.0,0.0,0.0,-0.31407943
1974.0,0.0,0.0,-0.14896622
1976.0,0.0,0.0,-0.17149791
1978.0,0.0,0.0,-0.27417624
1980.0,0.0,0.0,-0.5254992
1982.0,0.0,0.0,-0.46193385
1984.0,0.0,0.0,-0.5241052
1986.0,0.0,0.0,-0.5048661
1988.0,0.0,0.0,-0.5109806
1990.0,0.0,0.0,-0.3454037
1992.0,0.0,0.0,-0.19067407
1994.0,0.0,0.0,-0.37341458
1996.0,0.0,0.0,-0.3087472
1972.0,0.0,0.0,-0.37507755
1974.0,0.0,0.0,-0.32426536
1976.0,0.0,0.0,-0.18504333
1978.0,0.0,0.0,-0.31896183
1980.0,0.0,0.0,-0.48356873
1982.0,0.0,0.0,-0.45477182
1984.0,0.0,0.0,-0.30398783
1986.0,0.0,0.0,-0.22025457
1988.0,0.0,0.0,-0.37165654
1990.0,0.0,0.0,-0.35274208
1992.0,0.0,0.0,-0.3199583
1994.0,0.0,0.0,-0.41363576
1996.0,0.0,0.0,-0.35937634
1972.0,1.0,1.0,0.48097506
1974.0,0.0,0.0,-0.1143623
1976.0,0.0,0.0,-0.1530796
1978.0,0.0,0.0,-0.16274801
1980.0,0.0,0.0,-0.09441772
1982.0,0.0,0.0,-0.40033716
1984.0,0.0,0.0,-0.2977908
1986.0,0.0,0.0,-0.37449282
1988.0,0.0,0.0,-0.34710127
1990.0,0.0,0.0,-0.056520313
1992.0,0.0,0.0,-0.25181347
1994.0,0.0,0.0,-0.24259326
1996.0,0.0,0.0,-0.25506642
1972.0,0.0,0.0,-0.38377392
1974.0,1.0,0.0,0.39741027
1976.0,1.0,0.0,0.5197859
1978.0,1.0,0.0,0.47474554
1980.0,0.0,0.0,-0.06533289
1982.0,0.0,0.0,-0.40644968
1984.0,0.0,0.0,-0.48336956
1986.0,0.0,0.0,-0.48143595
1988.0,0.0,0.0,-0.31221893
1990.0,0.0,0.0,-0.22879651
1992.0,1.0,1.0,0.066869885
1994.0,1.0,1.0,0.022831678
1996.0,1.0,1.0,0.0096384585
1972.0,0.0,0.0,-0.25440896
1974.0,0.0,0.0,-0.20767507
1976.0,0.0,0.0,-0.29994643
1978.0,0.0,0.0,-0.3731321
1980.0,0.0,0.0,-0.73143995
1982.0,0.0,0.0,-0.046747744
1984.0,0.0,0.0,-0.512923
1986.0,0.0,0.0,-0.49131203
1988.0,0.0,0.0,-0.4600554
1992.0,0.0,0.0,-0.0027527213
1994.0,0.0,0.0,-0.16391927
1996.0,0.0,0.0,-0.16789573
1982.0,1.0,1.0,0.3312808
1984.0,1.0,1.0,0.41667074
1986.0,1.0,1.0,0.31133243
1988.0,1.0,0.0,0.23200232
1990.0,0.0,0.0,-0.015315831
1992.0,0.0,0.0,-0.14070877
1994.0,0.0,0.0,-0.1755251
1996.0,0.0,0.0,-0.19214383
1982.0,0.0,0.0,-0.3937109
1984.0,0.0,0.0,-0.522856
1986.0,0.0,0.0,-0.55665106
1988.0,0.0,0.0,-0.4999444
1992.0,0.0,0.0,-0.1551565
1994.0,0.0,0.0,-0.38194153
1996.0,0.0,0.0,-0.2774107
1992.0,0.0,0.0,-0.09226936
1994.0,0.0,0.0,-0.19856364
1996.0,1.0,1.0,0.009573489
1992.0,0.0,0.0,-0.34646472
1994.0,0.0,0.0,-0.46699256
1996.0,0.0,0.0,-0.3680249
1992.0,0.0,0.0,-0.31896573
1994.0,0.0,0.0,-0.5113936
1996.0,0.0,0.0,-0.38960937
1992.0,1.0,0.0,0.084815204
1994.0,0.0,0.0,-0.025177866
1996.0,0.0,0.0,-0.10712007
1992.0,1.0,1.0,0.2765171
1994.0,1.0,1.0,0.21310472
1996.0,1.0,1.0,0.294482
1992.0,0.0,0.0,-0.22429264
1994.0,0.0,0.0,-0.39216286
1996.0,0.0,0.0,-0.36145556
1992.0,0.0,0.0,-0.116562694
1994.0,0.0,0.0,-0.3291248
1996.0,0.0,0.0,-0.35689571
1946.0,0.0,0.0,-0.43977916
1948.0,0.0,0.0,-0.30474582
1950.0,0.0,0.0,-0.3297181
1952.0,0.0,0.0,-0.35922754
1954.0,0.0,0.0,-0.26017103
1956.0,0.0,0.0,-0.0939993
1958.0,0.0,0.0,-0.098157436
1960.0,0.0,0.0,-0.30145845
1962.0,0.0,0.0,-0.23650107
1964.0,0.0,0.0,-0.061279535
1966.0,0.0,0.0,-0.4867097
1968.0,0.0,0.0,-0.61212265
1970.0,0.0,0.0,-0.43594572
1972.0,0.0,0.0,-0.3713975
1974.0,1.0,1.0,0.1211921
1976.0,1.0,1.0,0.1731317
1978.0,1.0,0.0,0.25784436
1980.0,1.0,0.0,0.31900263
1980.0,0.0,0.0,-0.31900263
1982.0,1.0,0.0,0.076775074
1984.0,1.0,1.0,0.061947495
1986.0,1.0,1.0,0.23407665
1988.0,1.0,1.0,0.39177153
1990.0,1.0,0.0,0.3269971
1992.0,1.0,1.0,0.040595055
1994.0,1.0,1.0,0.001185745
1996.0,1.0,0.0,0.06629279
1946.0,0.0,0.0,-0.34787202
1948.0,0.0,0.0,-0.16314837
1950.0,0.0,0.0,-0.10828301
1952.0,0.0,0.0,-0.16995037
1954.0,0.0,1.0,-0.051150173
1956.0,1.0,1.0,0.013087392
1958.0,1.0,1.0,0.22128224
1960.0,1.0,1.0,0.19175711
1962.0,1.0,1.0,0.2800912
1964.0,1.0,1.0,0.36117688
1966.0,1.0,1.0,0.2652429
1968.0,1.0,1.0,0.27840638
1970.0,1.0,1.0,0.42612123
1974.0,1.0,1.0,0.5627481
1976.0,1.0,1.0,0.4398116
1978.0,1.0,0.0,0.3849467
1980.0,0.0,0.0,-0.012916207
1982.0,0.0,0.0,-0.11131093
1984.0,0.0,0.0,-0.13959134
1986.0,0.0,0.0,-0.20373097
1988.0,0.0,0.0,-0.25324643
1990.0,0.0,0.0,-0.36074713
1992.0,0.0,0.0,-0.34327987
1994.0,0.0,0.0,-0.18550014
1996.0,0.0,0.0,-0.2515329
1946.0,0.0,0.0,-0.134287
1948.0,0.0,0.0,-0.18444079
1950.0,0.0,0.0,-0.07098204
1952.0,0.0,0.0,-0.07912624
1954.0,1.0,1.0,0.048441082
1956.0,1.0,1.0,0.23163602
1958.0,1.0,1.0,0.31559336
1960.0,1.0,1.0,0.27762452
1962.0,1.0,1.0,0.31966922
1964.0,1.0,1.0,0.31376743
1966.0,1.0,1.0,0.3391365
1968.0,1.0,1.0,0.39706787
1970.0,1.0,1.0,0.47441575
1972.0,1.0,0.0,0.24974868
1974.0,1.0,0.0,0.41015434
1976.0,1.0,0.0,0.6803924
1978.0,1.0,0.0,0.6970086
1980.0,1.0,1.0,0.43914485
1982.0,1.0,1.0,0.5661417
1984.0,1.0,1.0,0.44632912
1986.0,1.0,1.0,0.71993625
1990.0,1.0,1.0,0.61689377
1992.0,1.0,1.0,0.5851207
1994.0,1.0,0.0,0.53207606
1996.0,1.0,1.0,0.40691978
1946.0,0.0,0.0,-0.38315105
1950.0,0.0,0.0,-0.18969738
1952.0,0.0,0.0,-0.3262143
1954.0,0.0,1.0,-0.11797261
1956.0,1.0,1.0,0.025508612
1958.0,1.0,0.0,0.1265012
1960.0,0.0,0.0,-0.021679133
1962.0,1.0,1.0,0.07848886
1964.0,1.0,0.0,0.2961451
1966.0,0.0,0.0,-0.2540407
1968.0,0.0,0.0,-0.17868257
1970.0,0.0,0.0,-0.16698554
1972.0,0.0,0.0,-0.2513789
1974.0,1.0,1.0,0.057605833
1976.0,1.0,1.0,0.14921436
1978.0,1.0,1.0,0.12535974
1980.0,1.0,1.0,0.09628251
1982.0,1.0,1.0,0.1810416
1984.0,1.0,0.0,0.163445
1986.0,1.0,1.0,0.0813435
1988.0,1.0,1.0,0.43969262
1990.0,1.0,1.0,0.7201867
1992.0,1.0,1.0,0.4286523
1994.0,1.0,1.0,0.33637905
1996.0,1.0,1.0,0.37901253
1982.0,0.0,0.0,-0.024421006
1984.0,0.0,0.0,-0.08985016
1986.0,0.0,0.0,-0.20949492
1988.0,0.0,1.0,-0.003180772
1990.0,1.0,1.0,0.10147619
1992.0,1.0,0.0,0.2806587
1994.0,0.0,0.0,-0.030224442
1996.0,1.0,1.0,0.051835656
1946.0,0.0,0.0,-0.27689862
1948.0,1.0,1.0,0.03968677
1950.0,1.0,0.0,0.034390926
1952.0,0.0,0.0,-0.030792624
1954.0,0.0,0.0,-0.0526354
1956.0,0.0,0.0,-0.16248322
1958.0,0.0,0.0,-0.40254566
1960.0,0.0,0.0,-0.40348843
1962.0,0.0,0.0,-0.47471306
1964.0,0.0,0.0,-0.19811717
1966.0,0.0,0.0,-0.60532594
1968.0,0.0,0.0,-0.23690322
1970.0,0.0,0.0,-0.32413128
1972.0,0.0,0.0,-0.012255698
1974.0,0.0,0.0,-0.4085091
1976.0,0.0,0.0,-0.4602224
1978.0,0.0,0.0,-0.30242074
1980.0,0.0,0.0,-0.60140806
1982.0,0.0,0.0,-0.35175574
1984.0,0.0,0.0,-0.12522486
1986.0,0.0,0.0,-0.027650476
1988.0,0.0,0.0,-0.10774031
1990.0,0.0,0.0,-0.04093659
1992.0,1.0,0.0,0.12882546
1994.0,0.0,0.0,-0.033103198
1996.0,0.0,0.0,-0.07481399
1946.0,1.0,1.0,0.061328202
1948.0,1.0,1.0,0.26039416
1950.0,1.0,0.0,0.23004943
1952.0,0.0,0.0,-0.08661625
1954.0,0.0,0.0,-0.042933583
1956.0,0.0,0.0,-0.12042081
1958.0,0.0,0.0,-0.07520145
1960.0,0.0,0.0,-0.20312974
1962.0,0.0,0.0,-0.1965951
1964.0,1.0,1.0,0.09741545
1966.0,1.0,1.0,0.24665809
1968.0,1.0,1.0,0.12462568
1970.0,1.0,1.0,0.4548762
1972.0,1.0,1.0,0.20895827
1974.0,1.0,1.0,0.20805013
1976.0,1.0,0.0,0.0024878383
1978.0,1.0,1.0,0.02785036
1980.0,1.0,0.0,0.32440594
1982.0,1.0,0.0,0.19270611
1984.0,1.0,1.0,0.20047277
1986.0,1.0,1.0,0.44392976
1990.0,1.0,1.0,0.0934715
1992.0,1.0,0.0,0.100976884
1994.0,0.0,0.0,-0.09329045
1996.0,0.0,0.0,-0.007499695
1946.0,0.0,0.0,-0.07759833
1948.0,0.0,0.0,-0.041320533
1950.0,0.0,0.0,-0.06185633
1952.0,0.0,0.0,-0.06700891
1954.0,0.0,0.0,-0.29765177
1956.0,0.0,0.0,-0.13024804
1958.0,0.0,0.0,-0.22022623
1960.0,1.0,1.0,0.068546414
1962.0,1.0,1.0,0.3067547
1964.0,1.0,1.0,0.40320972
1966.0,1.0,1.0,0.31498075
1968.0,1.0,1.0,0.13523936
1970.0,1.0,1.0,0.1829147
1972.0,1.0,0.0,0.3254446
1974.0,1.0,1.0,0.22821027
1976.0,1.0,1.0,0.42756206
1978.0,1.0,1.0,0.17280638
1980.0,1.0,1.0,0.2533745
1982.0,1.0,1.0,0.23224404
1984.0,1.0,1.0,0.42150995
1986.0,1.0,0.0,0.4710029
1988.0,1.0,1.0,0.002874136
1990.0,1.0,1.0,0.07518241
1992.0,1.0,0.0,0.11945212
1994.0,0.0,0.0,-0.0745559
1996.0,0.0,1.0,-0.0036152601
1946.0,0.0,0.0,-0.3521763
1948.0,0.0,0.0,-0.0632205
1950.0,0.0,0.0,-0.2859441
1952.0,0.0,0.0,-0.35096157
1954.0,0.0,0.0,-0.22038114
1956.0,0.0,0.0,-0.008208156
1958.0,0.0,0.0,-0.08303726
1960.0,0.0,0.0,-0.1763457
1962.0,0.0,0.0,-0.340899
1964.0,0.0,0.0,-0.3051343
1966.0,0.0,0.0,-0.3178194
1968.0,0.0,0.0,-0.3361795
1970.0,1.0,1.0,0.051551014
1972.0,1.0,1.0,0.04151973
1974.0,1.0,1.0,0.17822719
1976.0,1.0,1.0,0.1680373
1978.0,1.0,0.0,0.22296432
1980.0,0.0,0.0,-0.14725837
1982.0,0.0,0.0,-0.41176838
1984.0,0.0,0.0,-0.5224023
1986.0,0.0,0.0,-0.4412801
1988.0,0.0,0.0,-0.49058333
1990.0,0.0,0.0,-0.41319486
1992.0,1.0,0.0,0.016833335
1994.0,0.0,0.0,-0.066829085
1996.0,0.0,0.0,-0.059200883
1946.0,0.0,0.0,-0.24797502
1948.0,0.0,0.0,-0.09197423
1950.0,0.0,0.0,-0.09547436
1952.0,0.0,0.0,-0.120190024
1954.0,0.0,0.0,-0.17142615
1956.0,0.0,0.0,-0.07531607
1958.0,0.0,0.0,-0.06851792
1960.0,0.0,0.0,-0.18767643
1962.0,0.0,0.0,-0.28867257
1964.0,1.0,1.0,0.068966836
1966.0,1.0,1.0,0.13088313
1968.0,1.0,1.0,0.13574317
1970.0,1.0,1.0,0.3406149
1972.0,1.0,1.0,0.6250634
1974.0,1.0,1.0,0.28690982
1976.0,1.0,1.0,0.17417175
1978.0,1.0,0.0,0.052471578
1980.0,1.0,0.0,0.038089722
1982.0,1.0,1.0,0.28605056
1984.0,1.0,1.0,0.39361405
1986.0,1.0,1.0,0.49446014
1988.0,1.0,1.0,0.5277755
1990.0,1.0,1.0,0.3762133
1992.0,1.0,0.0,0.10357618
1994.0,0.0,0.0,-0.018428653
1996.0,0.0,0.0,-0.11171365
1946.0,0.0,0.0,-0.07867178
1948.0,0.0,0.0,-0.14208713
1950.0,0.0,0.0,-0.21505088
1952.0,0.0,0.0,-0.19546202
1954.0,0.0,0.0,-0.10485223
1956.0,0.0,0.0,-0.08072361
1958.0,0.0,0.0,-0.07590467
1960.0,0.0,0.0,-0.1289055
1962.0,0.0,0.0,-0.42122456
1964.0,1.0,1.0,0.04178092
1966.0,1.0,1.0,0.20727694
1968.0,1.0,1.0,0.12684089
1970.0,1.0,1.0,0.3957579
1972.0,1.0,1.0,0.4418217
1974.0,1.0,0.0,0.4365518
1976.0,1.0,1.0,0.48161423
1978.0,1.0,1.0,0.2348552
1980.0,1.0,1.0,0.072737485
1982.0,1.0,1.0,0.293715
1984.0,1.0,1.0,0.33846876
1986.0,1.0,1.0,0.42422494
1988.0,1.0,1.0,0.35198927
1990.0,1.0,1.0,0.22731543
1992.0,1.0,1.0,0.3622282
1994.0,1.0,1.0,0.16680124
1996.0,1.0,1.0,0.35661906
1958.0,1.0,1.0,0.4184066
1960.0,1.0,0.0,0.00072705746
1962.0,0.0,0.0,-0.1317972
1964.0,1.0,1.0,0.11123368
1966.0,1.0,0.0,0.2673115
1968.0,1.0,0.0,0.31544277
1970.0,1.0,1.0,0.3479398
1972.0,1.0,1.0,0.73280835
1974.0,1.0,1.0,0.42133844
1976.0,1.0,0.0,0.47632176
1978.0,1.0,1.0,0.06638631
1980.0,1.0,0.0,0.14528129
1982.0,1.0,0.0,0.41867337
1984.0,1.0,1.0,0.4155161
1986.0,1.0,0.0,0.45274267
1988.0,1.0,1.0,0.5265753
1990.0,1.0,1.0,0.48258623
1992.0,1.0,1.0,0.5932559
1994.0,1.0,1.0,0.5027349
1996.0,1.0,1.0,0.6191267
1982.0,0.0,0.0,-0.1394273
1984.0,0.0,0.0,-0.24870148
1986.0,0.0,0.0,-0.30404127
1988.0,0.0,0.0,-0.4173263
1990.0,0.0,0.0,-0.124257356
1992.0,0.0,0.0,-0.26441002
1994.0,0.0,0.0,-0.5214386
1996.0,0.0,0.0,-0.30782166
1992.0,1.0,0.0,0.08919823
1994.0,0.0,0.0,-0.03581217
1996.0,1.0,1.0,0.028765798
1952.0,1.0,1.0,0.010220349
1954.0,1.0,1.0,0.15060106
1956.0,1.0,1.0,0.17080078
1986.0,0.0,0.0,-0.15411535
1988.0,0.0,0.0,-0.2530913
1990.0,0.0,0.0,-0.03842041
1958.0,1.0,1.0,0.14895979
1960.0,1.0,1.0,0.1359396
1962.0,1.0,1.0,0.09071362
1964.0,1.0,0.0,0.030355334
1966.0,0.0,0.0,-0.032970697
1968.0,0.0,0.0,-0.08451757
1970.0,1.0,1.0,0.10226762
1972.0,1.0,0.0,0.12474713
1974.0,0.0,0.0,-0.076740235
1976.0,0.0,0.0,-0.42002782
1978.0,0.0,0.0,-0.109971195
1980.0,0.0,0.0,-0.4815695
1982.0,0.0,0.0,-0.42301357
1984.0,0.0,0.0,-0.13354874
1992.0,0.0,0.0,-0.039659977
1994.0,0.0,0.0,-0.24215576
1996.0,0.0,0.0,-0.23008591
1970.0,1.0,1.0,0.4578366
1972.0,1.0,1.0,0.094010234
1974.0,1.0,0.0,0.18643308
1976.0,1.0,1.0,0.045820564
1978.0,1.0,1.0,0.5205871
1980.0,1.0,1.0,0.63676214
1982.0,1.0,1.0,0.7981682
1984.0,1.0,0.0,0.678904
1986.0,0.0,0.0,-0.21748039
1988.0,0.0,0.0,-0.115546286
1990.0,1.0,1.0,0.21288836
1992.0,1.0,1.0,0.4944725
1994.0,1.0,1.0,0.10260546
1996.0,1.0,1.0,0.03878492
1972.0,1.0,1.0,0.14162362
1974.0,1.0,0.0,0.2523017
1976.0,1.0,1.0,0.641894
1978.0,1.0,1.0,0.7435288
1980.0,1.0,1.0,0.7979032
1982.0,1.0,1.0,0.83098215
1984.0,1.0,1.0,0.6755618
1986.0,1.0,1.0,0.54332536
1988.0,1.0,0.0,0.7788069
1990.0,1.0,1.0,0.35632998
1992.0,1.0,1.0,0.50500953
1994.0,1.0,1.0,0.45964956
1996.0,1.0,1.0,0.29535875
1960.0,1.0,0.0,0.4873822
1992.0,1.0,1.0,0.46070415
1994.0,1.0,0.0,0.42911464
1992.0,1.0,1.0,0.10607195
1992.0,1.0,0.0,0.22485542
1994.0,1.0,0.0,0.01569888
1996.0,0.0,1.0,-0.19821346
